age,number_of_dependants,income_level,income_lakhs,insurance_plan,normalized_risk_score,lifestyle_risk_score,gender_Male,region_Northwest,region_Southeast,region_Southwest,marital_status_Unmarried,bmi_category_Obesity,bmi_category_Overweight,bmi_category_Underweight,smoking_status_Occasional,smoking_status_Regular,employment_status_Salaried,employment_status_Self-Employed,annual_premium_amount
0.0,0.0,1.0,0.09489051094890512,0.5,0.0,0.25,1,0,0,1,1,0,0,0,0,0,0,0,9222
0.6111111111111112,0.006578947368421052,0.0,0.008342022940563087,0.5,0.42857142857142855,0.125,0,0,0,0,0,1,0,0,0,0,1,0,23239
0.1111111111111111,0.006578947368421052,0.6666666666666667,0.03962460896767466,0.0,0.35714285714285715,0.5,0,1,0,0,0,1,0,0,0,0,0,1,13831
0.0,0.0021929824561403508,0.6666666666666667,0.04066736183524505,0.0,0.0,0.625,0,0,0,0,1,0,0,0,0,0,1,0,7079
0.25925925925925924,0.006578947368421052,0.3333333333333333,0.01251303441084463,0.5,0.0,0.125,0,0,0,1,0,0,1,0,1,0,0,1,18351
0.1111111111111111,0.0,1.0,0.7497393117831074,0.5,0.0,0.625,0,0,0,1,1,0,0,1,0,0,1,0,11150
0.3518518518518518,0.0,0.3333333333333333,0.023983315954118876,0.5,0.42857142857142855,0.125,1,0,0,0,1,0,0,0,1,0,1,0,18285
0.7777777777777779,0.008771929824561403,0.0,0.0,0.5,0.0,0.25,0,0,1,0,0,0,0,0,0,0,1,0,18375
0.20370370370370366,0.006578947368421052,0.0,0.0010427528675703858,0.0,1.0,1.0,0,0,0,1,0,0,1,0,0,1,1,0,24066
0.25925925925925924,0.0043859649122807015,0.6666666666666667,0.03649635036496351,1.0,0.42857142857142855,0.625,0,0,0,1,0,0,0,0,0,1,0,0,27969
0.6296296296296295,0.006578947368421052,0.3333333333333333,0.018769551616266946,1.0,0.42857142857142855,0.25,1,0,1,0,0,0,1,0,1,0,1,0,31479
0.7592592592592593,0.0043859649122807015,0.3333333333333333,0.018769551616266946,1.0,0.7857142857142857,0.25,0,0,0,0,0,0,0,0,0,0,1,0,29682
0.48148148148148145,0.010964912280701754,0.0,0.0010427528675703858,0.0,0.7857142857142857,0.625,0,0,0,1,0,0,0,0,0,0,1,0,13535
0.7592592592592593,0.0,0.6666666666666667,0.03753910323253389,1.0,0.42857142857142855,0.25,1,0,0,0,1,1,0,0,0,1,0,1,34720
0.07407407407407407,0.0,0.6666666666666667,0.03962460896767466,0.0,0.0,0.125,1,0,0,1,1,0,0,0,1,0,0,0,5509
0.6296296296296295,0.006578947368421052,1.0,0.07507820646506778,1.0,0.35714285714285715,0.25,1,0,1,0,0,0,1,0,1,0,0,1,32220
0.574074074074074,0.006578947368421052,0.3333333333333333,0.019812304483837334,1.0,0.42857142857142855,0.625,0,0,0,1,0,0,1,0,1,0,1,0,33063
0.48148148148148145,0.0,0.6666666666666667,0.04066736183524505,0.5,0.42857142857142855,0.125,1,0,0,1,1,0,1,0,0,1,0,0,22316
0.1296296296296296,0.0021929824561403508,0.3333333333333333,0.01564129301355579,0.0,0.0,0.125,1,0,0,1,1,0,1,0,0,1,1,0,10460
0.7037037037037037,0.008771929824561403,0.3333333333333333,0.014598540145985403,1.0,0.35714285714285715,0.5,0,0,0,1,0,0,0,0,0,0,0,1,28989
0.2962962962962962,0.006578947368421052,0.0,0.0010427528675703858,0.0,0.5714285714285714,0.5,0,1,0,0,0,0,0,0,1,0,1,0,17163
0.1296296296296296,0.0,0.0,0.0010427528675703858,1.0,0.0,1.0,1,0,0,1,1,0,0,1,0,1,0,0,20329
0.6666666666666667,0.0043859649122807015,0.0,0.0010427528675703858,0.5,0.42857142857142855,0.125,0,1,0,0,0,1,0,0,1,0,0,1,25011
0.6296296296296295,0.006578947368421052,0.0,0.0072992700729927005,0.0,0.0,0.625,0,0,0,0,0,0,0,0,0,0,1,0,12867
0.0,0.006578947368421052,0.6666666666666667,0.030239833159541193,0.5,0.0,0.125,1,1,0,0,0,0,1,0,0,1,1,0,14384
0.537037037037037,0.008771929824561403,0.0,0.004171011470281543,0.5,0.0,0.25,0,1,0,0,0,0,0,0,0,0,0,1,18460
0.14814814814814814,0.006578947368421052,1.0,0.05526590198123045,1.0,0.7857142857142857,0.25,0,0,1,0,0,0,1,0,0,1,0,1,30339
0.25925925925925924,0.0043859649122807015,0.0,0.004171011470281543,0.0,0.0,0.625,0,0,0,0,0,0,0,0,0,0,1,0,11051
0.3703703703703704,0.0043859649122807015,0.6666666666666667,0.02502606882168926,0.5,0.5714285714285714,0.625,0,0,1,0,0,0,0,0,0,0,0,0,22043
0.037037037037037035,0.0,0.3333333333333333,0.011470281543274244,0.0,0.0,0.25,0,0,0,0,1,0,0,0,1,0,0,1,7316
0.22222222222222227,0.006578947368421052,1.0,0.0740354535974974,1.0,1.0,0.25,0,0,1,0,0,0,0,1,1,0,1,0,29144
0.055555555555555525,0.0,0.0,0.00521376433785193,0.0,0.0,0.625,1,1,0,0,1,1,0,0,1,0,1,0,13112
0.07407407407407407,0.0043859649122807015,0.3333333333333333,0.02085505735140772,0.0,0.0,0.125,1,1,0,0,1,0,1,0,0,0,0,1,6582
0.7592592592592593,0.008771929824561403,0.3333333333333333,0.018769551616266946,1.0,0.42857142857142855,0.125,1,0,1,0,0,0,1,0,0,1,0,0,32428
0.5185185185185186,0.006578947368421052,0.0,0.0031282586027111575,0.5,0.42857142857142855,0.25,0,0,0,1,0,1,0,0,0,0,1,0,23526
0.7407407407407407,0.006578947368421052,1.0,0.056308654848800835,1.0,0.42857142857142855,0.25,0,0,1,0,0,0,0,0,0,0,1,0,28413
0.49999999999999994,0.006578947368421052,0.0,0.0010427528675703858,0.0,0.42857142857142855,0.25,0,0,0,0,0,0,0,0,0,1,1,0,14416
0.3518518518518518,0.0,0.3333333333333333,0.010427528675703858,0.5,0.42857142857142855,0.25,0,0,0,1,1,1,0,0,0,0,1,0,21412
0.49999999999999994,0.010964912280701754,0.0,0.0020855057351407717,0.0,0.5714285714285714,0.25,0,0,0,1,0,1,0,0,0,0,1,0,18443
0.037037037037037035,0.0043859649122807015,0.6666666666666667,0.030239833159541193,0.5,0.0,1.0,0,0,0,0,0,0,0,0,0,0,0,1,12968
0.3703703703703704,0.006578947368421052,0.0,0.0031282586027111575,0.0,0.8571428571428571,0.5,0,0,1,0,0,1,0,0,1,0,0,0,18219
0.25925925925925924,0.0,1.0,0.10010427528675704,1.0,0.42857142857142855,0.625,1,0,1,0,1,1,0,0,0,0,1,0,29336
0.6851851851851851,0.006578947368421052,0.6666666666666667,0.02502606882168926,1.0,0.42857142857142855,0.5,1,0,1,0,0,1,0,0,0,1,0,1,37262
0.1111111111111111,0.0,0.6666666666666667,0.03649635036496351,0.0,0.42857142857142855,0.125,0,0,0,1,1,1,0,0,0,1,1,0,14831
0.6666666666666667,0.010964912280701754,0.0,0.004171011470281543,0.0,0.42857142857142855,0.25,0,0,0,0,0,0,1,0,0,0,0,1,14084
0.537037037037037,0.006578947368421052,0.0,0.0031282586027111575,0.0,0.42857142857142855,0.25,1,0,0,0,0,0,1,0,0,0,0,1,14267
0.5555555555555556,0.008771929824561403,0.6666666666666667,0.03336809176225235,1.0,0.42857142857142855,0.125,0,0,0,1,0,0,1,0,1,0,1,0,30646
0.3148148148148148,0.0043859649122807015,0.0,0.0072992700729927005,0.5,0.42857142857142855,0.25,0,0,1,0,0,0,0,0,0,1,1,0,19568
0.27777777777777773,0.0,0.0,0.0,1.0,0.0,1.0,0,1,0,0,1,0,0,0,0,1,0,0,28388
0.7037037037037037,0.006578947368421052,1.0,0.0886339937434828,1.0,0.35714285714285715,0.625,0,0,0,1,0,1,0,0,0,0,1,0,34039
0.49999999999999994,0.0021929824561403508,0.3333333333333333,0.02294056308654849,0.5,0.0,0.125,1,0,1,0,1,0,0,0,0,0,1,0,14833
0.1111111111111111,0.0021929824561403508,0.0,0.00521376433785193,0.0,0.0,0.625,0,1,0,0,1,0,0,1,0,0,1,0,7325
0.27777777777777773,0.010964912280701754,0.3333333333333333,0.02294056308654849,0.5,0.8571428571428571,0.625,1,0,0,1,0,0,1,0,0,0,0,0,23519
0.3148148148148148,0.0,0.3333333333333333,0.02294056308654849,0.5,0.5714285714285714,0.125,1,0,0,0,1,0,0,0,0,1,1,0,23247
0.055555555555555525,0.0021929824561403508,0.6666666666666667,0.03962460896767466,0.0,0.0,0.625,0,1,0,0,1,0,0,1,0,0,0,1,7730
0.6851851851851851,0.0043859649122807015,0.3333333333333333,0.013555787278415015,1.0,0.42857142857142855,0.125,1,0,1,0,0,0,1,0,0,1,0,0,32182
0.7407407407407407,0.006578947368421052,1.0,0.06047966631908238,1.0,0.5714285714285714,1.0,1,1,0,0,0,0,1,0,0,1,0,1,40816
0.14814814814814814,0.0043859649122807015,0.0,0.0072992700729927005,0.0,0.42857142857142855,0.25,0,0,0,0,0,1,0,0,0,0,1,0,14004
0.1296296296296296,0.006578947368421052,0.0,0.0020855057351407717,0.0,1.0,0.25,0,0,0,1,0,0,0,0,0,0,0,0,12262
0.07407407407407407,0.0,0.3333333333333333,0.02294056308654849,0.5,0.0,0.625,0,0,0,0,1,0,0,0,0,1,0,0,14955
0.4259259259259259,0.0,0.0,0.0031282586027111575,1.0,0.0,0.625,0,0,1,0,1,0,0,0,1,0,1,0,23878
0.7037037037037037,0.0043859649122807015,0.0,0.0072992700729927005,0.5,0.42857142857142855,0.125,1,1,0,0,0,0,1,0,0,1,0,1,24898
0.2962962962962962,0.0,0.0,0.0020855057351407717,0.0,0.42857142857142855,0.25,1,1,0,0,1,0,0,0,1,0,1,0,12674
0.055555555555555525,0.0043859649122807015,0.0,0.00521376433785193,0.5,0.0,0.125,0,0,0,1,1,0,0,0,0,0,0,0,8519
0.09259259259259262,0.0,0.6666666666666667,0.030239833159541193,0.0,0.0,0.25,1,0,0,0,1,1,0,0,0,0,0,0,9251
0.3333333333333333,0.0043859649122807015,1.0,0.06465067778936393,0.5,0.42857142857142855,0.0,0,0,1,0,0,0,0,0,1,0,1,0,17266
0.25925925925925924,0.010964912280701754,0.3333333333333333,0.02294056308654849,0.5,0.42857142857142855,0.125,0,1,0,0,0,0,0,0,0,0,1,0,17390
0.7037037037037037,0.006578947368421052,0.0,0.008342022940563087,0.5,0.35714285714285715,0.5,0,0,0,1,0,0,1,0,1,0,0,1,24705
0.25925925925925924,0.0043859649122807015,1.0,0.056308654848800835,1.0,0.0,1.0,0,0,1,0,0,1,0,0,0,0,1,0,29778
0.018518518518518545,0.0021929824561403508,0.3333333333333333,0.010427528675703858,0.0,0.0,0.0,0,1,0,0,1,1,0,0,1,0,0,0,9378
0.07407407407407407,0.0021929824561403508,0.6666666666666667,0.03128258602711158,0.5,0.0,0.5,1,0,0,1,1,0,1,0,0,1,0,0,15472
0.1296296296296296,0.0021929824561403508,0.6666666666666667,0.027111574556830033,0.0,0.42857142857142855,0.625,1,0,0,1,1,0,0,1,0,0,1,0,10746
0.6666666666666667,0.0043859649122807015,0.0,0.0072992700729927005,0.5,0.5714285714285714,0.25,0,0,0,1,1,0,0,0,1,0,1,0,24597
0.1296296296296296,0.0021929824561403508,1.0,0.051094890510948905,0.5,0.0,1.0,0,0,0,1,1,0,0,0,0,0,0,0,13344
0.6851851851851851,0.006578947368421052,0.6666666666666667,0.03128258602711158,0.5,0.35714285714285715,0.125,1,0,0,1,0,0,1,0,0,0,0,1,21910
0.3148148148148148,0.0043859649122807015,0.3333333333333333,0.023983315954118876,0.5,0.0,0.625,0,0,1,0,0,0,0,0,0,0,0,0,17288
0.5555555555555556,0.0,0.3333333333333333,0.011470281543274244,1.0,0.42857142857142855,0.625,0,0,0,1,1,0,0,0,0,0,0,1,29520
0.09259259259259262,0.0043859649122807015,0.3333333333333333,0.013555787278415015,0.0,0.0,0.25,1,0,0,1,1,1,0,0,0,1,1,0,13071
0.6666666666666667,0.008771929824561403,0.0,0.0072992700729927005,0.5,0.35714285714285715,0.25,0,1,0,0,0,0,1,0,0,0,0,0,22019
0.6481481481481481,0.0043859649122807015,0.0,0.0031282586027111575,0.5,0.42857142857142855,0.125,0,0,0,0,0,0,1,0,0,0,1,0,21137
0.48148148148148145,0.0,0.3333333333333333,0.019812304483837334,0.5,0.42857142857142855,0.125,1,0,0,1,1,1,0,0,0,1,1,0,22787
0.7592592592592593,0.010964912280701754,0.0,0.0010427528675703858,0.0,0.8571428571428571,0.25,1,0,0,1,0,0,0,0,0,1,0,0,18361
0.6851851851851851,0.0043859649122807015,1.0,0.04275286757038582,1.0,0.42857142857142855,1.0,1,1,0,0,0,1,0,0,1,0,0,1,36400
0.0,0.0021929824561403508,1.0,0.059436913451511995,0.5,0.0,0.125,0,0,1,0,1,0,0,0,0,0,0,0,7955
0.16666666666666669,0.006578947368421052,0.0,0.0072992700729927005,0.0,0.42857142857142855,0.25,0,0,1,0,0,0,0,0,1,0,1,0,10914
0.20370370370370366,0.0,0.0,0.006256517205422314,0.5,0.0,0.625,0,0,0,1,1,0,0,0,0,0,1,0,16890
0.7592592592592593,0.008771929824561403,0.3333333333333333,0.02085505735140772,1.0,0.5714285714285714,1.0,0,0,1,0,0,1,0,0,1,0,0,0,41674
0.055555555555555525,0.0,0.6666666666666667,0.03753910323253389,0.0,0.0,0.625,0,0,0,1,1,0,0,0,0,0,0,0,6630
0.7592592592592593,0.0043859649122807015,0.6666666666666667,0.030239833159541193,0.0,0.42857142857142855,0.625,0,0,0,1,0,0,1,0,0,0,0,1,16660
0.18518518518518517,0.0021929824561403508,0.0,0.008342022940563087,0.0,0.35714285714285715,0.25,1,0,0,1,1,1,0,0,0,1,1,0,17846
0.055555555555555525,0.0021929824561403508,0.3333333333333333,0.019812304483837334,0.0,0.0,0.25,0,0,0,1,1,0,0,1,0,0,0,0,5615
0.16666666666666669,0.0,0.6666666666666667,0.03545359749739312,0.5,0.0,0.125,1,0,0,1,1,1,0,0,0,1,1,0,22160
0.055555555555555525,0.0021929824561403508,0.0,0.0,0.0,0.42857142857142855,0.625,0,1,0,0,1,0,0,0,0,0,1,0,8893
0.018518518518518545,0.0,1.0,0.09280500521376434,0.5,0.0,1.0,1,0,0,1,1,0,0,0,0,0,0,0,12378
0.16666666666666669,0.0,0.0,0.0031282586027111575,0.0,0.42857142857142855,0.125,0,0,1,0,1,0,0,0,0,0,0,1,10753
0.574074074074074,0.006578947368421052,0.3333333333333333,0.023983315954118876,1.0,0.42857142857142855,0.5,0,0,1,0,0,0,0,0,0,0,0,0,29174
0.14814814814814814,0.0043859649122807015,0.6666666666666667,0.04066736183524505,1.0,0.5714285714285714,0.625,0,0,1,0,1,0,0,0,1,0,0,1,31165
0.07407407407407407,0.0,0.0,0.00521376433785193,0.5,0.5714285714285714,1.0,1,0,0,1,1,0,0,0,0,1,0,0,21929
0.09259259259259262,1.0,0.0,0.004171011470281543,0.0,0.0,0.25,0,0,1,0,1,0,1,0,0,0,0,0,7158
0.7592592592592593,0.008771929824561403,0.3333333333333333,0.010427528675703858,0.5,0.42857142857142855,0.625,1,1,0,0,0,0,1,0,0,0,0,1,24676
0.1111111111111111,0.006578947368421052,0.3333333333333333,0.02502606882168926,0.0,0.42857142857142855,0.0,0,0,0,1,0,0,0,0,0,0,0,0,6839
0.48148148148148145,0.006578947368421052,0.0,0.0020855057351407717,0.0,0.42857142857142855,0.625,0,1,0,0,0,0,1,0,1,0,1,0,14722
0.6851851851851851,0.006578947368421052,0.3333333333333333,0.013555787278415015,1.0,0.42857142857142855,0.25,1,0,1,0,0,0,0,1,0,0,0,1,29254
0.6851851851851851,0.006578947368421052,0.3333333333333333,0.02294056308654849,1.0,0.42857142857142855,0.5,0,0,1,0,0,0,0,0,0,0,1,0,30083
0.6296296296296295,0.008771929824561403,0.3333333333333333,0.009384775808133473,0.0,0.42857142857142855,0.625,1,0,0,1,0,1,0,0,0,1,1,0,21367
0.018518518518518545,0.0021929824561403508,0.0,0.004171011470281543,1.0,0.42857142857142855,0.25,0,1,0,0,1,0,0,0,0,0,0,1,15155
0.07407407407407407,0.0021929824561403508,0.0,0.006256517205422314,0.0,0.0,0.25,0,1,0,0,1,0,0,1,0,0,1,0,6743
0.07407407407407407,0.0021929824561403508,0.6666666666666667,0.03441084462982273,0.0,0.0,0.125,1,0,1,0,1,0,0,0,0,1,1,0,7747
0.2962962962962962,0.0,0.0,0.0020855057351407717,0.0,0.42857142857142855,0.25,0,0,0,0,1,0,1,0,0,1,1,0,16407
0.1296296296296296,0.0,0.0,0.00521376433785193,0.0,0.0,0.625,1,0,0,1,1,0,0,0,0,1,0,0,10140
0.055555555555555525,0.0,0.6666666666666667,0.03649635036496351,0.5,0.0,0.25,1,0,0,1,1,0,0,1,0,0,0,0,9407
0.24074074074074076,0.006578947368421052,0.6666666666666667,0.028154327424400417,0.5,0.8571428571428571,0.25,0,0,1,0,0,0,1,0,0,0,1,0,20590
0.46296296296296297,0.006578947368421052,0.3333333333333333,0.014598540145985403,0.5,0.35714285714285715,0.625,0,0,1,0,0,0,1,0,0,1,0,0,23697
0.037037037037037035,0.0043859649122807015,0.0,0.0010427528675703858,0.5,0.0,0.25,0,0,0,1,1,0,1,0,1,0,1,0,12999
0.6296296296296295,0.0043859649122807015,1.0,0.07716371220020855,1.0,0.42857142857142855,0.25,0,0,0,1,0,1,0,0,1,0,0,1,33432
0.4074074074074074,0.008771929824561403,0.3333333333333333,0.019812304483837334,0.5,1.0,0.25,0,1,0,0,0,0,1,0,0,0,1,0,23463
0.3888888888888889,0.006578947368421052,0.0,0.00521376433785193,0.0,0.42857142857142855,0.625,0,0,0,1,0,0,0,0,0,1,1,0,15091
0.7592592592592593,0.0,1.0,0.045881126173096975,1.0,0.7857142857142857,0.25,0,0,1,0,1,0,0,0,1,0,1,0,31141
0.574074074074074,0.0,0.6666666666666667,0.027111574556830033,1.0,0.42857142857142855,0.625,1,1,0,0,1,0,0,1,1,0,0,1,31400
0.7222222222222223,0.006578947368421052,0.0,0.004171011470281543,0.5,0.42857142857142855,0.625,0,0,1,0,0,0,0,0,0,0,1,0,21569
0.09259259259259262,0.0021929824561403508,0.3333333333333333,0.009384775808133473,0.0,0.0,0.0,1,0,1,0,1,0,0,1,0,0,0,1,5952
0.2962962962962962,0.0043859649122807015,0.3333333333333333,0.018769551616266946,0.5,0.42857142857142855,0.0,1,1,0,0,1,0,0,1,0,0,1,0,16430
0.7037037037037037,0.006578947368421052,1.0,0.04275286757038582,1.0,0.35714285714285715,0.5,0,0,1,0,0,0,0,0,0,0,1,0,29116
0.16666666666666669,0.006578947368421052,0.6666666666666667,0.03753910323253389,0.5,0.35714285714285715,0.25,1,0,0,1,0,0,1,0,0,0,1,0,20024
0.09259259259259262,0.0021929824561403508,0.3333333333333333,0.021897810218978103,0.0,0.0,0.625,0,0,0,1,1,0,0,1,0,0,1,0,7979
0.018518518518518545,0.0,0.0,0.004171011470281543,0.0,0.0,0.125,0,1,0,0,1,1,0,0,0,0,1,0,9789
0.7777777777777779,0.0043859649122807015,0.3333333333333333,0.01251303441084463,1.0,0.42857142857142855,0.25,1,0,0,1,0,0,0,1,0,0,0,1,28449
0.574074074074074,0.0,0.0,0.0020855057351407717,0.5,0.42857142857142855,0.625,0,0,0,1,1,0,0,0,0,0,0,1,22606
0.3888888888888889,0.006578947368421052,0.0,0.0,0.0,0.5714285714285714,0.125,1,0,1,0,0,0,0,0,0,0,1,0,14354
0.1296296296296296,0.0,1.0,0.09801876955161627,0.5,0.0,0.25,1,1,0,0,1,0,0,0,0,0,0,0,9742
0.18518518518518517,0.006578947368421052,0.0,0.0072992700729927005,0.0,0.42857142857142855,0.25,0,0,0,1,0,0,0,0,0,1,0,0,14504
0.5555555555555556,0.006578947368421052,0.0,0.0031282586027111575,0.0,0.42857142857142855,0.625,1,0,1,0,0,0,1,0,0,1,0,0,18350
0.3518518518518518,0.0,0.0,0.006256517205422314,0.0,0.42857142857142855,0.25,1,0,0,1,1,1,0,0,0,1,1,0,17105
0.037037037037037035,0.0,1.0,0.07507820646506778,0.5,0.0,1.0,1,0,1,0,1,1,0,0,0,0,0,1,16729
0.27777777777777773,0.010964912280701754,0.0,0.00521376433785193,0.0,0.5714285714285714,0.25,1,0,1,0,0,0,1,0,0,1,1,0,20336
0.3703703703703704,0.0,0.6666666666666667,0.02502606882168926,0.5,0.42857142857142855,0.125,1,0,0,1,1,0,0,1,0,0,1,0,17497
0.574074074074074,0.006578947368421052,0.6666666666666667,0.03545359749739312,0.5,0.0,0.25,0,0,1,0,0,1,0,0,0,0,0,0,22661
0.3518518518518518,0.006578947368421052,0.6666666666666667,0.03649635036496351,1.0,0.7857142857142857,0.625,0,0,1,0,0,1,0,0,0,1,1,0,34375
0.1111111111111111,0.0,0.6666666666666667,0.02502606882168926,0.0,0.0,0.25,0,0,1,0,1,0,0,1,0,0,0,0,6760
0.49999999999999994,0.0021929824561403508,0.6666666666666667,0.03753910323253389,0.5,0.42857142857142855,0.125,1,0,0,1,1,0,0,0,0,1,1,0,19495
0.3148148148148148,0.006578947368421052,0.3333333333333333,0.011470281543274244,1.0,0.42857142857142855,0.25,0,0,0,1,0,0,0,0,0,0,0,1,23264
0.44444444444444436,0.0043859649122807015,0.0,0.0020855057351407717,0.0,0.42857142857142855,0.625,0,0,0,1,1,0,0,0,0,0,0,1,11774
0.7777777777777779,0.006578947368421052,0.6666666666666667,0.03545359749739312,1.0,0.42857142857142855,0.25,0,0,1,0,0,0,0,0,0,0,0,1,29115
0.3148148148148148,0.0021929824561403508,0.0,0.0020855057351407717,0.5,0.0,0.25,0,0,0,1,1,1,0,0,0,1,0,1,21901
0.3888888888888889,0.006578947368421052,0.0,0.004171011470281543,0.0,0.42857142857142855,0.25,0,0,0,1,0,0,0,1,0,0,1,0,11665
0.27777777777777773,0.010964912280701754,0.0,0.0020855057351407717,0.0,0.42857142857142855,0.0,0,0,0,0,0,0,0,0,0,0,1,0,10390
0.16666666666666669,0.008771929824561403,0.3333333333333333,0.016684045881126174,0.5,0.42857142857142855,0.625,1,0,1,0,0,0,0,0,0,0,0,1,19670
0.7222222222222223,0.006578947368421052,0.3333333333333333,0.009384775808133473,1.0,0.42857142857142855,0.625,0,0,0,0,0,1,0,0,0,0,0,1,33700
0.48148148148148145,0.0,0.0,0.0020855057351407717,0.0,0.42857142857142855,0.625,1,0,0,1,1,0,0,1,1,0,1,0,13603
0.1111111111111111,0.0,0.0,0.0,0.5,1.0,0.125,0,0,0,1,1,0,0,0,0,0,0,0,15567
0.018518518518518545,0.0021929824561403508,1.0,0.08133472367049009,0.5,0.0,0.625,1,1,0,0,1,0,0,1,0,0,1,0,12182
0.7592592592592593,0.0,1.0,0.054223149113660066,1.0,0.0,0.25,0,0,1,0,1,1,0,0,0,0,1,0,30207
0.48148148148148145,0.0,0.3333333333333333,0.02502606882168926,0.5,0.42857142857142855,0.25,0,0,1,0,1,0,1,0,0,1,0,1,22487
0.46296296296296297,0.0,0.0,0.0031282586027111575,0.0,1.0,0.5,0,0,0,0,1,0,1,0,0,1,1,0,20197
0.49999999999999994,0.006578947368421052,0.3333333333333333,0.01564129301355579,0.5,0.42857142857142855,0.5,0,0,0,0,0,0,0,0,0,0,0,1,17910
0.574074074074074,0.006578947368421052,0.3333333333333333,0.009384775808133473,0.5,0.42857142857142855,0.25,1,0,1,0,0,0,1,0,0,1,0,1,25598
0.22222222222222227,0.0043859649122807015,0.0,0.006256517205422314,0.5,0.42857142857142855,0.125,0,0,0,1,0,0,0,0,1,0,1,0,18202
0.7222222222222223,0.006578947368421052,0.0,0.006256517205422314,0.5,0.42857142857142855,0.125,0,0,1,0,0,1,0,0,0,0,1,0,23035
0.16666666666666669,0.0,0.6666666666666667,0.03545359749739312,0.0,0.42857142857142855,0.125,0,0,0,0,1,0,0,0,0,0,1,0,9847
0.16666666666666669,0.006578947368421052,0.0,0.0,0.0,1.0,1.0,0,0,1,0,0,0,0,0,0,1,0,1,21885
0.25925925925925924,0.006578947368421052,0.0,0.004171011470281543,0.0,0.42857142857142855,0.625,0,0,0,1,0,0,0,0,0,0,1,0,13406
0.3518518518518518,0.008771929824561403,0.0,0.0,0.0,0.42857142857142855,0.0,0,0,0,1,0,0,1,0,0,1,1,0,14786
0.1296296296296296,0.0,0.3333333333333333,0.013555787278415015,0.0,0.0,0.125,0,0,1,0,1,0,0,1,0,0,1,0,6265
0.16666666666666669,0.006578947368421052,0.0,0.0010427528675703858,0.5,0.42857142857142855,0.25,0,0,1,0,0,0,0,0,0,0,1,0,18050
0.574074074074074,0.006578947368421052,0.6666666666666667,0.03128258602711158,1.0,0.42857142857142855,0.625,0,0,0,0,0,1,0,0,0,0,1,0,33531
0.5185185185185186,0.006578947368421052,0.0,0.004171011470281543,0.0,0.5714285714285714,0.25,0,0,0,1,0,0,0,0,1,0,0,1,17408
0.07407407407407407,0.006578947368421052,0.3333333333333333,0.009384775808133473,0.0,0.0,1.0,0,1,0,0,0,0,1,0,0,0,1,0,11761
0.46296296296296297,0.0021929824561403508,0.0,0.004171011470281543,0.0,1.0,0.125,0,0,0,1,1,0,0,1,0,1,0,0,17059
0.0,0.0,0.0,0.0031282586027111575,0.0,0.0,0.25,0,0,0,1,1,0,0,0,0,0,1,0,5262
0.6851851851851851,0.006578947368421052,0.0,0.0072992700729927005,0.5,0.42857142857142855,0.125,0,1,0,0,0,0,1,0,0,0,0,0,22065
0.7037037037037037,0.0043859649122807015,1.0,0.08133472367049009,0.5,0.35714285714285715,0.25,0,0,1,0,0,0,0,0,0,0,0,0,20089
0.4259259259259259,0.0021929824561403508,0.0,0.0020855057351407717,0.0,0.5714285714285714,0.25,0,0,0,1,1,0,0,0,0,0,1,0,15551
0.1296296296296296,0.0021929824561403508,0.6666666666666667,0.03128258602711158,0.0,0.0,0.125,1,0,1,0,1,0,0,0,0,1,0,1,7620
0.037037037037037035,0.0,0.0,0.006256517205422314,0.0,0.0,0.625,0,0,1,0,1,0,1,0,0,0,0,0,10240
0.1111111111111111,0.0,0.3333333333333333,0.014598540145985403,1.0,0.0,0.25,0,1,0,0,1,0,0,1,0,0,0,0,13650
0.7592592592592593,0.0,0.3333333333333333,0.016684045881126174,1.0,0.42857142857142855,0.5,0,1,0,0,1,0,0,0,0,0,0,0,28700
0.037037037037037035,0.006578947368421052,0.3333333333333333,0.018769551616266946,0.0,0.42857142857142855,0.25,0,0,0,1,0,0,0,1,1,0,0,0,9610
0.037037037037037035,0.0043859649122807015,1.0,0.09071949947862357,0.5,0.0,0.5,0,0,0,1,1,0,0,0,0,0,0,0,9998
0.7407407407407407,0.006578947368421052,0.0,0.0031282586027111575,0.5,0.0,0.125,0,0,1,0,0,1,0,0,0,0,0,1,21239
0.6296296296296295,0.0043859649122807015,0.0,0.00521376433785193,0.5,0.5714285714285714,0.625,0,1,0,0,0,1,0,0,0,0,0,1,30023
0.18518518518518517,0.006578947368421052,0.0,0.006256517205422314,0.0,0.0,0.625,1,1,0,0,0,0,1,0,0,1,1,0,15570
0.055555555555555525,0.0,0.3333333333333333,0.016684045881126174,0.0,0.0,0.125,0,0,1,0,1,0,0,0,0,0,1,0,4457
0.49999999999999994,0.008771929824561403,0.6666666666666667,0.03441084462982273,0.5,0.42857142857142855,0.25,1,0,0,1,0,0,0,0,0,1,0,0,20434
0.3148148148148148,0.008771929824561403,0.6666666666666667,0.030239833159541193,0.5,0.42857142857142855,1.0,0,0,0,0,0,0,0,0,1,0,1,0,21912
0.7037037037037037,0.0043859649122807015,0.6666666666666667,0.03128258602711158,0.5,0.35714285714285715,0.625,0,0,0,1,0,1,0,0,0,0,0,1,26716
0.3148148148148148,0.0043859649122807015,0.0,0.0031282586027111575,0.0,0.35714285714285715,1.0,0,1,0,0,0,0,1,0,1,0,1,0,17481
0.5185185185185186,0.006578947368421052,0.3333333333333333,0.014598540145985403,1.0,0.42857142857142855,0.125,0,0,1,0,0,1,0,0,0,0,0,1,30975
0.3148148148148148,0.006578947368421052,1.0,0.05735140771637122,1.0,0.35714285714285715,1.0,0,0,1,0,0,0,1,0,0,0,0,1,29744
0.9074074074074074,0.0043859649122807015,0.6666666666666667,0.028154327424400417,1.0,1.0,0.625,0,0,1,0,0,0,0,0,0,0,0,1,39330
0.037037037037037035,0.0,0.0,0.008342022940563087,0.5,0.0,0.125,0,1,0,0,1,0,0,0,0,0,1,0,7823
0.0,0.0,0.0,0.0010427528675703858,0.0,0.0,1.0,0,0,1,0,1,0,0,1,0,0,0,0,10219
0.25925925925925924,0.0043859649122807015,0.6666666666666667,0.03753910323253389,0.5,0.42857142857142855,0.25,0,0,0,1,1,0,0,0,0,1,0,0,21023
0.3888888888888889,0.0043859649122807015,0.6666666666666667,0.029197080291970805,0.5,0.42857142857142855,0.625,1,1,0,0,0,0,0,0,0,0,0,0,18826
0.9444444444444444,0.0043859649122807015,0.6666666666666667,0.03858185610010428,1.0,0.42857142857142855,1.0,0,1,0,0,0,0,0,0,0,0,0,1,37687
0.018518518518518545,0.0021929824561403508,0.0,0.0,0.5,0.0,0.25,0,0,1,0,1,0,0,0,0,0,0,1,8659
0.48148148148148145,0.006578947368421052,0.0,0.004171011470281543,0.0,0.42857142857142855,0.125,1,0,1,0,0,1,0,0,0,1,0,0,18038
0.5925925925925926,0.006578947368421052,0.3333333333333333,0.01564129301355579,1.0,0.42857142857142855,0.125,0,1,0,0,0,0,0,0,0,0,0,1,26950
0.0,0.0,0.6666666666666667,0.04066736183524505,1.0,0.0,0.25,1,0,0,1,1,0,0,1,0,1,1,0,16223
0.037037037037037035,0.0,0.0,0.0020855057351407717,1.0,0.0,0.625,0,0,0,1,1,0,0,0,0,0,0,1,14199
0.7592592592592593,0.006578947368421052,0.3333333333333333,0.010427528675703858,1.0,0.35714285714285715,1.0,0,0,1,0,0,0,1,0,0,1,0,1,36703
0.20370370370370366,0.008771929824561403,0.3333333333333333,0.01564129301355579,0.5,0.42857142857142855,0.625,1,0,1,0,0,0,1,0,0,1,1,0,23567
0.8333333333333333,0.0043859649122807015,0.3333333333333333,0.013555787278415015,1.0,0.42857142857142855,0.625,0,0,1,0,0,0,1,0,0,0,0,1,38983
0.4259259259259259,0.008771929824561403,0.3333333333333333,0.014598540145985403,0.5,0.0,0.0,1,0,1,0,0,1,0,0,0,1,1,0,20658
0.6851851851851851,0.006578947368421052,0.0,0.0010427528675703858,0.5,0.35714285714285715,0.125,1,0,0,1,0,0,1,0,0,0,1,0,20766
0.537037037037037,0.0021929824561403508,0.3333333333333333,0.01251303441084463,1.0,0.42857142857142855,0.25,0,0,1,0,1,0,0,0,0,0,0,0,28510
0.1111111111111111,0.0021929824561403508,0.3333333333333333,0.01564129301355579,0.0,0.0,1.0,1,0,1,0,1,0,0,0,0,0,1,0,9797
0.6666666666666667,0.0043859649122807015,0.3333333333333333,0.021897810218978103,0.0,0.0,0.125,1,0,1,0,0,0,0,0,0,1,1,0,11943
0.8518518518518519,0.0043859649122807015,0.0,0.0,0.5,0.35714285714285715,0.625,0,0,1,0,0,0,0,0,0,0,0,1,26888
0.6111111111111112,0.008771929824561403,0.3333333333333333,0.014598540145985403,0.0,0.42857142857142855,0.25,0,0,0,0,0,0,0,0,1,0,0,1,13064
0.0,0.0,0.6666666666666667,0.02606882168925965,0.5,0.0,0.25,0,0,0,0,1,0,0,0,0,1,0,1,12525
0.24074074074074076,0.008771929824561403,1.0,0.05735140771637122,1.0,0.42857142857142855,1.0,0,0,0,0,0,1,0,0,0,1,1,0,34263
0.09259259259259262,0.0043859649122807015,0.3333333333333333,0.01772679874869656,0.0,0.42857142857142855,0.125,1,0,1,0,1,0,0,1,0,1,1,0,9720
0.1111111111111111,0.0,0.0,0.0020855057351407717,0.0,0.0,0.125,0,0,1,0,1,0,1,0,0,0,0,0,6722
0.49999999999999994,0.008771929824561403,0.6666666666666667,0.03232533889468196,0.5,0.0,0.125,1,1,0,0,0,0,1,0,0,1,0,1,20559
0.537037037037037,0.006578947368421052,0.0,0.00521376433785193,0.5,0.42857142857142855,0.625,0,1,0,0,0,0,0,1,0,0,1,0,22211
0.18518518518518517,0.006578947368421052,0.3333333333333333,0.02502606882168926,0.5,0.42857142857142855,0.0,0,0,0,1,0,0,1,0,1,0,0,0,19336
0.037037037037037035,0.0,0.0,0.004171011470281543,0.0,0.0,0.125,0,0,1,0,1,0,0,0,0,0,0,0,4514
0.48148148148148145,0.0,0.3333333333333333,0.02502606882168926,0.5,0.42857142857142855,0.125,1,0,0,1,1,0,0,0,0,1,1,0,19767
0.1296296296296296,0.0021929824561403508,0.3333333333333333,0.016684045881126174,0.0,0.0,1.0,1,0,1,0,1,0,0,1,0,0,1,0,10831
0.6481481481481481,0.0,0.0,0.0,0.5,0.42857142857142855,0.125,0,0,0,1,1,1,0,0,0,0,1,0,23295
0.3888888888888889,0.0043859649122807015,0.3333333333333333,0.011470281543274244,0.5,0.0,0.625,0,0,0,1,0,0,0,1,0,0,0,1,18298
0.22222222222222227,0.008771929824561403,0.3333333333333333,0.010427528675703858,0.5,0.35714285714285715,0.0,1,0,0,1,0,1,0,0,0,1,1,0,23648
0.48148148148148145,0.006578947368421052,1.0,0.08759124087591241,1.0,0.0,0.25,1,0,0,1,0,1,0,0,0,0,0,1,25878
0.9074074074074074,0.0043859649122807015,0.3333333333333333,0.010427528675703858,1.0,0.42857142857142855,0.625,0,0,0,1,0,0,0,0,0,0,0,1,36222
0.3148148148148148,0.006578947368421052,0.3333333333333333,0.009384775808133473,0.0,0.42857142857142855,0.25,1,0,0,1,0,0,1,0,0,1,1,0,15855
0.7407407407407407,0.0043859649122807015,0.0,0.0031282586027111575,0.5,0.5714285714285714,0.625,0,0,0,1,0,1,0,0,0,0,1,0,29611
0.1111111111111111,0.0,0.3333333333333333,0.02294056308654849,0.0,0.0,0.625,0,1,0,0,1,1,0,0,0,1,0,1,14259
0.1111111111111111,0.0,0.3333333333333333,0.018769551616266946,0.5,0.8571428571428571,0.25,0,0,0,1,1,0,0,0,0,0,1,0,12850
0.037037037037037035,0.0043859649122807015,0.3333333333333333,0.02502606882168926,0.0,0.0,0.625,1,0,1,0,0,0,0,0,1,0,1,0,8552
0.0,0.0,0.6666666666666667,0.03441084462982273,0.0,0.0,0.625,1,0,0,1,1,0,1,0,0,1,0,0,11588
0.5185185185185186,0.006578947368421052,0.0,0.008342022940563087,0.5,0.35714285714285715,0.125,0,0,1,0,0,0,0,0,1,0,1,0,21529
0.055555555555555525,0.0,1.0,0.09697601668404589,0.5,0.0,1.0,0,1,0,0,1,0,1,0,0,0,0,0,14248
0.2962962962962962,0.0,0.0,0.0031282586027111575,0.0,0.42857142857142855,0.125,0,0,1,0,1,0,0,0,0,0,0,0,10038
0.3148148148148148,0.006578947368421052,0.0,0.008342022940563087,1.0,0.42857142857142855,0.25,0,0,1,0,0,0,0,0,0,1,0,0,26828
0.1111111111111111,0.0,1.0,0.05318039624608968,1.0,0.0,0.125,1,0,0,1,1,0,0,0,0,0,0,1,11758
0.4074074074074074,0.0043859649122807015,0.0,0.00521376433785193,0.5,0.42857142857142855,0.5,0,0,1,0,0,0,0,1,0,0,1,0,18867
0.24074074074074076,0.0043859649122807015,0.0,0.0072992700729927005,0.0,0.42857142857142855,1.0,0,0,0,1,0,0,0,0,0,1,1,0,16637
0.0,0.0,0.0,0.00521376433785193,0.5,0.42857142857142855,0.625,1,0,0,1,1,0,0,0,0,0,0,0,13701
0.44444444444444436,0.0043859649122807015,0.0,0.0,0.5,0.35714285714285715,0.25,1,0,0,1,0,0,0,0,0,0,0,0,17654
0.574074074074074,0.008771929824561403,0.0,0.008342022940563087,1.0,0.35714285714285715,0.125,0,0,1,0,0,0,0,0,1,0,0,0,28434
0.1296296296296296,0.0,0.0,0.0031282586027111575,0.5,0.0,0.125,1,0,1,0,1,0,0,0,1,0,0,0,10526
0.6851851851851851,0.0,0.3333333333333333,0.02502606882168926,1.0,0.42857142857142855,0.625,0,0,0,0,1,0,0,0,0,0,1,0,30982
0.3148148148148148,0.010964912280701754,0.3333333333333333,0.02502606882168926,0.5,0.35714285714285715,0.25,1,0,1,0,0,0,0,1,0,0,1,0,16969
0.46296296296296297,0.006578947368421052,0.0,0.0020855057351407717,0.0,0.42857142857142855,0.125,0,1,0,0,0,0,0,1,0,0,1,0,10766
0.14814814814814814,0.0043859649122807015,0.6666666666666667,0.03128258602711158,1.0,1.0,0.125,0,0,0,1,1,0,0,0,1,0,0,1,28119
0.574074074074074,0.0,0.3333333333333333,0.010427528675703858,1.0,0.42857142857142855,0.25,1,0,0,1,1,1,0,0,0,0,0,1,31594
0.7407407407407407,0.0043859649122807015,0.0,0.0072992700729927005,0.5,0.42857142857142855,0.125,1,1,0,0,0,1,0,0,1,0,1,0,24438
0.5185185185185186,0.008771929824561403,0.0,0.0,0.5,0.35714285714285715,0.0,1,0,1,0,0,0,0,0,0,1,0,1,21661
0.5555555555555556,0.006578947368421052,0.3333333333333333,0.014598540145985403,1.0,0.35714285714285715,0.25,0,1,0,0,0,1,0,0,0,0,1,0,32743
0.09259259259259262,0.0,0.0,0.0031282586027111575,0.0,0.0,0.625,0,1,0,0,1,0,0,1,0,0,0,1,7326
0.09259259259259262,0.0,1.0,0.04066736183524505,1.0,0.0,1.0,0,1,0,0,1,0,0,0,1,0,0,0,17254
0.09259259259259262,0.0021929824561403508,0.0,0.004171011470281543,0.0,0.0,1.0,0,0,0,1,1,1,0,0,0,0,1,0,14268
0.3518518518518518,0.0043859649122807015,0.3333333333333333,0.021897810218978103,0.0,0.42857142857142855,0.5,0,0,0,0,0,0,1,0,0,1,1,0,16537
0.20370370370370366,0.0043859649122807015,0.6666666666666667,0.03545359749739312,0.5,0.42857142857142855,0.25,1,0,0,1,0,0,1,0,0,0,1,0,18917
0.1296296296296296,0.006578947368421052,0.0,0.0010427528675703858,0.0,0.42857142857142855,0.625,1,0,0,1,0,0,1,0,0,0,0,0,11908
0.537037037037037,0.008771929824561403,0.3333333333333333,0.01564129301355579,1.0,0.42857142857142855,0.125,1,1,0,0,0,1,0,0,0,0,0,1,32237
0.6851851851851851,0.0043859649122807015,0.0,0.0031282586027111575,0.5,0.42857142857142855,0.625,0,0,1,0,0,0,0,0,0,0,0,1,23022
0.16666666666666669,0.0043859649122807015,0.0,0.0010427528675703858,0.0,0.0,0.625,0,0,1,0,0,0,0,0,0,1,0,1,14393
0.018518518518518545,0.0,0.0,0.00521376433785193,0.0,0.0,0.25,1,0,0,1,1,0,0,0,0,1,1,0,8074
0.7962962962962963,0.0043859649122807015,0.3333333333333333,0.013555787278415015,1.0,0.42857142857142855,0.125,0,0,1,0,0,0,0,0,0,0,0,1,34447
0.037037037037037035,0.0,0.6666666666666667,0.028154327424400417,0.0,0.0,1.0,0,0,1,0,1,0,0,1,0,0,1,0,9743
0.3703703703703704,0.17105263157894735,0.0,0.0010427528675703858,0.0,0.42857142857142855,0.625,0,1,0,0,0,0,1,0,0,1,0,1,17453
0.4074074074074074,0.0,0.3333333333333333,0.02502606882168926,0.5,0.42857142857142855,0.25,1,1,0,0,1,0,0,1,0,1,1,0,21073
0.48148148148148145,0.006578947368421052,0.0,0.008342022940563087,0.0,0.42857142857142855,0.625,0,0,1,0,0,0,0,0,0,0,1,0,12377
0.2962962962962962,0.008771929824561403,1.0,0.09801876955161627,1.0,0.7857142857142857,0.25,0,0,0,1,0,0,0,0,0,0,0,0,25898
0.7962962962962963,0.0021929824561403508,1.0,0.09071949947862357,1.0,0.42857142857142855,1.0,0,0,0,1,0,0,0,0,0,0,0,1,38077
0.0,0.0043859649122807015,0.6666666666666667,0.030239833159541193,0.0,0.0,0.5,0,1,0,0,0,0,0,0,0,0,1,0,6935
0.48148148148148145,0.0021929824561403508,0.0,0.0,0.5,0.35714285714285715,0.25,0,1,0,0,1,0,0,1,0,0,0,1,17619
0.018518518518518545,0.0021929824561403508,0.3333333333333333,0.01564129301355579,0.0,0.0,1.0,1,0,1,0,1,1,0,0,0,0,1,0,13561
0.1111111111111111,0.0021929824561403508,0.0,0.00521376433785193,0.0,0.0,0.125,0,0,1,0,1,0,0,0,0,0,0,0,5309
0.44444444444444436,0.006578947368421052,0.3333333333333333,0.013555787278415015,0.5,0.42857142857142855,0.5,1,1,0,0,0,0,0,1,0,1,0,0,22902
0.09259259259259262,0.006578947368421052,0.0,0.00521376433785193,0.0,0.0,0.5,0,0,1,0,0,0,0,0,0,0,0,1,7268
0.6666666666666667,0.008771929824561403,1.0,0.07090719499478623,1.0,0.42857142857142855,0.25,1,0,1,0,0,0,1,0,0,0,0,1,29759
0.25925925925925924,0.008771929824561403,0.0,0.0031282586027111575,0.0,0.5714285714285714,0.25,0,0,0,0,0,0,0,0,1,0,1,0,15713
0.3518518518518518,0.006578947368421052,0.3333333333333333,0.019812304483837334,0.5,0.42857142857142855,0.625,1,0,0,1,0,0,0,0,0,0,0,0,19091
0.018518518518518545,0.0021929824561403508,0.0,0.0010427528675703858,1.0,0.0,0.125,0,0,1,0,1,0,0,1,0,0,1,0,12442
0.5555555555555556,0.0021929824561403508,0.6666666666666667,0.03649635036496351,1.0,0.42857142857142855,1.0,1,0,0,1,1,1,0,0,0,1,0,1,38982
0.7222222222222223,0.010964912280701754,0.6666666666666667,0.03128258602711158,1.0,0.42857142857142855,0.5,1,0,0,1,0,0,1,0,0,1,0,0,34386
0.018518518518518545,0.0043859649122807015,0.0,0.0010427528675703858,0.0,0.0,0.125,0,0,1,0,1,0,1,0,0,0,1,0,7770
0.5925925925925926,0.006578947368421052,0.0,0.0010427528675703858,0.0,0.5714285714285714,0.625,0,0,0,1,0,0,1,0,0,0,1,0,19262
0.09259259259259262,0.0043859649122807015,1.0,0.09489051094890512,0.5,0.0,0.625,0,0,1,0,1,0,0,0,0,0,1,0,11316
0.48148148148148145,0.006578947368421052,0.6666666666666667,0.027111574556830033,0.5,0.35714285714285715,0.625,0,0,1,0,0,0,0,0,0,0,0,1,18812
0.7037037037037037,0.010964912280701754,0.6666666666666667,0.029197080291970805,0.5,0.42857142857142855,0.125,1,1,0,0,0,0,1,0,0,1,1,0,24662
0.07407407407407407,0.0021929824561403508,0.3333333333333333,0.019812304483837334,0.0,0.0,0.25,0,0,1,0,1,1,0,0,0,0,0,0,9597
0.22222222222222227,0.010964912280701754,0.0,0.008342022940563087,0.5,0.42857142857142855,0.625,0,0,1,0,0,1,0,0,1,0,0,1,23391
0.7777777777777779,0.0043859649122807015,1.0,0.054223149113660066,0.5,0.0,0.25,1,0,0,1,0,0,0,0,0,1,0,1,20774
0.7037037037037037,0.0043859649122807015,0.3333333333333333,0.010427528675703858,1.0,0.0,0.625,0,0,0,1,0,0,0,0,0,0,0,0,27038
0.48148148148148145,0.006578947368421052,0.0,0.0031282586027111575,0.0,0.35714285714285715,0.125,1,0,0,1,0,0,0,0,1,0,1,0,10510
0.0,0.0,0.3333333333333333,0.013555787278415015,0.0,0.35714285714285715,0.625,1,0,0,1,1,0,0,0,0,1,0,0,11726
0.1296296296296296,0.0043859649122807015,1.0,0.07820646506777894,0.5,0.0,0.125,0,0,0,1,1,0,0,0,0,0,1,0,7666
0.018518518518518545,0.0043859649122807015,0.3333333333333333,0.014598540145985403,0.0,0.0,0.5,1,0,0,1,1,0,0,1,0,0,0,1,8089
0.07407407407407407,0.0,0.0,0.008342022940563087,0.0,0.0,0.625,1,1,0,0,1,1,0,0,1,0,0,0,11985
0.7777777777777779,0.006578947368421052,1.0,0.07507820646506778,1.0,0.42857142857142855,0.625,0,0,1,0,0,0,0,0,0,0,1,0,29456
0.09259259259259262,0.0,0.0,0.004171011470281543,0.5,0.0,0.25,0,0,0,1,1,0,0,0,0,0,0,0,9556
0.1296296296296296,0.006578947368421052,0.6666666666666667,0.03858185610010428,0.0,0.0,0.5,1,0,1,0,0,0,1,0,0,0,1,0,8858
0.3518518518518518,0.006578947368421052,0.0,0.0,0.0,0.5714285714285714,0.625,0,0,0,1,0,0,0,0,0,1,1,0,20078
0.055555555555555525,0.0021929824561403508,1.0,0.06256517205422316,0.5,0.0,0.625,1,0,0,1,1,0,0,0,0,0,0,0,10782
0.2962962962962962,0.0,0.0,0.0,0.0,0.42857142857142855,1.0,0,0,0,1,1,0,0,0,0,0,1,0,14823
0.574074074074074,0.006578947368421052,0.3333333333333333,0.011470281543274244,1.0,0.42857142857142855,0.625,0,0,1,0,0,0,0,0,0,0,0,0,30615
0.3518518518518518,0.006578947368421052,1.0,0.07194994786235663,1.0,0.8571428571428571,0.625,0,1,0,0,0,0,0,0,0,0,1,0,28261
0.1296296296296296,0.0021929824561403508,0.3333333333333333,0.018769551616266946,1.0,0.0,0.5,1,0,0,0,1,0,1,0,0,1,0,0,18177
0.1111111111111111,0.006578947368421052,0.0,0.008342022940563087,0.0,0.0,0.125,0,0,0,1,0,0,0,0,0,0,1,0,5823
0.018518518518518545,0.0021929824561403508,0.0,0.0010427528675703858,0.0,0.0,0.25,1,1,0,0,1,0,0,1,1,0,0,0,7207
0.8888888888888888,0.0021929824561403508,0.0,0.008342022940563087,0.5,0.42857142857142855,0.25,0,0,0,0,0,0,0,1,0,0,1,0,24348
0.1296296296296296,0.0043859649122807015,0.6666666666666667,0.03441084462982273,0.0,0.0,0.125,0,1,0,0,0,0,0,0,0,0,0,1,5014
0.055555555555555525,0.0,0.3333333333333333,0.010427528675703858,0.0,0.0,1.0,1,1,0,0,1,0,0,0,1,0,0,1,11110
0.46296296296296297,0.0,0.0,0.0031282586027111575,0.5,0.0,0.625,0,0,1,0,1,0,0,0,0,0,1,0,16149
0.1296296296296296,0.0021929824561403508,0.0,0.0031282586027111575,0.5,0.0,0.625,0,0,0,0,1,0,1,0,0,0,0,1,13145
0.24074074074074076,0.0043859649122807015,0.0,0.0020855057351407717,0.0,0.35714285714285715,0.125,0,1,0,0,0,1,0,0,0,1,1,0,16378
0.018518518518518545,0.0043859649122807015,0.3333333333333333,0.01772679874869656,0.5,0.0,0.625,1,0,0,1,0,0,1,0,0,0,1,0,12325
0.49999999999999994,0.006578947368421052,0.6666666666666667,0.03649635036496351,0.5,0.42857142857142855,0.125,1,0,1,0,0,0,0,0,0,1,1,0,19785
0.07407407407407407,0.0021929824561403508,1.0,0.0521376433785193,1.0,0.0,0.125,1,1,0,0,1,0,1,0,0,0,0,0,13500
0.574074074074074,0.006578947368421052,0.0,0.008342022940563087,1.0,1.0,0.625,1,0,0,1,0,0,1,0,0,1,0,0,39731
0.3333333333333333,0.0,0.3333333333333333,0.014598540145985403,0.5,0.42857142857142855,0.5,1,0,1,0,1,1,0,0,0,1,1,0,25922
0.5185185185185186,0.008771929824561403,1.0,0.10114702815432743,0.5,1.0,0.5,1,1,0,0,0,0,1,0,0,1,0,1,30560
0.9814814814814814,0.0021929824561403508,0.0,0.0020855057351407717,0.5,0.35714285714285715,0.0,0,0,0,1,0,0,0,0,0,0,0,1,23710
0.09259259259259262,0.0021929824561403508,0.6666666666666667,0.027111574556830033,0.0,0.0,0.625,1,0,1,0,1,0,0,1,0,1,0,0,11319
0.055555555555555525,0.0,0.6666666666666667,0.03962460896767466,0.0,0.0,0.25,1,0,1,0,1,0,0,1,0,1,0,0,9996
0.7592592592592593,0.0043859649122807015,0.0,0.008342022940563087,0.5,0.0,0.25,0,0,0,1,0,0,0,0,0,1,1,0,20232
0.0,1.0,0.0,0.008342022940563087,0.0,0.0,0.0,0,0,1,0,1,0,0,1,0,1,0,0,8581
0.3703703703703704,0.010964912280701754,1.0,0.045881126173096975,1.0,0.42857142857142855,0.125,0,0,0,1,0,1,0,0,0,1,0,0,31027
0.3518518518518518,0.0043859649122807015,0.3333333333333333,0.010427528675703858,0.5,0.42857142857142855,0.625,0,0,1,0,1,1,0,0,0,1,0,1,26389
0.4259259259259259,0.0043859649122807015,0.3333333333333333,0.023983315954118876,0.5,0.42857142857142855,0.625,1,0,0,1,0,0,1,0,0,0,1,0,21321
0.3333333333333333,0.0043859649122807015,0.3333333333333333,0.010427528675703858,0.5,0.42857142857142855,0.25,0,1,0,0,0,0,1,0,0,1,1,0,22221
0.09259259259259262,0.0021929824561403508,0.0,0.0,0.5,0.0,1.0,1,1,0,0,1,0,0,0,0,0,1,0,12534
0.7407407407407407,0.006578947368421052,0.0,0.008342022940563087,0.5,0.42857142857142855,0.25,1,0,1,0,0,0,1,0,0,1,0,1,26014
0.1296296296296296,0.0,0.0,0.008342022940563087,0.0,0.0,0.5,0,0,0,1,1,0,0,0,0,1,0,0,9784
0.22222222222222227,0.0,0.3333333333333333,0.010427528675703858,0.5,0.0,0.125,0,0,1,0,1,0,1,0,1,0,0,1,18466
0.25925925925925924,0.008771929824561403,0.3333333333333333,0.01772679874869656,0.5,0.42857142857142855,0.0,1,0,0,1,0,1,0,0,0,0,0,1,20747
0.6111111111111112,0.008771929824561403,0.3333333333333333,0.019812304483837334,1.0,0.0,0.625,0,1,0,0,0,0,1,0,0,0,0,1,29112
0.7037037037037037,0.0021929824561403508,0.3333333333333333,0.011470281543274244,1.0,0.0,0.25,1,0,1,0,1,0,1,0,0,1,1,0,31974
0.25925925925925924,0.0043859649122807015,1.0,0.059436913451511995,1.0,0.42857142857142855,0.625,0,0,0,1,1,0,0,0,0,1,1,0,28373
0.1111111111111111,0.0043859649122807015,0.3333333333333333,0.010427528675703858,0.0,0.0,0.25,0,1,0,0,0,1,0,0,0,0,0,0,10609
0.037037037037037035,0.0,0.6666666666666667,0.03858185610010428,0.0,0.0,0.125,0,1,0,0,1,0,0,1,0,0,0,0,6182
0.7407407407407407,0.006578947368421052,0.6666666666666667,0.04066736183524505,1.0,0.42857142857142855,0.25,0,1,0,0,0,0,0,0,0,0,0,0,28999
0.24074074074074076,0.008771929824561403,1.0,0.09697601668404589,1.0,0.5714285714285714,0.25,1,0,0,0,0,0,0,1,0,1,1,0,31391
0.1296296296296296,0.0043859649122807015,0.3333333333333333,0.023983315954118876,0.0,0.0,0.25,0,0,1,0,1,0,0,0,0,0,1,0,6270
0.1111111111111111,0.0,0.3333333333333333,0.02085505735140772,0.0,0.42857142857142855,0.25,1,0,1,0,1,0,0,0,0,1,0,0,10929
0.055555555555555525,0.0,1.0,0.07612095933263817,1.0,0.35714285714285715,0.125,0,0,1,0,1,1,0,0,0,0,0,0,17920
0.7777777777777779,0.008771929824561403,0.6666666666666667,0.03962460896767466,0.5,0.42857142857142855,0.125,1,0,0,1,0,0,0,1,0,1,0,1,22785
0.24074074074074076,0.0043859649122807015,0.3333333333333333,0.023983315954118876,0.0,0.7857142857142857,1.0,1,0,0,1,0,0,0,0,0,0,0,1,16193
0.5925925925925926,0.0,0.6666666666666667,0.03545359749739312,0.0,0.42857142857142855,0.625,1,0,0,0,1,0,1,0,0,1,0,1,19483
0.5925925925925926,0.006578947368421052,0.6666666666666667,0.03753910323253389,1.0,0.42857142857142855,0.625,1,0,0,0,0,0,1,0,0,1,0,1,35679
0.6111111111111112,0.0043859649122807015,0.3333333333333333,0.010427528675703858,1.0,0.8571428571428571,0.25,0,1,0,0,0,1,0,0,0,0,1,0,33974
0.22222222222222227,0.008771929824561403,0.6666666666666667,0.03753910323253389,0.5,0.42857142857142855,0.5,1,0,1,0,0,0,0,0,0,1,1,0,21309
0.18518518518518517,0.0021929824561403508,0.0,0.00521376433785193,0.0,0.42857142857142855,0.5,0,1,0,0,1,1,0,0,0,0,1,0,17022
0.4259259259259259,0.010964912280701754,0.6666666666666667,0.029197080291970805,0.5,0.42857142857142855,0.125,1,0,0,1,0,0,1,0,0,1,0,1,21494
0.25925925925925924,0.0,0.6666666666666667,0.028154327424400417,0.5,0.35714285714285715,0.25,0,0,1,0,1,1,0,0,1,0,0,1,23307
0.48148148148148145,0.0,0.0,0.0031282586027111575,0.0,0.0,0.625,0,0,1,0,1,1,0,0,0,0,1,0,14711
0.09259259259259262,0.0,0.3333333333333333,0.02294056308654849,0.0,0.42857142857142855,0.25,1,0,1,0,1,0,0,0,0,0,0,0,7177
0.27777777777777773,0.0043859649122807015,0.3333333333333333,0.013555787278415015,0.5,0.0,0.0,1,0,1,0,1,0,0,0,0,1,1,0,17520
0.018518518518518545,0.0043859649122807015,0.0,0.0020855057351407717,0.0,0.0,0.625,1,0,0,0,0,0,0,0,0,1,0,0,9984
0.1296296296296296,0.0021929824561403508,0.3333333333333333,0.02294056308654849,0.0,0.0,0.625,1,0,0,0,1,0,1,0,0,0,1,0,10216
0.6481481481481481,0.0,0.6666666666666667,0.03336809176225235,0.5,0.0,0.625,0,0,0,0,1,0,0,0,0,0,0,0,20433
0.055555555555555525,0.0,0.6666666666666667,0.03753910323253389,0.0,0.0,0.625,0,0,0,1,1,0,0,0,0,0,1,0,6679
0.7777777777777779,0.006578947368421052,0.3333333333333333,0.02294056308654849,1.0,0.35714285714285715,0.25,1,0,1,0,0,0,0,1,0,0,1,0,28752
0.6296296296296295,0.0043859649122807015,1.0,0.06569343065693431,0.5,0.0,0.25,0,0,0,1,0,0,1,0,1,0,0,0,21429
0.3518518518518518,0.006578947368421052,0.3333333333333333,0.01772679874869656,0.5,0.42857142857142855,0.0,0,0,0,1,0,1,0,0,1,0,0,1,20160
0.1111111111111111,0.0021929824561403508,0.3333333333333333,0.010427528675703858,0.5,0.42857142857142855,0.125,1,1,0,0,1,0,0,0,0,1,1,0,14083
0.6666666666666667,0.008771929824561403,0.3333333333333333,0.02502606882168926,1.0,0.42857142857142855,0.625,0,0,1,0,0,0,0,0,0,0,1,0,30180
0.055555555555555525,0.0,0.0,0.0031282586027111575,0.0,0.0,0.0,0,0,1,0,1,0,0,1,0,0,0,0,4975
0.07407407407407407,0.006578947368421052,0.6666666666666667,0.028154327424400417,0.5,0.0,0.125,1,0,1,0,0,0,0,0,0,1,0,0,12075
0.6666666666666667,0.008771929824561403,0.0,0.004171011470281543,0.5,0.42857142857142855,0.25,1,0,1,0,0,0,1,0,1,0,0,1,24181
0.27777777777777773,0.0043859649122807015,0.3333333333333333,0.019812304483837334,0.5,0.42857142857142855,0.625,0,0,0,1,1,0,0,0,0,1,0,1,22744
0.5925925925925926,0.006578947368421052,0.6666666666666667,0.029197080291970805,1.0,0.42857142857142855,0.625,0,0,1,0,0,1,0,0,0,0,1,0,34998
0.7592592592592593,0.0021929824561403508,0.3333333333333333,0.023983315954118876,1.0,0.42857142857142855,0.25,0,0,1,0,1,1,0,0,0,0,0,0,31345
0.1111111111111111,0.0,0.6666666666666667,0.03336809176225235,0.0,0.0,0.125,1,1,0,0,1,0,0,1,0,0,0,0,6009
0.6111111111111112,0.006578947368421052,0.6666666666666667,0.02606882168925965,0.0,0.42857142857142855,0.625,0,0,0,1,0,0,1,0,0,0,0,1,16823
0.6851851851851851,0.010964912280701754,0.3333333333333333,0.02294056308654849,1.0,0.42857142857142855,0.625,1,0,0,0,0,0,0,0,0,1,0,1,32760
0.18518518518518517,0.0,0.0,0.0072992700729927005,0.0,0.42857142857142855,0.625,0,0,0,1,1,0,0,0,1,0,1,0,12908
0.037037037037037035,0.0021929824561403508,0.3333333333333333,0.010427528675703858,0.5,0.0,0.625,0,0,1,0,1,0,0,1,0,0,1,0,12415
0.0,0.0,1.0,0.10010427528675704,0.5,0.0,0.25,1,0,1,0,1,0,0,0,0,0,0,0,8541
0.09259259259259262,0.006578947368421052,0.3333333333333333,0.019812304483837334,0.0,0.0,0.125,0,0,0,1,0,0,1,0,0,1,0,0,10732
0.1296296296296296,0.0,0.6666666666666667,0.029197080291970805,0.0,0.35714285714285715,0.25,1,0,0,0,1,0,0,0,0,0,0,1,6938
0.055555555555555525,0.0021929824561403508,0.6666666666666667,0.04066736183524505,0.0,0.0,0.25,0,0,1,0,1,0,0,0,0,0,0,1,4962
0.09259259259259262,0.0,0.3333333333333333,0.019812304483837334,0.0,0.0,0.5,1,0,1,0,1,0,0,0,0,0,1,0,6821
0.7222222222222223,0.006578947368421052,0.0,0.008342022940563087,0.5,0.0,0.625,1,0,1,0,0,1,0,0,0,1,1,0,26148
0.1111111111111111,0.0021929824561403508,1.0,0.05735140771637122,0.5,0.0,0.25,1,0,1,0,1,0,0,0,0,0,0,0,9195
0.537037037037037,0.006578947368421052,0.0,0.00521376433785193,0.5,0.35714285714285715,0.25,0,0,0,1,0,1,0,0,0,0,1,0,23490
0.1296296296296296,0.0,0.0,0.008342022940563087,0.0,0.5714285714285714,0.25,0,0,0,0,1,0,0,0,0,0,0,1,11518
0.055555555555555525,0.0,0.3333333333333333,0.018769551616266946,0.0,0.0,0.25,0,0,1,0,1,0,0,0,0,0,0,0,5388
0.7777777777777779,0.006578947368421052,1.0,0.0521376433785193,1.0,0.42857142857142855,0.5,1,0,0,1,0,0,0,0,0,0,0,1,30190
0.1296296296296296,0.006578947368421052,0.3333333333333333,0.02502606882168926,0.0,0.0,0.25,0,0,1,0,0,0,0,0,0,0,0,0,6014
0.5555555555555556,0.008771929824561403,1.0,0.07194994786235663,0.5,0.42857142857142855,0.25,0,0,0,1,0,1,0,0,1,0,0,1,25620
0.07407407407407407,0.0,0.6666666666666667,0.03336809176225235,0.5,0.0,0.25,0,0,1,0,1,1,0,0,0,0,1,0,13453
0.5925925925925926,0.0043859649122807015,0.6666666666666667,0.02606882168925965,1.0,0.42857142857142855,0.625,1,0,1,0,0,0,0,0,0,1,0,1,33329
0.4259259259259259,0.006578947368421052,0.0,0.00521376433785193,0.0,0.5714285714285714,0.25,1,1,0,0,0,1,0,0,0,0,1,0,18313
0.7777777777777779,0.0021929824561403508,0.6666666666666667,0.03753910323253389,0.5,1.0,0.125,0,0,1,0,1,0,0,1,0,0,0,1,25235
0.6851851851851851,0.0043859649122807015,0.6666666666666667,0.03753910323253389,0.5,0.42857142857142855,0.125,1,0,1,0,0,0,1,0,0,1,0,1,24120
0.18518518518518517,0.010964912280701754,1.0,0.06777893639207508,0.5,0.0,0.125,0,0,1,0,0,1,0,0,0,1,1,0,21853
0.20370370370370366,0.006578947368421052,1.0,0.07299270072992702,1.0,0.42857142857142855,1.0,0,0,1,0,0,0,0,0,0,0,1,0,27159
0.3333333333333333,0.006578947368421052,0.6666666666666667,0.03336809176225235,0.5,0.35714285714285715,0.125,0,0,0,0,0,0,0,0,1,0,0,1,18047
0.6666666666666667,0.006578947368421052,0.6666666666666667,0.028154327424400417,1.0,0.0,0.625,0,0,0,0,0,0,0,0,0,0,0,1,28569
0.46296296296296297,0.0043859649122807015,0.3333333333333333,0.018769551616266946,0.5,0.42857142857142855,0.25,0,0,0,0,0,0,0,0,0,0,1,0,18147
0.4074074074074074,0.006578947368421052,0.3333333333333333,0.016684045881126174,0.5,0.42857142857142855,1.0,0,0,0,1,0,1,0,0,0,1,1,0,28327
0.018518518518518545,0.0021929824561403508,0.3333333333333333,0.010427528675703858,1.0,1.0,0.625,1,0,0,0,1,0,0,0,0,1,0,0,24329
0.962962962962963,0.0021929824561403508,0.3333333333333333,0.010427528675703858,0.5,0.5714285714285714,0.0,0,0,1,0,0,0,0,0,0,0,0,1,26678
0.25925925925925924,0.006578947368421052,0.0,0.008342022940563087,0.0,0.42857142857142855,0.625,1,0,0,1,0,0,1,0,0,1,0,1,17073
0.5925925925925926,0.0,0.0,0.0,0.5,0.35714285714285715,0.25,0,0,1,0,1,0,0,0,0,0,0,1,19419
0.7037037037037037,0.008771929824561403,0.3333333333333333,0.023983315954118876,1.0,0.5714285714285714,0.0,0,0,0,1,0,0,0,0,1,0,0,0,32036
0.3148148148148148,0.006578947368421052,0.3333333333333333,0.021897810218978103,1.0,0.42857142857142855,0.125,0,0,0,1,0,1,0,0,1,0,0,1,27642
0.3888888888888889,0.0,0.3333333333333333,0.011470281543274244,0.5,0.8571428571428571,0.5,0,0,0,1,1,0,1,0,0,0,0,0,22060
0.07407407407407407,0.0021929824561403508,0.0,0.008342022940563087,0.0,0.0,0.625,1,0,0,1,1,0,0,0,0,0,1,0,7870
0.018518518518518545,0.0,0.0,0.0020855057351407717,0.5,0.0,0.25,0,0,1,0,1,0,1,0,0,0,0,0,11685
0.7407407407407407,0.0043859649122807015,0.0,0.0072992700729927005,0.5,0.35714285714285715,0.5,1,0,0,1,0,0,0,0,0,1,0,0,24594
0.1111111111111111,0.0021929824561403508,0.3333333333333333,0.01564129301355579,1.0,0.0,0.625,1,0,0,1,1,0,0,0,0,1,0,0,18273
0.46296296296296297,0.0021929824561403508,1.0,0.05735140771637122,1.0,0.42857142857142855,0.125,1,1,0,0,1,0,0,0,0,1,0,1,25692
0.3703703703703704,0.006578947368421052,0.3333333333333333,0.021897810218978103,0.5,0.42857142857142855,0.25,1,0,0,0,0,0,1,0,0,1,1,0,21417
0.1111111111111111,0.0,0.0,0.0031282586027111575,1.0,0.0,0.625,1,0,0,1,1,0,0,1,0,0,0,1,14915
0.5925925925925926,0.0043859649122807015,0.6666666666666667,0.029197080291970805,1.0,0.42857142857142855,0.125,0,0,1,0,0,0,1,0,0,0,1,0,29932
0.1111111111111111,0.006578947368421052,0.3333333333333333,0.010427528675703858,0.0,0.0,0.25,0,0,1,0,0,0,0,0,0,0,1,0,6534
0.46296296296296297,0.008771929824561403,0.3333333333333333,0.011470281543274244,0.5,1.0,0.625,0,0,1,0,0,0,0,1,0,0,0,1,24110
0.14814814814814814,0.006578947368421052,0.3333333333333333,0.016684045881126174,0.5,0.42857142857142855,0.5,0,0,1,0,0,0,0,0,0,1,0,1,21924
0.3703703703703704,0.008771929824561403,1.0,0.10010427528675704,1.0,0.35714285714285715,0.25,1,0,1,0,0,0,0,0,0,1,0,1,25931
0.09259259259259262,0.0043859649122807015,0.0,0.0072992700729927005,0.0,0.35714285714285715,0.25,0,1,0,0,1,0,0,0,0,0,1,0,8492
0.27777777777777773,0.006578947368421052,0.0,0.0,0.0,0.35714285714285715,0.5,0,0,1,0,0,0,0,0,0,0,1,0,12070
0.6666666666666667,0.0021929824561403508,0.3333333333333333,0.02294056308654849,0.0,0.35714285714285715,0.5,0,0,1,0,1,0,1,0,0,0,1,0,14614
0.3333333333333333,0.006578947368421052,0.3333333333333333,0.018769551616266946,0.5,0.42857142857142855,0.0,0,1,0,0,0,1,0,0,0,0,0,0,19547
0.7222222222222223,0.008771929824561403,0.3333333333333333,0.019812304483837334,1.0,0.42857142857142855,0.25,1,0,0,1,0,0,1,0,0,1,0,1,32542
0.49999999999999994,0.0043859649122807015,0.6666666666666667,0.027111574556830033,0.5,0.42857142857142855,1.0,1,0,1,0,0,0,1,0,0,0,1,0,22873
0.0,0.0,1.0,0.054223149113660066,0.5,0.42857142857142855,0.125,0,1,0,0,1,0,0,0,0,1,0,0,12773
0.4259259259259259,0.006578947368421052,0.3333333333333333,0.011470281543274244,1.0,0.0,1.0,1,0,0,1,0,1,0,0,0,0,0,1,29826
0.574074074074074,0.0043859649122807015,0.3333333333333333,0.009384775808133473,1.0,0.42857142857142855,1.0,1,1,0,0,0,1,0,0,0,0,0,1,35195
0.49999999999999994,0.008771929824561403,0.6666666666666667,0.02606882168925965,0.5,1.0,0.25,0,1,0,0,0,0,1,0,1,0,0,1,24708
0.18518518518518517,0.010964912280701754,0.0,0.0,0.0,0.42857142857142855,0.625,0,1,0,0,0,0,0,0,0,0,1,0,13321
0.7777777777777779,0.010964912280701754,0.3333333333333333,0.010427528675703858,1.0,0.7857142857142857,0.125,1,0,0,1,0,0,1,0,0,0,0,1,31993
0.1111111111111111,0.0,0.0,0.0031282586027111575,0.0,0.0,0.25,1,0,0,1,1,0,0,1,1,0,0,0,8037
0.1296296296296296,0.0021929824561403508,0.0,0.0,0.0,0.0,0.625,1,1,0,0,1,0,0,1,0,0,1,0,8952
0.18518518518518517,0.006578947368421052,0.0,0.0020855057351407717,0.0,0.5714285714285714,0.25,1,0,1,0,0,0,1,0,1,0,1,0,18206
0.4074074074074074,0.006578947368421052,0.3333333333333333,0.021897810218978103,0.5,0.42857142857142855,0.625,0,0,1,0,0,0,0,1,0,0,1,0,20164
0.7037037037037037,0.0043859649122807015,0.0,0.004171011470281543,0.5,0.42857142857142855,0.25,0,1,0,0,0,1,0,0,0,0,1,0,24578
0.6111111111111112,0.010964912280701754,0.3333333333333333,0.009384775808133473,1.0,0.35714285714285715,0.5,0,0,1,0,0,1,0,0,0,0,0,1,33778
0.4259259259259259,0.006578947368421052,0.0,0.0,0.0,0.42857142857142855,0.625,0,0,0,1,0,0,0,0,0,0,1,0,12121
0.6851851851851851,0.0,0.0,0.006256517205422314,0.5,0.35714285714285715,1.0,0,0,0,1,1,1,0,0,0,0,1,0,27709
0.14814814814814814,0.010964912280701754,0.3333333333333333,0.02502606882168926,0.5,0.0,0.125,0,0,0,0,0,0,0,0,0,0,0,1,15453
0.09259259259259262,0.0,0.3333333333333333,0.01251303441084463,0.0,0.42857142857142855,0.25,1,1,0,0,1,0,0,0,1,0,1,0,9625
0.44444444444444436,0.008771929824561403,0.0,0.008342022940563087,0.0,0.35714285714285715,0.125,0,0,0,1,0,1,0,0,0,0,1,0,13651
0.5555555555555556,0.008771929824561403,0.0,0.0020855057351407717,0.5,0.35714285714285715,0.625,0,1,0,0,0,1,0,0,1,0,1,0,26653
0.6666666666666667,0.0043859649122807015,0.6666666666666667,0.02502606882168926,1.0,0.42857142857142855,0.625,0,0,1,0,0,0,0,0,1,0,0,0,31577
0.3888888888888889,0.0043859649122807015,0.6666666666666667,0.03649635036496351,0.5,0.35714285714285715,0.625,0,1,0,0,0,0,1,0,0,1,1,0,23005
0.3888888888888889,0.006578947368421052,0.0,0.0,0.0,0.42857142857142855,0.625,0,0,0,1,0,0,0,0,0,0,1,0,12210
0.6666666666666667,0.006578947368421052,0.0,0.0072992700729927005,0.5,0.42857142857142855,0.625,0,0,0,0,0,0,0,0,0,0,0,0,22256
0.27777777777777773,0.006578947368421052,0.3333333333333333,0.02502606882168926,0.5,0.42857142857142855,0.25,0,0,0,1,0,0,1,0,0,0,0,1,19551
0.5185185185185186,0.006578947368421052,0.0,0.00521376433785193,1.0,0.35714285714285715,0.625,0,1,0,0,0,1,0,0,1,0,1,0,35776
0.055555555555555525,0.0,0.0,0.006256517205422314,0.0,0.0,0.5,0,0,0,0,1,0,0,0,0,0,1,0,7687
0.09259259259259262,0.0,0.0,0.0010427528675703858,1.0,0.0,0.25,0,1,0,0,1,0,0,0,0,0,1,0,12239
0.16666666666666669,0.0043859649122807015,0.0,0.004171011470281543,0.0,1.0,0.25,1,0,1,0,0,0,0,0,0,0,1,0,15723
0.49999999999999994,0.0021929824561403508,0.3333333333333333,0.01564129301355579,0.0,0.35714285714285715,0.625,0,0,1,0,1,0,0,0,0,0,0,0,12127
0.6666666666666667,0.006578947368421052,1.0,0.0667361835245047,1.0,0.8571428571428571,0.25,1,0,0,1,0,0,1,0,0,1,0,1,35057
0.7407407407407407,0.0,0.3333333333333333,0.010427528675703858,1.0,0.0,0.125,1,0,1,0,1,1,0,0,0,1,0,1,33013
0.037037037037037035,0.0,0.3333333333333333,0.010427528675703858,0.0,0.0,0.0,0,0,1,0,1,1,0,0,1,0,0,0,9783
0.3148148148148148,0.0,0.3333333333333333,0.019812304483837334,0.5,0.42857142857142855,0.25,0,0,1,0,1,0,0,0,1,0,0,1,17575
0.5185185185185186,0.006578947368421052,1.0,0.06360792492179354,1.0,0.42857142857142855,0.5,0,1,0,0,0,0,0,0,0,0,0,1,29574
0.7407407407407407,0.008771929824561403,0.6666666666666667,0.03858185610010428,1.0,0.42857142857142855,0.125,0,1,0,0,0,1,0,0,1,0,0,1,32485
0.5555555555555556,0.0021929824561403508,0.0,0.0072992700729927005,0.5,0.35714285714285715,0.25,0,0,0,0,1,0,0,0,0,0,1,0,19788
0.7592592592592593,0.008771929824561403,0.0,0.008342022940563087,0.0,0.0,0.125,0,0,1,0,0,0,0,0,1,0,1,0,9831
0.49999999999999994,0.0,1.0,0.09697601668404589,0.5,0.0,0.5,1,1,0,0,1,0,1,0,0,1,1,0,21774
0.6481481481481481,0.006578947368421052,0.0,0.006256517205422314,0.5,0.42857142857142855,0.625,0,0,1,0,0,0,0,0,1,0,0,0,22295
0.5185185185185186,0.006578947368421052,0.3333333333333333,0.016684045881126174,1.0,0.42857142857142855,0.5,1,1,0,0,0,0,1,0,0,0,0,1,31346
0.44444444444444436,0.010964912280701754,0.0,0.00521376433785193,0.0,1.0,0.25,1,0,1,0,0,1,0,0,0,0,1,0,18154
0.574074074074074,0.006578947368421052,0.3333333333333333,0.010427528675703858,1.0,0.42857142857142855,1.0,0,0,0,1,0,0,0,1,0,0,0,1,33318
0.7777777777777779,0.006578947368421052,0.0,0.006256517205422314,0.5,0.35714285714285715,1.0,0,0,0,0,0,0,0,0,0,0,0,1,23077
0.7407407407407407,0.010964912280701754,1.0,0.09489051094890512,1.0,0.42857142857142855,0.125,0,0,0,1,0,1,0,0,1,0,1,0,32104
0.44444444444444436,0.008771929824561403,1.0,0.05526590198123045,0.5,0.35714285714285715,0.25,0,0,1,0,0,1,0,0,0,0,0,0,21759
0.055555555555555525,0.0,0.3333333333333333,0.021897810218978103,0.0,0.42857142857142855,0.25,0,0,1,0,1,0,0,0,1,0,1,0,9131
0.037037037037037035,0.006578947368421052,0.0,0.0072992700729927005,0.0,0.0,1.0,0,0,0,1,0,0,1,0,0,0,0,0,11472
0.0,0.0,0.0,0.004171011470281543,0.0,0.0,0.25,0,0,0,1,1,0,0,1,0,0,1,0,6405
0.5185185185185186,0.010964912280701754,0.0,0.004171011470281543,0.5,0.5714285714285714,0.25,0,0,1,0,0,0,1,0,0,0,0,1,26089
0.48148148148148145,0.008771929824561403,0.3333333333333333,0.009384775808133473,0.5,0.42857142857142855,0.625,1,0,1,0,0,0,1,0,0,1,0,1,24536
0.7592592592592593,0.006578947368421052,0.6666666666666667,0.03753910323253389,1.0,0.42857142857142855,0.5,0,0,0,0,0,0,0,1,0,0,1,0,29653
0.4074074074074074,0.006578947368421052,0.0,0.0020855057351407717,0.0,0.42857142857142855,0.625,1,0,1,0,0,0,0,0,0,1,1,0,15570
0.6111111111111112,0.0043859649122807015,0.6666666666666667,0.02502606882168926,1.0,0.0,0.25,1,0,0,1,0,1,0,0,0,1,0,0,32400
0.24074074074074076,0.006578947368421052,0.0,0.00521376433785193,0.0,0.0,0.0,0,0,1,0,0,0,0,0,1,0,1,0,8966
0.1296296296296296,0.0,0.6666666666666667,0.04066736183524505,0.5,0.0,1.0,0,0,0,1,1,0,1,0,0,1,0,0,17199
0.44444444444444436,0.006578947368421052,0.0,0.0020855057351407717,0.0,0.42857142857142855,0.125,1,0,1,0,0,0,1,0,1,0,1,0,13395
0.9814814814814814,0.0043859649122807015,0.0,0.004171011470281543,0.5,0.42857142857142855,0.625,0,0,1,0,0,0,0,0,0,0,0,1,25203
0.0,0.006578947368421052,0.0,0.004171011470281543,0.0,0.35714285714285715,0.25,0,0,1,0,0,0,0,0,1,0,0,0,8228
0.6666666666666667,0.006578947368421052,1.0,0.06360792492179354,1.0,0.42857142857142855,0.5,0,0,0,1,0,0,1,0,0,0,0,0,31215
0.14814814814814814,0.0,1.0,0.0667361835245047,1.0,0.42857142857142855,0.25,0,0,0,1,1,0,0,0,1,0,0,0,25606
0.018518518518518545,0.006578947368421052,0.0,0.004171011470281543,0.0,0.0,0.5,1,1,0,0,0,0,0,0,0,1,0,0,9272
0.0,0.006578947368421052,0.3333333333333333,0.019812304483837334,0.0,0.0,0.625,1,1,0,0,0,0,0,1,0,1,1,0,11666
0.22222222222222227,0.0043859649122807015,0.0,0.0020855057351407717,0.0,0.0,0.625,0,0,1,0,0,0,1,0,0,0,1,0,13332
0.4074074074074074,0.0021929824561403508,0.3333333333333333,0.009384775808133473,0.5,0.0,0.625,0,0,0,0,1,0,1,0,0,0,1,0,19663
0.44444444444444436,0.0,0.6666666666666667,0.03753910323253389,0.0,0.42857142857142855,0.25,0,0,0,0,1,0,0,0,1,0,0,1,11563
0.2962962962962962,0.0043859649122807015,0.0,0.006256517205422314,0.5,1.0,0.625,0,0,0,0,1,0,0,1,1,0,1,0,25499
0.6111111111111112,0.006578947368421052,0.3333333333333333,0.014598540145985403,1.0,0.42857142857142855,0.125,0,1,0,0,0,0,0,0,0,0,1,0,27612
0.537037037037037,0.0043859649122807015,0.0,0.0020855057351407717,0.5,0.42857142857142855,0.125,0,1,0,0,0,0,0,0,0,0,0,1,20186
0.7222222222222223,0.0021929824561403508,0.3333333333333333,0.023983315954118876,0.0,0.35714285714285715,0.125,1,0,1,0,1,0,0,0,0,0,1,0,11411
0.3518518518518518,0.0,0.3333333333333333,0.02294056308654849,1.0,0.42857142857142855,0.625,0,0,1,0,1,1,0,0,0,0,0,1,29711
0.018518518518518545,0.0,0.3333333333333333,0.013555787278415015,0.0,0.0,0.25,0,0,0,1,1,0,1,0,0,0,1,0,7889
0.7222222222222223,0.0043859649122807015,0.3333333333333333,0.010427528675703858,0.0,0.0,0.0,0,0,0,1,0,0,0,0,1,0,1,0,10694
0.5185185185185186,0.006578947368421052,0.6666666666666667,0.03336809176225235,1.0,0.0,1.0,1,0,0,1,0,0,1,0,0,1,0,0,34916
0.22222222222222227,0.0021929824561403508,0.3333333333333333,0.011470281543274244,0.5,0.42857142857142855,0.0,0,0,0,1,1,0,0,0,0,0,1,0,16602
0.07407407407407407,0.0021929824561403508,0.0,0.0020855057351407717,0.0,0.0,0.125,1,0,0,1,1,0,0,0,0,0,0,0,4762
0.7222222222222223,0.0043859649122807015,0.0,0.006256517205422314,0.5,0.35714285714285715,0.25,0,1,0,0,0,0,0,0,0,0,1,0,19990
0.1111111111111111,0.0,1.0,0.08133472367049009,1.0,0.0,0.0,0,0,0,0,1,0,0,0,0,0,1,0,11379
0.27777777777777773,0.006578947368421052,0.0,0.004171011470281543,0.0,0.5714285714285714,0.25,1,0,0,1,0,0,0,0,0,0,1,0,15487
0.5185185185185186,0.008771929824561403,0.3333333333333333,0.02294056308654849,1.0,0.42857142857142855,0.0,0,0,1,0,0,0,1,0,0,0,0,0,28270
0.18518518518518517,0.0043859649122807015,0.6666666666666667,0.030239833159541193,0.5,0.42857142857142855,0.125,0,0,1,0,0,0,0,1,1,0,0,1,18098
0.14814814814814814,0.008771929824561403,0.6666666666666667,0.03232533889468196,0.5,0.0,0.625,0,1,0,0,0,0,0,0,1,0,0,1,17576
0.1111111111111111,0.0021929824561403508,0.0,0.00521376433785193,0.0,0.42857142857142855,0.25,1,0,0,0,1,0,0,0,0,0,0,0,8418
0.055555555555555525,0.006578947368421052,1.0,0.06047966631908238,0.5,0.0,0.125,1,0,1,0,0,0,0,0,0,1,0,0,12781
0.055555555555555525,0.0,0.0,0.008342022940563087,0.0,0.0,0.25,1,0,1,0,1,0,0,0,0,0,0,0,6418
0.7777777777777779,0.008771929824561403,0.0,0.006256517205422314,0.5,0.5714285714285714,0.125,0,0,0,1,0,0,0,0,0,0,0,1,22844
0.4074074074074074,0.006578947368421052,0.3333333333333333,0.018769551616266946,1.0,0.42857142857142855,0.625,0,0,1,0,0,0,0,0,1,0,1,0,26634
0.14814814814814814,0.010964912280701754,0.0,0.004171011470281543,0.0,0.5714285714285714,0.5,0,0,0,0,0,0,0,1,0,0,0,0,15996
0.0,0.0,0.3333333333333333,0.02085505735140772,0.0,0.0,1.0,0,0,1,0,1,0,0,0,0,0,1,0,8610
0.48148148148148145,0.010964912280701754,0.3333333333333333,0.01251303441084463,1.0,0.0,0.25,0,0,0,1,0,0,0,0,0,0,0,1,22340
0.14814814814814814,0.006578947368421052,1.0,0.08029197080291971,1.0,0.42857142857142855,0.125,0,0,0,1,0,0,0,0,1,0,1,0,24171
0.46296296296296297,0.010964912280701754,1.0,0.06777893639207508,1.0,0.35714285714285715,0.125,1,0,0,1,0,0,1,0,0,1,0,0,28283
0.24074074074074076,0.006578947368421052,0.3333333333333333,0.014598540145985403,0.5,0.35714285714285715,0.125,0,0,1,0,0,0,0,1,0,0,0,0,17198
0.3888888888888889,0.0021929824561403508,0.3333333333333333,0.023983315954118876,0.5,0.42857142857142855,0.125,1,0,1,0,1,1,0,0,0,0,1,0,20602
0.6111111111111112,0.0043859649122807015,0.6666666666666667,0.02502606882168926,1.0,0.42857142857142855,0.625,0,0,0,1,1,1,0,0,0,0,0,1,34788
0.037037037037037035,0.0,0.3333333333333333,0.02502606882168926,0.0,1.0,0.625,1,1,0,0,1,0,0,0,0,1,0,0,16357
0.018518518518518545,0.0,0.0,0.0,0.0,0.0,0.5,1,0,0,1,1,1,0,0,0,0,0,0,11968
0.24074074074074076,0.0,0.0,0.008342022940563087,0.0,0.35714285714285715,0.625,1,0,0,0,1,0,0,1,0,0,1,0,14069
0.6481481481481481,0.006578947368421052,0.3333333333333333,0.018769551616266946,1.0,0.35714285714285715,1.0,1,0,1,0,0,0,0,0,0,1,1,0,34836
0.9074074074074074,0.0021929824561403508,1.0,0.08029197080291971,1.0,0.5714285714285714,0.25,1,0,1,0,0,0,1,0,0,0,0,1,40033
0.3518518518518518,0.008771929824561403,0.0,0.0010427528675703858,0.0,0.0,0.25,1,1,0,0,0,0,1,0,0,0,0,0,10400
0.14814814814814814,0.0043859649122807015,0.0,0.004171011470281543,0.0,0.42857142857142855,0.625,0,0,1,0,0,0,0,0,0,1,1,0,14659
0.4074074074074074,0.0043859649122807015,0.6666666666666667,0.03336809176225235,0.5,0.42857142857142855,0.625,1,1,0,0,0,0,0,0,0,1,0,1,21171
0.16666666666666669,0.008771929824561403,0.0,0.0,0.0,0.42857142857142855,0.25,0,0,1,0,0,1,0,0,0,0,1,0,15505
0.5925925925925926,0.0021929824561403508,0.6666666666666667,0.030239833159541193,1.0,0.0,0.625,1,0,1,0,1,0,1,0,1,0,0,1,32005
0.6296296296296295,0.006578947368421052,0.6666666666666667,0.028154327424400417,1.0,0.5714285714285714,0.125,1,0,1,0,0,0,0,0,0,1,1,0,34025
0.6481481481481481,0.008771929824561403,0.3333333333333333,0.010427528675703858,1.0,0.42857142857142855,0.125,1,1,0,0,0,1,0,0,0,0,0,0,32099
0.4259259259259259,0.008771929824561403,0.0,0.00521376433785193,0.5,0.42857142857142855,1.0,0,0,0,1,0,0,0,0,0,1,1,0,23952
0.09259259259259262,0.0,0.0,0.0010427528675703858,0.0,0.42857142857142855,0.125,0,0,1,0,1,0,0,1,0,0,1,0,8416
0.037037037037037035,0.0,0.6666666666666667,0.03441084462982273,0.0,0.0,0.25,0,0,0,1,1,0,0,1,0,0,0,1,5954
0.7037037037037037,0.008771929824561403,0.0,0.0031282586027111575,0.5,0.5714285714285714,0.25,1,1,0,0,0,1,0,0,0,0,1,0,28361
0.09259259259259262,0.006578947368421052,0.6666666666666667,0.02606882168925965,0.0,0.0,1.0,1,1,0,0,0,0,1,0,0,0,0,0,11471
0.6111111111111112,0.006578947368421052,0.6666666666666667,0.03545359749739312,1.0,0.42857142857142855,1.0,1,0,0,1,0,0,0,1,1,0,0,1,33779
0.5185185185185186,0.0043859649122807015,0.6666666666666667,0.03962460896767466,1.0,1.0,0.5,0,1,0,0,0,1,0,0,0,0,1,0,37746
0.1111111111111111,0.0,0.0,0.0010427528675703858,0.0,0.42857142857142855,0.625,0,1,0,0,1,0,0,0,0,0,0,1,10431
0.5555555555555556,0.006578947368421052,0.6666666666666667,0.03649635036496351,1.0,0.42857142857142855,0.5,0,0,1,0,0,0,1,0,0,0,0,1,31667
0.7222222222222223,0.010964912280701754,1.0,0.09384775808133473,1.0,0.35714285714285715,0.25,0,0,1,0,0,0,0,0,0,0,0,1,27967
0.2962962962962962,0.0,0.0,0.008342022940563087,0.0,0.7857142857142857,0.0,0,0,0,0,1,0,0,0,0,0,1,0,11170
0.055555555555555525,0.0021929824561403508,0.0,0.0020855057351407717,0.0,0.42857142857142855,0.25,0,0,1,0,1,0,0,0,0,0,0,0,7953
0.3888888888888889,0.0,0.6666666666666667,0.030239833159541193,0.5,0.42857142857142855,0.625,1,1,0,0,1,0,0,0,0,1,1,0,21278
0.48148148148148145,0.010964912280701754,1.0,0.05526590198123045,1.0,0.0,0.625,0,0,0,0,0,0,1,0,0,0,1,0,26493
0.3518518518518518,0.0043859649122807015,0.0,0.0010427528675703858,0.0,0.42857142857142855,0.5,0,0,1,0,0,0,1,0,0,0,0,1,13239
0.037037037037037035,0.0021929824561403508,0.6666666666666667,0.03858185610010428,0.5,0.0,0.625,0,0,0,0,1,0,0,0,0,0,1,0,11873
0.0,0.0021929824561403508,0.0,0.0010427528675703858,0.0,0.0,0.25,1,1,0,0,1,0,0,0,0,0,0,0,5704
0.1296296296296296,0.0021929824561403508,0.6666666666666667,0.027111574556830033,0.0,0.0,0.625,1,0,1,0,1,0,0,0,0,0,0,0,7099
0.1111111111111111,0.0,0.3333333333333333,0.011470281543274244,0.0,0.42857142857142855,0.625,0,0,0,1,1,0,1,0,0,0,0,0,10607
0.09259259259259262,0.0,0.3333333333333333,0.019812304483837334,0.0,1.0,1.0,0,0,1,0,1,0,0,0,0,0,0,1,14787
0.5185185185185186,0.0043859649122807015,0.3333333333333333,0.02085505735140772,1.0,0.35714285714285715,0.625,0,0,1,0,0,0,0,0,0,0,0,1,30822
0.09259259259259262,0.0,0.0,0.006256517205422314,0.0,0.0,1.0,0,0,1,0,1,0,0,0,0,0,0,0,9797
0.574074074074074,0.008771929824561403,0.6666666666666667,0.02502606882168926,1.0,0.42857142857142855,0.25,1,0,1,0,0,1,0,0,0,1,0,1,34769
0.3703703703703704,0.010964912280701754,0.3333333333333333,0.009384775808133473,0.0,1.0,0.625,0,0,1,0,0,0,0,1,0,0,0,0,16274
0.1296296296296296,0.006578947368421052,0.0,0.004171011470281543,0.0,0.0,0.25,1,0,0,1,0,0,1,0,0,0,1,0,7706
0.49999999999999994,0.0043859649122807015,1.0,0.10218978102189781,1.0,0.35714285714285715,1.0,0,0,0,1,0,0,0,0,0,0,0,0,26616
0.037037037037037035,0.0021929824561403508,0.0,0.00521376433785193,0.0,0.0,0.625,0,0,0,1,1,0,0,1,0,0,0,0,7712
0.5925925925925926,0.006578947368421052,0.3333333333333333,0.014598540145985403,1.0,0.42857142857142855,0.625,1,0,0,0,0,1,0,0,0,1,1,0,36476
0.055555555555555525,0.0021929824561403508,0.3333333333333333,0.01251303441084463,0.0,0.0,1.0,0,0,0,0,1,0,0,0,0,0,0,1,8591
0.27777777777777773,0.008771929824561403,0.6666666666666667,0.03441084462982273,0.5,0.0,0.25,0,0,1,0,0,0,0,0,1,0,0,1,16209
0.25925925925925924,0.0043859649122807015,0.3333333333333333,0.019812304483837334,0.5,0.42857142857142855,0.125,0,1,0,0,0,0,0,0,0,0,0,1,15706
0.7407407407407407,0.006578947368421052,0.0,0.00521376433785193,0.5,0.42857142857142855,0.125,0,0,0,0,0,0,0,0,0,0,0,1,20265
0.0,0.0,0.0,0.004171011470281543,0.5,0.0,0.625,0,0,0,0,1,0,0,0,0,1,0,1,13893
0.09259259259259262,0.0021929824561403508,1.0,0.06882168925964546,0.5,0.0,0.125,0,0,1,0,1,0,0,0,0,1,0,0,10846
0.6666666666666667,0.5043859649122807,0.0,0.0020855057351407717,0.5,0.35714285714285715,0.25,0,0,0,0,0,0,0,0,0,0,1,0,20402
0.09259259259259262,0.0,0.6666666666666667,0.03962460896767466,0.0,0.0,0.25,0,0,0,1,1,0,0,0,1,0,1,0,6247
0.3888888888888889,0.006578947368421052,0.3333333333333333,0.02294056308654849,0.5,1.0,0.625,0,1,0,0,0,1,0,0,0,0,1,0,27022
0.5185185185185186,0.006578947368421052,0.0,0.0020855057351407717,0.5,0.42857142857142855,0.25,0,0,1,0,0,1,0,0,0,1,1,0,26619
0.2962962962962962,0.0,0.0,0.004171011470281543,0.0,0.42857142857142855,0.25,0,1,0,0,1,0,0,1,0,1,1,0,13622
0.27777777777777773,0.006578947368421052,1.0,0.08654848800834203,1.0,0.42857142857142855,0.25,1,0,1,0,0,0,0,0,1,0,1,0,25147
0.4074074074074074,0.008771929824561403,0.3333333333333333,0.02294056308654849,0.5,0.7857142857142857,0.125,1,1,0,0,0,0,1,0,0,1,0,0,23265
0.46296296296296297,0.0,0.3333333333333333,0.02502606882168926,0.5,0.42857142857142855,0.25,1,0,1,0,1,0,1,0,0,1,1,0,22155
0.0,0.0043859649122807015,0.3333333333333333,0.013555787278415015,0.0,0.0,0.5,1,0,0,0,0,0,0,1,0,0,1,0,7053
0.1296296296296296,0.0,0.3333333333333333,0.01251303441084463,0.0,0.0,0.125,0,0,1,0,1,0,0,0,0,0,0,0,4549
0.6111111111111112,0.008771929824561403,1.0,0.054223149113660066,1.0,0.42857142857142855,0.25,1,1,0,0,0,0,1,0,0,0,0,1,29764
0.3518518518518518,0.0021929824561403508,0.0,0.006256517205422314,0.0,0.42857142857142855,0.125,0,0,0,1,1,0,1,0,1,0,1,0,12710
0.7777777777777779,0.008771929824561403,0.0,0.006256517205422314,0.5,1.0,0.25,0,1,0,0,0,0,0,0,0,0,0,1,24616
0.27777777777777773,0.008771929824561403,0.6666666666666667,0.03962460896767466,0.5,0.8571428571428571,0.5,1,0,1,0,0,0,1,0,0,0,1,0,23023
0.018518518518518545,0.006578947368421052,0.0,0.0020855057351407717,1.0,0.42857142857142855,0.5,0,0,0,1,0,0,0,1,0,0,1,0,16787
0.3148148148148148,0.0,0.0,0.0010427528675703858,0.0,0.35714285714285715,0.625,0,0,1,0,1,0,0,0,0,1,1,0,15092
0.018518518518518545,0.0021929824561403508,0.6666666666666667,0.03128258602711158,0.0,0.0,0.25,1,0,1,0,1,0,0,0,0,0,0,0,5231
0.2962962962962962,0.0043859649122807015,0.0,0.004171011470281543,0.0,0.42857142857142855,0.125,0,0,0,1,0,0,0,1,1,0,0,1,12458
0.4259259259259259,0.0,0.0,0.0031282586027111575,0.5,0.42857142857142855,0.5,0,0,1,0,1,0,0,1,1,0,1,0,19699
0.16666666666666669,0.0043859649122807015,0.3333333333333333,0.014598540145985403,1.0,0.42857142857142855,0.625,0,0,0,1,0,0,0,0,0,0,1,0,24723
0.4074074074074074,0.006578947368421052,0.0,0.00521376433785193,0.0,0.42857142857142855,0.0,0,1,0,0,0,0,0,0,0,0,0,1,9914
0.1111111111111111,0.006578947368421052,0.6666666666666667,0.029197080291970805,0.0,0.0,0.25,1,0,1,0,0,1,0,0,0,0,0,0,10189
0.3888888888888889,0.006578947368421052,0.3333333333333333,0.01564129301355579,0.5,0.42857142857142855,0.125,0,0,0,1,0,0,1,0,0,1,1,0,21444
0.6481481481481481,0.0,0.3333333333333333,0.02085505735140772,1.0,0.5714285714285714,0.625,1,1,0,0,1,0,0,0,0,1,0,0,37594
0.3703703703703704,0.006578947368421052,0.0,0.0072992700729927005,0.0,0.42857142857142855,0.625,0,0,0,1,0,0,0,1,0,0,1,0,13353
0.5925925925925926,0.006578947368421052,0.0,0.0031282586027111575,0.5,0.42857142857142855,0.5,0,0,0,1,0,0,0,1,0,0,1,0,22257
0.44444444444444436,0.010964912280701754,0.0,0.006256517205422314,0.0,0.35714285714285715,1.0,0,1,0,0,0,0,0,0,0,0,1,0,13461
0.055555555555555525,0.0,0.3333333333333333,0.021897810218978103,0.0,0.0,0.625,0,0,0,1,1,0,1,0,0,0,0,0,9619
0.07407407407407407,0.0,0.0,0.006256517205422314,0.0,0.0,0.25,0,0,1,0,1,0,0,0,0,0,0,1,5471
0.3148148148148148,0.0,1.0,0.08759124087591241,0.0,0.0,0.125,0,0,1,0,1,0,0,0,0,1,1,0,10921
0.6481481481481481,0.0043859649122807015,0.0,0.006256517205422314,0.5,0.42857142857142855,0.125,0,1,0,0,0,0,1,0,0,0,1,0,21675
0.6666666666666667,0.010964912280701754,0.0,0.0031282586027111575,0.5,0.42857142857142855,0.625,0,1,0,0,0,0,0,0,0,0,1,0,22350
0.4259259259259259,0.010964912280701754,0.0,0.0,0.0,0.42857142857142855,0.125,0,0,1,0,0,1,0,0,0,1,1,0,17053
0.7592592592592593,0.0043859649122807015,0.6666666666666667,0.03441084462982273,1.0,0.42857142857142855,0.25,0,0,1,0,0,1,0,0,0,1,0,1,34381
0.7222222222222223,0.0043859649122807015,0.3333333333333333,0.009384775808133473,0.0,0.5714285714285714,0.25,1,1,0,0,0,0,1,0,1,0,0,0,18667
0.962962962962963,0.0021929824561403508,0.0,0.008342022940563087,0.5,0.42857142857142855,0.25,1,1,0,0,0,0,1,0,1,0,0,1,26788
0.44444444444444436,0.0021929824561403508,0.0,0.004171011470281543,0.0,0.42857142857142855,0.25,1,0,0,1,1,1,0,0,0,0,1,0,14717
0.7037037037037037,0.006578947368421052,0.0,0.0010427528675703858,0.0,0.42857142857142855,0.125,1,0,0,0,0,0,1,0,0,0,0,0,13135
0.09259259259259262,0.0,0.3333333333333333,0.019812304483837334,0.0,0.0,0.25,1,0,0,1,1,0,0,0,1,0,0,0,6517
0.7592592592592593,0.008771929824561403,0.0,0.0010427528675703858,0.5,0.42857142857142855,0.625,1,0,1,0,0,0,0,0,0,1,0,1,24944
0.6481481481481481,0.0043859649122807015,0.3333333333333333,0.02294056308654849,1.0,0.42857142857142855,0.625,0,0,0,1,0,1,0,0,0,0,1,0,33788
0.1111111111111111,0.0,0.0,0.008342022940563087,0.0,0.0,0.25,0,0,0,1,1,0,0,1,0,0,1,0,5373
0.44444444444444436,0.0,0.3333333333333333,0.010427528675703858,0.5,0.42857142857142855,0.25,0,0,1,0,1,0,1,0,0,0,1,0,20036
0.0,0.0043859649122807015,0.6666666666666667,0.03336809176225235,0.0,0.0,0.125,1,0,1,0,0,0,0,0,0,0,0,0,4332
0.5555555555555556,0.0043859649122807015,0.0,0.0072992700729927005,0.5,0.0,0.625,0,0,1,0,0,1,0,0,0,0,1,0,24559
0.20370370370370366,0.006578947368421052,0.3333333333333333,0.010427528675703858,0.5,1.0,0.25,1,0,1,0,0,0,0,0,0,0,0,1,20474
0.8148148148148149,0.0043859649122807015,0.3333333333333333,0.014598540145985403,1.0,0.42857142857142855,0.125,1,0,1,0,0,1,0,0,0,0,0,1,38308
0.7407407407407407,0.006578947368421052,0.6666666666666667,0.02502606882168926,1.0,0.42857142857142855,0.625,0,1,0,0,0,1,0,0,0,0,0,0,34782
0.1296296296296296,0.0021929824561403508,0.0,0.0,1.0,0.35714285714285715,0.125,0,1,0,0,1,0,0,1,1,0,0,0,16399
0.07407407407407407,0.006578947368421052,1.0,0.051094890510948905,0.5,0.42857142857142855,0.125,0,0,1,0,0,0,0,0,1,0,1,0,11196
0.46296296296296297,0.0043859649122807015,0.0,0.006256517205422314,0.0,0.35714285714285715,0.5,1,1,0,0,0,0,0,0,1,0,1,0,13403
0.4074074074074074,0.0,1.0,0.05839416058394161,1.0,0.35714285714285715,0.5,0,0,0,1,1,0,0,0,0,0,1,0,25412
0.6666666666666667,0.0043859649122807015,0.3333333333333333,0.021897810218978103,1.0,0.42857142857142855,1.0,0,0,0,1,0,1,0,0,0,0,1,0,35121
0.5555555555555556,0.006578947368421052,0.6666666666666667,0.03128258602711158,1.0,0.0,0.5,1,1,0,0,0,0,0,0,0,0,0,1,27168
0.44444444444444436,0.008771929824561403,0.3333333333333333,0.009384775808133473,0.5,0.42857142857142855,0.125,1,0,1,0,0,0,1,0,0,1,0,0,22258
0.018518518518518545,0.0,0.6666666666666667,0.03753910323253389,0.5,0.0,0.125,0,0,0,0,1,0,0,0,0,0,0,1,7740
0.018518518518518545,0.0021929824561403508,0.6666666666666667,0.02606882168925965,0.0,0.0,0.125,1,0,1,0,1,0,0,0,0,0,0,0,4606
0.6851851851851851,0.006578947368421052,0.6666666666666667,0.04066736183524505,1.0,0.35714285714285715,0.0,0,0,0,0,0,0,1,0,0,0,0,1,29931
0.7407407407407407,0.008771929824561403,0.6666666666666667,0.02502606882168926,0.0,0.42857142857142855,0.625,1,0,0,0,0,0,0,0,0,0,0,0,14126
0.3333333333333333,0.006578947368421052,0.6666666666666667,0.028154327424400417,0.5,0.42857142857142855,0.25,0,0,0,1,0,0,0,0,0,0,0,0,18100
0.1111111111111111,0.0,0.0,0.0010427528675703858,0.0,0.0,0.625,1,0,0,1,1,0,0,0,0,1,0,0,10546
0.3888888888888889,0.006578947368421052,1.0,0.10010427528675704,0.5,0.42857142857142855,0.25,1,0,0,1,0,0,0,0,0,0,1,0,17757
0.1111111111111111,0.0,0.3333333333333333,0.02502606882168926,1.0,0.0,1.0,1,1,0,0,1,0,0,0,0,1,0,0,19849
0.44444444444444436,0.0043859649122807015,0.3333333333333333,0.01772679874869656,1.0,0.5714285714285714,0.25,0,0,1,0,0,0,1,0,0,1,1,0,33133
0.7592592592592593,0.006578947368421052,1.0,0.06777893639207508,1.0,0.42857142857142855,0.625,0,0,1,0,0,1,0,0,0,0,0,1,33501
0.6111111111111112,0.006578947368421052,0.0,0.0072992700729927005,1.0,0.42857142857142855,0.25,0,0,0,1,0,0,0,1,0,0,1,0,28558
0.22222222222222227,0.0,0.6666666666666667,0.028154327424400417,1.0,0.42857142857142855,0.25,0,0,1,0,1,0,1,0,0,1,0,0,28163
0.055555555555555525,0.0043859649122807015,0.3333333333333333,0.01564129301355579,0.0,0.42857142857142855,0.625,1,0,1,0,0,0,0,0,0,0,0,0,10446
0.46296296296296297,0.0043859649122807015,0.0,0.0,0.0,0.0,0.125,1,1,0,0,0,0,0,0,0,1,1,0,11818
0.24074074074074076,0.006578947368421052,0.6666666666666667,0.03128258602711158,0.5,0.35714285714285715,0.25,1,1,0,0,0,0,0,0,0,0,1,0,16545
0.037037037037037035,0.0043859649122807015,0.6666666666666667,0.030239833159541193,0.0,0.0,0.625,0,0,1,0,1,0,0,0,0,0,0,0,8489
0.8888888888888888,0.0043859649122807015,0.0,0.008342022940563087,0.0,0.42857142857142855,0.25,0,0,0,1,0,0,1,0,1,0,0,1,17222
0.6111111111111112,0.0043859649122807015,0.3333333333333333,0.01251303441084463,1.0,1.0,0.25,0,0,1,0,0,0,1,0,0,0,0,0,33568
0.09259259259259262,0.0043859649122807015,0.6666666666666667,0.03128258602711158,0.0,0.0,0.125,0,0,1,0,1,0,0,0,0,0,0,0,5811
0.6111111111111112,0.008771929824561403,0.0,0.00521376433785193,0.5,0.35714285714285715,0.125,1,1,0,0,0,0,1,0,0,0,0,1,22075
0.27777777777777773,0.0,0.0,0.0010427528675703858,0.5,0.35714285714285715,0.5,1,0,0,1,1,0,0,0,0,1,1,0,22400
0.14814814814814814,0.0,0.3333333333333333,0.023983315954118876,0.5,0.42857142857142855,0.625,1,1,0,0,1,0,0,1,0,1,0,1,22089
0.574074074074074,0.0021929824561403508,0.3333333333333333,0.014598540145985403,0.0,0.42857142857142855,0.125,1,1,0,0,1,0,1,0,0,0,1,0,12952
0.037037037037037035,0.0,0.3333333333333333,0.014598540145985403,0.0,0.0,0.25,0,1,0,0,1,0,0,1,0,0,0,0,6108
0.7222222222222223,0.0043859649122807015,0.3333333333333333,0.016684045881126174,1.0,0.42857142857142855,0.5,0,0,1,0,0,0,0,0,0,0,1,0,30505
0.46296296296296297,0.008771929824561403,0.3333333333333333,0.018769551616266946,1.0,0.5714285714285714,0.625,0,1,0,0,0,0,1,0,1,0,1,0,32411
0.24074074074074076,0.008771929824561403,0.0,0.0031282586027111575,0.0,0.42857142857142855,0.625,0,0,1,0,0,0,0,1,0,0,0,1,13148
0.5185185185185186,0.006578947368421052,0.3333333333333333,0.011470281543274244,1.0,0.42857142857142855,0.625,1,0,1,0,0,0,1,0,0,1,0,1,34268
0.6296296296296295,0.008771929824561403,0.3333333333333333,0.02502606882168926,0.0,0.7857142857142857,0.625,0,0,1,0,0,0,0,0,1,0,1,0,16289
0.14814814814814814,0.006578947368421052,0.6666666666666667,0.03962460896767466,0.5,1.0,0.125,0,0,0,0,0,0,0,0,0,1,0,1,23809
0.6296296296296295,0.008771929824561403,0.0,0.0031282586027111575,0.0,0.42857142857142855,0.625,0,0,0,0,0,0,0,1,0,0,0,1,14270
0.7777777777777779,0.006578947368421052,1.0,0.08029197080291971,0.0,0.35714285714285715,0.25,1,0,1,0,0,1,0,0,0,1,1,0,19192
0.537037037037037,0.008771929824561403,0.0,0.004171011470281543,0.5,0.42857142857142855,0.625,0,0,1,0,0,0,0,0,0,0,0,1,21772
0.25925925925925924,0.006578947368421052,0.0,0.0010427528675703858,0.0,0.42857142857142855,0.25,0,0,0,0,0,0,1,0,0,0,0,1,13577
0.7592592592592593,0.006578947368421052,0.0,0.0072992700729927005,0.5,0.0,0.625,0,0,0,1,0,0,0,0,0,0,1,0,19291
0.48148148148148145,0.0,1.0,0.056308654848800835,1.0,0.42857142857142855,0.25,1,0,1,0,1,0,0,0,0,1,1,0,26031
0.537037037037037,0.0043859649122807015,0.0,0.0020855057351407717,1.0,0.42857142857142855,0.0,0,0,1,0,0,0,0,0,0,0,1,0,27066
0.5185185185185186,0.006578947368421052,1.0,0.07924921793534932,0.5,0.5714285714285714,0.25,1,0,0,1,0,0,0,1,0,0,1,0,24386
0.14814814814814814,0.006578947368421052,0.6666666666666667,0.030239833159541193,0.5,0.42857142857142855,0.625,0,0,0,1,0,0,0,1,0,0,0,1,19306
0.49999999999999994,0.008771929824561403,1.0,0.09697601668404589,0.5,0.42857142857142855,0.25,0,0,1,0,0,0,0,0,0,1,0,0,20374
0.6296296296296295,0.0,0.0,0.0031282586027111575,0.0,0.0,0.625,0,0,0,1,1,1,0,0,0,0,1,0,16675
0.574074074074074,0.0043859649122807015,0.3333333333333333,0.013555787278415015,0.0,0.42857142857142855,0.25,0,0,1,0,0,0,0,0,0,0,0,0,12678
0.6666666666666667,0.0043859649122807015,0.0,0.0031282586027111575,0.5,1.0,0.625,0,0,0,0,0,1,0,0,1,0,1,0,31534
0.6666666666666667,0.0,0.3333333333333333,0.01251303441084463,1.0,0.5714285714285714,0.625,1,0,1,0,1,0,0,0,0,1,1,0,36727
0.574074074074074,0.0021929824561403508,0.6666666666666667,0.03336809176225235,0.5,0.35714285714285715,0.125,0,0,1,0,1,1,0,0,0,0,0,1,24229
0.18518518518518517,0.008771929824561403,0.6666666666666667,0.02606882168925965,1.0,0.42857142857142855,0.625,1,0,0,1,0,0,0,0,0,0,1,0,25012
0.1111111111111111,0.0,0.3333333333333333,0.01564129301355579,0.5,0.8571428571428571,0.0,1,0,0,0,1,0,1,0,0,0,0,1,13811
0.6111111111111112,0.0043859649122807015,0.6666666666666667,0.03441084462982273,1.0,0.42857142857142855,0.625,0,1,0,0,0,0,0,1,0,0,0,1,29943
0.037037037037037035,0.0,0.3333333333333333,0.02294056308654849,0.0,0.0,0.0,1,0,0,1,1,0,0,0,0,0,0,1,4513
0.5185185185185186,0.0021929824561403508,0.6666666666666667,0.027111574556830033,1.0,0.0,0.625,0,0,1,0,1,0,0,0,0,0,0,0,28477
0.14814814814814814,0.006578947368421052,0.3333333333333333,0.02502606882168926,0.5,0.42857142857142855,0.25,1,0,0,1,0,0,1,0,0,0,1,0,19574
0.3888888888888889,0.008771929824561403,0.0,0.0072992700729927005,0.0,0.0,0.625,0,0,1,0,0,0,0,0,0,0,1,0,10152
0.44444444444444436,0.008771929824561403,0.0,0.0072992700729927005,0.0,0.42857142857142855,0.625,0,0,0,1,0,1,0,0,1,0,1,0,16725
0.574074074074074,0.0,0.3333333333333333,0.023983315954118876,1.0,0.0,0.125,0,0,0,0,1,0,1,0,0,1,0,1,31652
0.48148148148148145,0.0,0.3333333333333333,0.021897810218978103,0.5,0.0,0.625,1,1,0,0,1,0,1,0,1,0,0,1,20274
0.5185185185185186,0.0043859649122807015,0.3333333333333333,0.010427528675703858,0.5,0.42857142857142855,0.625,0,0,1,0,0,1,0,0,0,1,0,1,29419
0.6481481481481481,0.008771929824561403,0.0,0.008342022940563087,0.5,0.42857142857142855,0.125,1,0,0,1,0,0,1,0,0,0,0,0,21107
0.22222222222222227,0.006578947368421052,0.6666666666666667,0.03649635036496351,0.5,1.0,0.125,1,0,1,0,0,0,0,1,0,0,0,0,20255
0.24074074074074076,0.0,1.0,0.08446298227320126,1.0,1.0,0.625,0,1,0,0,1,0,0,1,0,0,0,0,30621
0.24074074074074076,0.0021929824561403508,0.3333333333333333,0.01251303441084463,0.5,0.7857142857142857,0.25,0,0,0,1,1,0,0,0,0,1,1,0,22984
0.0,0.0,0.0,0.0,0.0,0.0,0.0,0,0,1,0,1,0,0,0,0,0,0,0,4090
0.07407407407407407,0.0043859649122807015,0.0,0.004171011470281543,0.0,0.0,0.625,0,0,0,1,1,0,0,0,0,0,1,0,7218
0.49999999999999994,0.0043859649122807015,0.3333333333333333,0.01251303441084463,0.5,1.0,0.125,1,0,1,0,0,0,0,0,0,0,1,0,20530
0.4259259259259259,0.0043859649122807015,0.0,0.0,0.0,0.42857142857142855,0.25,1,0,0,0,0,0,1,0,1,0,1,0,14231
0.7592592592592593,0.0043859649122807015,0.3333333333333333,0.018769551616266946,0.0,1.0,0.0,1,1,0,0,0,0,1,0,0,1,0,1,19353
0.055555555555555525,0.17105263157894735,0.3333333333333333,0.01772679874869656,0.5,0.35714285714285715,0.5,0,0,1,0,0,0,0,0,0,0,1,0,13439
0.1111111111111111,0.0021929824561403508,0.0,0.0020855057351407717,0.0,0.0,1.0,0,0,1,0,1,0,0,0,0,0,0,1,10419
0.07407407407407407,0.0,0.0,0.006256517205422314,0.0,0.0,0.625,1,0,1,0,1,0,0,1,0,0,0,0,7295
0.6111111111111112,0.0021929824561403508,0.0,0.0,0.5,0.42857142857142855,0.25,0,0,0,1,1,0,0,0,0,0,1,0,20832
0.5185185185185186,0.0043859649122807015,0.3333333333333333,0.02502606882168926,1.0,0.42857142857142855,0.5,0,1,0,0,0,1,0,0,0,0,1,0,33066
0.7407407407407407,0.008771929824561403,0.0,0.0,0.5,0.42857142857142855,0.25,0,0,1,0,0,0,1,0,0,0,1,0,22597
0.9074074074074074,0.0021929824561403508,1.0,0.0740354535974974,1.0,0.42857142857142855,0.25,0,0,0,1,0,0,1,0,0,0,1,0,37080
0.7592592592592593,0.006578947368421052,0.0,0.0031282586027111575,0.5,0.5714285714285714,0.125,0,0,1,0,0,1,0,0,0,0,0,1,27134
0.6851851851851851,0.006578947368421052,0.0,0.0031282586027111575,0.5,0.0,0.25,1,1,0,0,0,0,0,0,0,1,0,1,21832
0.055555555555555525,0.0021929824561403508,0.3333333333333333,0.016684045881126174,0.5,0.0,0.125,0,0,1,0,1,1,0,0,0,0,0,0,12805
0.07407407407407407,0.0,0.0,0.004171011470281543,0.0,0.42857142857142855,0.25,1,0,0,1,1,0,0,0,0,0,0,0,8371
0.07407407407407407,0.0,0.0,0.008342022940563087,0.0,0.0,1.0,0,0,1,0,1,0,0,0,0,0,0,0,10351
0.1296296296296296,0.0,1.0,0.0959332638164755,0.5,0.0,0.25,1,0,0,1,1,0,1,0,0,1,1,0,15362
0.7037037037037037,0.0021929824561403508,0.0,0.0020855057351407717,0.0,0.5714285714285714,0.625,0,0,0,1,1,0,0,0,0,0,1,0,18627
0.055555555555555525,0.0,0.6666666666666667,0.02502606882168926,0.5,0.0,0.25,0,0,1,0,1,0,0,0,0,0,0,0,10195
0.16666666666666669,0.006578947368421052,0.6666666666666667,0.03858185610010428,0.5,0.35714285714285715,1.0,0,0,0,1,0,0,1,0,0,1,1,0,26751
0.018518518518518545,0.0021929824561403508,0.3333333333333333,0.01251303441084463,0.0,0.0,0.25,0,0,1,0,1,0,0,1,0,0,0,0,5309
0.09259259259259262,0.0,0.3333333333333333,0.009384775808133473,0.0,0.0,1.0,1,0,0,0,1,0,0,0,1,0,1,0,9948
0.16666666666666669,0.0,0.3333333333333333,0.01772679874869656,0.5,1.0,0.125,0,1,0,0,1,0,0,0,0,0,0,1,20969
0.1111111111111111,0.0021929824561403508,0.3333333333333333,0.009384775808133473,0.0,0.0,0.125,1,0,1,0,1,0,0,0,0,1,1,0,7719
0.9814814814814814,0.0021929824561403508,0.0,0.004171011470281543,0.5,0.42857142857142855,0.25,1,0,1,0,0,0,0,1,0,0,0,1,25392
0.6296296296296295,0.0043859649122807015,0.0,0.0020855057351407717,0.0,0.42857142857142855,0.125,0,0,0,1,0,0,1,0,0,0,1,0,14227
0.5925925925925926,0.0,0.6666666666666667,0.03441084462982273,1.0,0.35714285714285715,0.625,0,0,0,0,1,0,0,0,0,0,0,1,31002
0.3518518518518518,0.0043859649122807015,0.0,0.0010427528675703858,0.0,0.42857142857142855,0.25,0,1,0,0,0,0,0,0,0,1,0,1,14622
0.0,0.0021929824561403508,0.6666666666666667,0.04066736183524505,0.0,0.0,0.0,0,0,1,0,1,0,0,1,1,0,0,1,6985
0.3518518518518518,0.0021929824561403508,0.3333333333333333,0.018769551616266946,0.5,0.42857142857142855,0.125,1,0,1,0,1,0,1,0,0,0,1,0,18107
0.7222222222222223,0.006578947368421052,0.3333333333333333,0.01772679874869656,1.0,0.42857142857142855,0.0,1,0,1,0,0,0,1,0,0,1,1,0,32388
0.6111111111111112,0.006578947368421052,0.0,0.0072992700729927005,1.0,0.42857142857142855,0.625,0,0,1,0,0,1,0,0,1,0,0,1,34174
0.1111111111111111,0.0021929824561403508,0.6666666666666667,0.030239833159541193,0.0,0.0,0.625,1,0,0,0,1,1,0,0,0,0,0,0,10964
0.7777777777777779,0.008771929824561403,0.3333333333333333,0.009384775808133473,1.0,0.42857142857142855,0.25,1,0,1,0,0,0,0,1,0,1,0,1,32428
0.3703703703703704,0.006578947368421052,0.3333333333333333,0.018769551616266946,0.5,0.42857142857142855,0.625,1,0,0,1,0,0,1,0,0,1,1,0,23898
0.07407407407407407,0.006578947368421052,1.0,0.09489051094890512,0.5,0.42857142857142855,0.25,0,0,1,0,0,0,0,1,0,0,0,0,11772
0.7407407407407407,0.0043859649122807015,0.6666666666666667,0.03753910323253389,1.0,0.35714285714285715,0.625,1,0,1,0,0,0,1,0,0,1,0,1,35522
0.3888888888888889,0.008771929824561403,0.6666666666666667,0.03128258602711158,0.5,0.0,0.625,1,0,0,1,0,1,0,0,0,0,0,1,21483
0.07407407407407407,0.0021929824561403508,0.0,0.006256517205422314,0.0,0.0,0.125,0,0,0,1,1,0,0,0,0,0,1,0,5760
0.1111111111111111,0.0,0.3333333333333333,0.01564129301355579,0.0,0.0,0.5,0,0,1,0,1,0,0,0,0,1,0,0,10390
0.07407407407407407,0.0043859649122807015,0.6666666666666667,0.03649635036496351,0.0,0.0,0.625,1,0,0,1,1,0,0,0,0,0,1,0,6898
0.574074074074074,0.008771929824561403,0.0,0.0031282586027111575,0.0,1.0,0.125,0,0,0,1,0,1,0,0,0,0,0,1,19101
0.6111111111111112,0.006578947368421052,0.0,0.004171011470281543,0.0,0.42857142857142855,0.5,0,1,0,0,0,1,0,0,0,0,1,0,17322
0.5925925925925926,0.006578947368421052,0.6666666666666667,0.028154327424400417,1.0,0.0,0.625,0,0,1,0,0,1,0,0,1,0,0,1,32996
0.3888888888888889,0.0,0.0,0.0072992700729927005,0.0,0.0,0.125,0,0,1,0,1,0,1,0,0,0,0,1,9845
0.4259259259259259,0.0043859649122807015,0.3333333333333333,0.02502606882168926,0.5,0.0,0.5,1,1,0,0,0,0,0,0,0,0,1,0,16098
0.537037037037037,0.0,0.0,0.004171011470281543,0.5,0.42857142857142855,0.125,0,0,0,1,1,0,0,0,0,0,0,1,19380
0.5925925925925926,0.008771929824561403,0.6666666666666667,0.02606882168925965,1.0,0.42857142857142855,0.5,0,0,0,1,0,0,1,0,0,0,0,1,31964
0.49999999999999994,0.0043859649122807015,0.3333333333333333,0.011470281543274244,0.0,1.0,0.625,1,0,1,0,0,0,0,1,0,1,1,0,19440
0.46296296296296297,0.008771929824561403,0.0,0.006256517205422314,0.0,1.0,0.625,1,1,0,0,0,0,1,0,0,1,0,0,21682
0.14814814814814814,0.0,0.3333333333333333,0.02294056308654849,1.0,0.0,1.0,1,1,0,0,1,0,0,0,0,1,1,0,28022
0.25925925925925924,0.006578947368421052,0.0,0.0020855057351407717,0.0,0.35714285714285715,1.0,1,1,0,0,0,1,0,0,0,1,0,1,21484
0.0,0.006578947368421052,0.6666666666666667,0.03649635036496351,0.0,0.42857142857142855,0.0,0,1,0,0,0,0,0,0,0,0,0,0,5842
0.055555555555555525,0.0021929824561403508,0.0,0.00521376433785193,0.5,1.0,0.5,1,0,1,0,1,0,0,0,0,0,0,0,15914
0.055555555555555525,0.0021929824561403508,0.0,0.0031282586027111575,0.0,0.0,0.125,0,0,1,0,1,1,0,0,0,1,0,1,12952
0.27777777777777773,0.006578947368421052,0.0,0.008342022940563087,0.0,0.42857142857142855,0.5,1,0,1,0,0,0,0,0,0,1,1,0,14532
0.5185185185185186,0.0021929824561403508,0.0,0.00521376433785193,0.0,0.42857142857142855,0.625,1,0,1,0,1,1,0,0,0,0,0,1,18469
0.07407407407407407,0.0043859649122807015,0.3333333333333333,0.018769551616266946,0.0,0.0,0.25,0,0,1,0,1,0,0,0,0,0,0,0,6598
0.0,0.0,0.6666666666666667,0.028154327424400417,0.5,0.0,1.0,1,0,1,0,1,0,0,0,0,0,0,0,13436
0.037037037037037035,0.006578947368421052,0.0,0.0020855057351407717,0.0,0.0,0.25,0,0,1,0,0,0,0,1,0,0,0,1,6051
0.4259259259259259,0.008771929824561403,0.0,0.0031282586027111575,0.0,0.0,0.5,1,0,1,0,0,0,1,0,0,0,1,0,12634
0.537037037037037,0.0043859649122807015,0.0,0.0010427528675703858,0.5,0.42857142857142855,0.25,0,0,0,0,0,0,0,0,0,0,0,1,20688
0.18518518518518517,0.0043859649122807015,0.0,0.006256517205422314,0.0,0.42857142857142855,0.5,0,0,0,1,0,0,0,0,0,0,0,0,11656
0.20370370370370366,0.006578947368421052,0.0,0.006256517205422314,0.0,0.42857142857142855,0.625,1,0,0,0,0,0,0,0,0,1,0,1,16685
0.44444444444444436,0.006578947368421052,0.6666666666666667,0.02502606882168926,0.5,1.0,0.625,0,1,0,0,0,0,0,1,0,0,0,0,23114
0.44444444444444436,0.006578947368421052,0.0,0.0020855057351407717,0.5,0.7857142857142857,1.0,0,1,0,0,0,0,0,0,1,0,1,0,23268
0.24074074074074076,0.008771929824561403,1.0,0.08759124087591241,0.5,0.42857142857142855,0.125,0,0,1,0,0,0,0,0,0,0,0,1,17340
0.07407407407407407,0.0021929824561403508,0.0,0.004171011470281543,0.0,0.0,0.625,0,0,1,0,1,0,0,0,0,1,1,0,11699
0.09259259259259262,0.0,0.6666666666666667,0.030239833159541193,0.0,0.0,0.625,0,0,0,1,1,0,0,0,0,0,0,0,8399
0.6296296296296295,0.006578947368421052,0.0,0.00521376433785193,0.5,0.42857142857142855,0.25,0,0,1,0,0,0,1,0,0,0,1,0,22601
0.7777777777777779,0.006578947368421052,1.0,0.07299270072992702,1.0,0.42857142857142855,0.5,1,0,0,1,0,0,0,0,0,0,0,1,29157
0.49999999999999994,0.006578947368421052,0.6666666666666667,0.03336809176225235,0.5,0.42857142857142855,0.25,1,0,1,0,0,0,1,0,0,1,0,1,21339
0.4259259259259259,0.006578947368421052,0.6666666666666667,0.027111574556830033,0.5,0.42857142857142855,1.0,1,0,0,0,0,0,0,0,0,1,1,0,23666
0.09259259259259262,0.0043859649122807015,0.6666666666666667,0.030239833159541193,0.0,0.0,0.25,0,1,0,0,0,0,0,1,0,0,0,0,6064
0.07407407407407407,0.0,0.6666666666666667,0.03753910323253389,0.0,1.0,0.25,1,0,0,1,1,0,0,0,0,1,1,0,14028
0.6666666666666667,0.006578947368421052,0.0,0.0020855057351407717,0.5,0.0,0.25,0,1,0,0,0,0,0,0,0,0,1,0,17623
0.3888888888888889,0.008771929824561403,0.3333333333333333,0.013555787278415015,0.5,0.35714285714285715,0.625,0,1,0,0,0,0,1,0,0,0,0,1,21298
0.6851851851851851,0.006578947368421052,0.0,0.00521376433785193,0.5,0.35714285714285715,0.625,0,0,1,0,0,1,0,0,1,0,0,1,26085
0.6296296296296295,0.006578947368421052,0.0,0.008342022940563087,0.5,0.42857142857142855,0.25,0,0,0,1,0,0,1,0,0,0,1,0,23121
0.25925925925925924,0.006578947368421052,0.3333333333333333,0.011470281543274244,0.5,0.35714285714285715,0.625,1,0,1,0,0,1,0,0,0,1,0,1,26758
0.7037037037037037,0.006578947368421052,1.0,0.06047966631908238,1.0,0.42857142857142855,0.25,1,1,0,0,0,0,1,0,0,1,1,0,34132
0.9444444444444444,0.0043859649122807015,0.0,0.0010427528675703858,0.5,0.42857142857142855,0.625,0,0,0,1,0,0,0,1,0,0,0,1,25674
0.5925925925925926,0.008771929824561403,0.0,0.0,0.5,0.35714285714285715,0.25,0,0,0,1,0,0,1,0,0,0,1,0,22487
0.0,0.0,0.6666666666666667,0.030239833159541193,0.0,0.0,1.0,0,0,0,1,1,0,1,0,0,0,0,0,12349
0.018518518518518545,0.0021929824561403508,0.0,0.0010427528675703858,0.0,0.0,0.25,1,0,1,0,1,0,0,0,0,0,0,0,4799
0.09259259259259262,0.0,0.6666666666666667,0.027111574556830033,0.0,0.0,0.5,0,0,1,0,1,0,1,0,0,0,1,0,10023
0.6296296296296295,0.006578947368421052,0.3333333333333333,0.01564129301355579,1.0,0.42857142857142855,0.25,0,0,0,1,0,0,0,0,1,0,0,1,29562
0.2962962962962962,0.006578947368421052,0.0,0.008342022940563087,0.0,0.0,0.125,0,0,0,0,0,0,0,0,1,0,1,0,10125
0.3333333333333333,0.0043859649122807015,0.3333333333333333,0.010427528675703858,0.5,0.42857142857142855,0.25,0,0,0,1,0,1,0,0,0,0,1,0,21256
0.48148148148148145,0.008771929824561403,1.0,0.049009384775808136,1.0,0.42857142857142855,0.625,1,0,1,0,0,0,1,0,0,1,1,0,29676
0.6666666666666667,0.006578947368421052,0.3333333333333333,0.01772679874869656,0.0,0.5714285714285714,0.25,0,0,0,1,0,0,0,0,0,0,0,1,16080
0.09259259259259262,0.0021929824561403508,0.3333333333333333,0.016684045881126174,0.0,0.0,0.0,0,1,0,0,1,0,0,0,0,1,1,0,7106
0.1296296296296296,0.0021929824561403508,0.3333333333333333,0.01564129301355579,0.5,0.35714285714285715,0.25,0,1,0,0,1,0,1,0,0,0,1,0,13408
0.1111111111111111,0.0,0.0,0.0031282586027111575,0.0,0.0,0.125,0,0,1,0,1,0,1,0,0,1,1,0,10745
0.037037037037037035,0.0,0.0,0.0072992700729927005,0.0,0.0,0.625,0,0,0,0,1,1,0,0,0,0,1,0,10664
0.16666666666666669,0.006578947368421052,0.6666666666666667,0.03232533889468196,0.5,0.7857142857142857,0.25,0,1,0,0,0,0,1,0,0,1,0,1,25335
0.07407407407407407,0.0,0.0,0.006256517205422314,0.0,0.0,0.125,0,0,1,0,1,0,0,0,0,0,1,0,4289
0.018518518518518545,0.0,0.0,0.0072992700729927005,0.0,0.0,0.125,0,0,1,0,1,0,1,0,0,0,0,0,7022
0.20370370370370366,0.0,0.3333333333333333,0.009384775808133473,0.5,0.42857142857142855,1.0,1,0,1,0,1,0,0,0,1,0,1,0,22384
0.2962962962962962,0.010964912280701754,0.0,0.004171011470281543,0.0,0.8571428571428571,0.125,0,0,0,1,0,1,0,0,0,0,0,1,15624
0.4259259259259259,0.006578947368421052,0.3333333333333333,0.014598540145985403,0.5,1.0,1.0,1,0,0,0,0,0,1,0,0,0,1,0,27820
0.7407407407407407,0.0043859649122807015,0.3333333333333333,0.01251303441084463,1.0,0.42857142857142855,0.125,1,0,1,0,0,0,1,0,0,0,1,0,29004
0.46296296296296297,0.008771929824561403,0.6666666666666667,0.027111574556830033,0.5,0.42857142857142855,0.5,0,1,0,0,0,0,1,0,0,0,0,0,21194
0.7037037037037037,0.006578947368421052,0.0,0.0031282586027111575,0.0,0.42857142857142855,0.625,1,0,0,1,0,0,1,0,0,0,0,0,16088
0.3703703703703704,0.006578947368421052,0.0,0.006256517205422314,0.0,0.42857142857142855,0.625,0,0,0,1,0,1,0,0,0,1,0,0,20478
0.09259259259259262,0.0,1.0,0.09176225234619395,0.5,0.0,0.625,1,0,0,1,1,0,1,0,0,1,0,0,16644
0.537037037037037,0.0043859649122807015,0.0,0.0010427528675703858,0.5,0.42857142857142855,0.25,0,0,1,0,0,0,0,0,0,0,1,0,20422
0.3703703703703704,0.0,0.6666666666666667,0.029197080291970805,0.5,0.5714285714285714,0.25,1,0,0,1,1,0,0,0,0,0,0,0,21761
0.7222222222222223,0.006578947368421052,0.0,0.004171011470281543,0.5,0.42857142857142855,0.625,0,1,0,0,0,1,0,0,0,0,0,0,25712
0.1111111111111111,0.0,0.0,0.006256517205422314,0.0,0.0,0.125,1,1,0,0,1,1,0,0,0,1,1,0,11821
0.6666666666666667,0.006578947368421052,0.6666666666666667,0.04066736183524505,1.0,1.0,0.25,0,0,0,0,0,0,0,0,0,0,0,1,32929
0.0,0.0,0.6666666666666667,0.02502606882168926,0.0,0.0,0.125,0,0,0,1,1,0,0,1,0,0,1,0,5860
0.46296296296296297,0.006578947368421052,0.0,0.0,0.0,0.0,0.625,0,0,0,1,0,0,0,0,0,0,1,0,9987
0.5925925925925926,0.0,0.0,0.0010427528675703858,0.5,0.35714285714285715,0.625,1,0,0,1,1,0,1,0,0,1,0,1,27672
0.574074074074074,0.010964912280701754,0.3333333333333333,0.02502606882168926,0.5,0.42857142857142855,0.125,0,0,1,0,0,0,1,0,0,0,0,1,20855
0.46296296296296297,0.006578947368421052,0.3333333333333333,0.014598540145985403,0.5,0.8571428571428571,0.625,0,0,0,1,0,0,0,1,0,1,1,0,24220
0.3333333333333333,0.0,0.6666666666666667,0.03441084462982273,0.5,0.42857142857142855,0.25,1,0,0,1,1,0,1,0,0,0,1,0,18437
0.3888888888888889,0.006578947368421052,0.3333333333333333,0.02294056308654849,1.0,0.42857142857142855,0.125,1,0,0,1,0,0,1,0,0,0,1,0,25249
0.3518518518518518,0.006578947368421052,0.6666666666666667,0.03858185610010428,0.5,0.42857142857142855,0.625,1,0,0,1,0,0,0,0,0,1,0,0,22705
0.3888888888888889,0.0043859649122807015,0.3333333333333333,0.02502606882168926,1.0,0.0,0.625,1,1,0,0,0,0,0,0,0,0,0,1,23886
0.49999999999999994,0.0,0.0,0.004171011470281543,0.0,0.0,0.125,0,0,0,0,1,0,0,0,1,0,1,0,9894
0.16666666666666669,0.006578947368421052,1.0,0.07507820646506778,1.0,0.42857142857142855,0.25,0,0,0,1,0,1,0,0,0,1,1,0,30690
0.5185185185185186,0.0,0.0,0.008342022940563087,0.5,0.35714285714285715,0.625,1,0,0,1,1,1,0,0,0,1,1,0,29454
0.3518518518518518,0.0,0.3333333333333333,0.023983315954118876,0.5,0.5714285714285714,0.125,0,0,0,0,1,0,0,1,0,0,0,1,20493
0.7777777777777779,0.006578947368421052,0.0,0.00521376433785193,0.0,0.35714285714285715,1.0,1,0,0,1,0,0,0,0,0,0,0,1,15391
0.09259259259259262,0.0,0.0,0.008342022940563087,0.0,0.0,0.125,0,0,0,0,1,0,0,0,0,0,1,0,4444
0.1296296296296296,0.0021929824561403508,0.6666666666666667,0.03962460896767466,0.0,0.0,0.5,1,0,1,0,1,0,0,0,1,0,1,0,8211
0.4259259259259259,0.0,0.0,0.0010427528675703858,0.0,0.0,1.0,0,0,0,0,1,0,0,1,1,0,1,0,14698
0.018518518518518545,0.0021929824561403508,0.3333333333333333,0.01564129301355579,0.0,0.0,0.5,0,1,0,0,1,0,0,1,0,0,0,0,7684
0.6111111111111112,0.0021929824561403508,0.0,0.0020855057351407717,0.5,0.42857142857142855,0.625,1,1,0,0,1,0,1,0,0,0,0,1,24067
0.48148148148148145,0.006578947368421052,0.0,0.0072992700729927005,0.0,0.5714285714285714,0.5,1,0,1,0,0,0,0,0,0,0,0,0,15931
0.037037037037037035,0.0021929824561403508,1.0,0.08759124087591241,0.5,0.0,0.625,0,0,0,1,1,0,1,0,0,1,0,0,16302
0.44444444444444436,0.006578947368421052,0.0,0.008342022940563087,0.0,0.7857142857142857,0.625,1,0,1,0,0,0,1,0,0,0,1,0,17092
0.3888888888888889,0.0043859649122807015,0.0,0.004171011470281543,0.0,0.5714285714285714,0.25,1,0,0,1,0,0,1,0,0,0,0,1,16301
0.7407407407407407,0.0043859649122807015,0.3333333333333333,0.016684045881126174,1.0,0.35714285714285715,0.5,1,0,1,0,1,0,0,0,1,0,1,0,30456
0.27777777777777773,0.008771929824561403,0.6666666666666667,0.03441084462982273,0.5,0.42857142857142855,0.125,1,0,0,1,0,1,0,0,0,0,1,0,21453
0.6851851851851851,0.0043859649122807015,1.0,0.054223149113660066,1.0,0.35714285714285715,0.5,0,0,0,1,0,1,0,0,0,1,0,0,36580
0.09259259259259262,0.0,0.3333333333333333,0.02294056308654849,0.0,0.35714285714285715,0.625,0,0,0,1,1,0,0,0,0,0,0,0,10302
0.44444444444444436,0.010964912280701754,0.6666666666666667,0.02606882168925965,0.5,0.0,1.0,0,0,0,0,0,0,1,0,0,0,1,0,21544
0.1111111111111111,0.0043859649122807015,0.0,0.0,0.5,0.42857142857142855,0.25,0,0,0,1,0,0,0,0,0,0,1,0,11601
0.1296296296296296,0.0043859649122807015,0.6666666666666667,0.03753910323253389,0.0,0.0,0.625,0,0,1,0,1,0,0,0,0,0,0,0,6886
0.5185185185185186,0.0043859649122807015,0.0,0.0020855057351407717,0.5,0.42857142857142855,0.5,1,0,0,0,1,0,1,0,0,0,0,0,23745
0.5555555555555556,0.0043859649122807015,0.0,0.008342022940563087,0.5,0.35714285714285715,0.5,1,0,0,1,0,1,0,0,1,0,1,0,25564
0.49999999999999994,0.0043859649122807015,0.3333333333333333,0.021897810218978103,0.5,0.0,0.5,1,0,1,0,0,0,0,0,0,1,1,0,19709
0.6111111111111112,0.008771929824561403,0.0,0.0020855057351407717,0.5,0.42857142857142855,0.125,0,1,0,0,0,1,0,0,0,0,1,0,24536
0.1296296296296296,0.0,1.0,0.04796663190823775,0.5,0.0,0.25,1,0,0,1,1,0,0,0,0,1,0,0,12597
0.49999999999999994,0.0021929824561403508,0.3333333333333333,0.014598540145985403,1.0,0.42857142857142855,0.125,0,0,1,0,1,0,0,0,0,0,0,0,23655
0.0,0.0,0.0,0.0010427528675703858,0.0,0.0,0.125,0,0,1,0,1,0,0,1,0,0,0,1,5949
0.3518518518518518,0.008771929824561403,0.0,0.008342022940563087,1.0,0.42857142857142855,0.125,1,0,0,1,0,0,0,0,0,0,1,0,23825
0.6296296296296295,0.006578947368421052,0.0,0.008342022940563087,0.5,0.5714285714285714,0.625,0,1,0,0,0,1,0,0,0,0,0,1,29535
0.055555555555555525,0.006578947368421052,0.0,0.006256517205422314,0.0,0.5714285714285714,0.625,1,0,1,0,0,0,0,0,0,0,0,0,13781
0.6851851851851851,0.006578947368421052,0.6666666666666667,0.028154327424400417,1.0,0.42857142857142855,0.625,1,0,0,1,0,1,0,0,0,1,0,1,37167
0.037037037037037035,0.0,0.0,0.0,0.5,0.8571428571428571,0.25,0,0,0,0,1,0,0,0,0,0,0,1,13728
0.44444444444444436,0.0,0.3333333333333333,0.01564129301355579,0.5,0.42857142857142855,1.0,0,0,0,0,1,0,0,0,0,0,1,0,21117
0.18518518518518517,0.008771929824561403,0.3333333333333333,0.010427528675703858,0.5,0.35714285714285715,0.5,1,0,0,0,0,0,0,0,0,1,1,0,21100
0.6111111111111112,0.008771929824561403,0.6666666666666667,0.03649635036496351,1.0,0.8571428571428571,0.25,0,0,0,1,0,0,0,0,0,0,0,1,29503
0.1296296296296296,0.0043859649122807015,0.3333333333333333,0.023983315954118876,0.5,0.0,1.0,0,1,0,0,1,0,0,0,0,0,0,0,12711
0.7037037037037037,0.006578947368421052,0.0,0.006256517205422314,0.5,0.35714285714285715,0.25,1,0,0,1,0,0,0,0,0,1,0,0,22974
0.0,0.0,0.3333333333333333,0.011470281543274244,0.0,0.0,0.25,0,0,0,1,1,0,0,0,0,0,0,0,6498
0.3333333333333333,0.008771929824561403,0.6666666666666667,0.03545359749739312,0.5,0.35714285714285715,0.5,0,0,0,1,0,0,0,1,1,0,1,0,20625
0.3518518518518518,0.0021929824561403508,1.0,0.0740354535974974,1.0,0.0,0.25,0,1,0,0,1,0,0,1,0,0,0,0,23128
0.22222222222222227,0.010964912280701754,0.3333333333333333,0.02085505735140772,0.5,0.42857142857142855,0.625,1,0,0,1,0,1,0,0,0,1,1,0,26768
0.48148148148148145,0.006578947368421052,0.3333333333333333,0.009384775808133473,0.5,0.42857142857142855,0.125,0,0,0,0,0,1,0,0,0,0,0,1,21236
0.25925925925925924,0.006578947368421052,0.6666666666666667,0.02606882168925965,0.5,0.42857142857142855,0.25,0,1,0,0,0,0,1,0,1,0,0,0,20658
0.7222222222222223,0.006578947368421052,0.6666666666666667,0.04066736183524505,1.0,1.0,0.5,0,0,1,0,0,1,0,0,0,0,0,1,38089
0.3148148148148148,0.006578947368421052,0.0,0.00521376433785193,0.0,0.42857142857142855,0.125,1,0,1,0,0,0,1,0,0,1,1,0,14215
0.6851851851851851,0.0043859649122807015,0.0,0.0072992700729927005,0.5,0.42857142857142855,0.5,0,0,0,1,0,0,0,1,0,0,1,0,21526
0.27777777777777773,0.008771929824561403,1.0,0.08967674661105318,1.0,0.42857142857142855,0.25,1,0,0,1,0,0,0,1,0,0,1,0,24679
0.7777777777777779,0.0043859649122807015,0.6666666666666667,0.03336809176225235,0.0,0.42857142857142855,0.25,1,0,0,1,0,0,0,0,0,0,0,1,11609
0.18518518518518517,0.0043859649122807015,1.0,0.05318039624608968,1.0,0.5714285714285714,0.25,0,0,1,0,0,0,0,0,1,0,1,0,28012
0.2962962962962962,0.0043859649122807015,0.0,0.006256517205422314,0.0,0.35714285714285715,0.25,0,0,1,0,0,0,0,1,0,0,0,0,12107
0.24074074074074076,0.008771929824561403,0.3333333333333333,0.021897810218978103,0.5,0.42857142857142855,0.25,0,0,1,0,0,1,0,0,0,0,1,0,20652
0.7037037037037037,0.006578947368421052,0.0,0.004171011470281543,0.5,0.42857142857142855,0.125,0,0,0,1,0,0,0,0,0,0,0,1,20345
0.24074074074074076,0.008771929824561403,0.3333333333333333,0.023983315954118876,0.5,0.42857142857142855,0.125,0,0,1,0,0,0,1,0,0,0,0,0,18108
0.055555555555555525,0.0,0.3333333333333333,0.021897810218978103,0.0,0.0,1.0,0,1,0,0,1,0,0,0,0,0,0,0,8989
0.6111111111111112,0.0,0.0,0.00521376433785193,0.5,0.42857142857142855,0.625,0,0,0,1,1,1,0,0,0,0,0,1,25807
0.24074074074074076,0.008771929824561403,0.0,0.0031282586027111575,0.0,1.0,0.5,0,0,0,1,0,0,0,0,0,0,1,0,15596
0.48148148148148145,0.008771929824561403,0.3333333333333333,0.01564129301355579,0.5,0.42857142857142855,0.125,0,0,1,0,0,0,1,0,0,0,1,0,19532
0.018518518518518545,0.0,0.6666666666666667,0.028154327424400417,0.0,0.0,0.625,1,1,0,0,1,0,0,1,0,0,1,0,8549
0.6666666666666667,0.0,0.0,0.0031282586027111575,1.0,0.35714285714285715,1.0,0,0,0,1,1,0,0,0,0,0,0,1,32951
0.9814814814814814,0.0021929824561403508,0.0,0.0031282586027111575,0.5,0.42857142857142855,0.625,0,1,0,0,1,0,1,0,0,0,0,1,27593
0.5185185185185186,0.0043859649122807015,0.0,0.008342022940563087,0.5,0.42857142857142855,0.625,1,0,0,1,0,0,0,0,0,0,0,1,21511
0.3148148148148148,0.006578947368421052,0.3333333333333333,0.019812304483837334,0.5,0.0,0.5,1,0,1,0,0,0,0,0,0,1,1,0,20431
0.6296296296296295,0.006578947368421052,0.3333333333333333,0.02085505735140772,1.0,0.0,0.625,1,0,0,1,0,1,0,0,0,1,0,1,35796
0.46296296296296297,0.0021929824561403508,0.0,0.004171011470281543,0.0,0.42857142857142855,0.25,0,0,0,1,1,0,0,1,0,0,1,0,10315
0.6851851851851851,0.010964912280701754,1.0,0.08342022940563087,1.0,0.5714285714285714,0.625,0,0,1,0,0,1,0,0,0,0,0,0,37219
0.037037037037037035,0.0,0.6666666666666667,0.03545359749739312,0.0,0.0,0.625,1,0,1,0,1,0,0,0,0,1,0,1,10673
0.14814814814814814,0.006578947368421052,1.0,0.04171011470281544,1.0,0.42857142857142855,1.0,0,0,0,1,0,0,0,0,1,0,0,0,28033
0.1111111111111111,0.006578947368421052,0.3333333333333333,0.01772679874869656,0.0,0.0,0.125,0,0,0,0,0,0,0,0,0,0,1,0,4482
0.1296296296296296,0.0,0.3333333333333333,0.018769551616266946,0.0,0.0,0.625,0,0,1,0,1,0,0,1,0,0,0,0,8265
0.3148148148148148,0.0021929824561403508,0.6666666666666667,0.04066736183524505,1.0,0.5714285714285714,0.5,1,1,0,0,1,0,1,0,0,1,0,0,34308
0.44444444444444436,0.006578947368421052,0.0,0.0031282586027111575,0.0,0.35714285714285715,0.125,0,0,1,0,0,0,0,0,1,0,0,1,11486
0.574074074074074,0.006578947368421052,0.3333333333333333,0.01772679874869656,1.0,0.42857142857142855,0.25,1,0,1,0,0,1,0,0,0,1,0,1,35229
0.3518518518518518,0.006578947368421052,0.3333333333333333,0.02502606882168926,1.0,1.0,0.5,0,0,1,0,0,1,0,0,0,1,0,0,35577
0.07407407407407407,0.0,0.0,0.0,0.0,0.42857142857142855,0.125,0,0,0,0,1,0,0,0,0,0,0,1,6211
0.3703703703703704,0.006578947368421052,0.0,0.00521376433785193,0.0,0.35714285714285715,0.125,0,0,1,0,0,0,1,0,0,1,1,0,16035
0.6666666666666667,0.008771929824561403,0.3333333333333333,0.009384775808133473,1.0,0.42857142857142855,0.125,0,0,0,1,0,0,1,0,0,0,0,0,29228
0.7407407407407407,0.0,0.0,0.00521376433785193,0.5,0.42857142857142855,0.625,0,1,0,0,1,0,0,0,0,0,0,1,22487
0.25925925925925924,0.006578947368421052,0.3333333333333333,0.019812304483837334,0.5,0.35714285714285715,0.25,1,0,1,0,0,0,0,0,1,0,1,0,19319
0.3518518518518518,0.006578947368421052,0.6666666666666667,0.03649635036496351,0.5,0.35714285714285715,0.5,0,0,1,0,0,0,0,0,0,0,0,1,18295
0.1296296296296296,0.0,0.6666666666666667,0.03962460896767466,0.0,0.0,0.625,1,0,0,1,1,0,0,0,0,0,0,0,7601
0.49999999999999994,0.0,0.0,0.008342022940563087,0.0,1.0,0.625,1,0,1,0,1,1,0,0,0,0,1,0,19682
0.07407407407407407,0.0,0.6666666666666667,0.03753910323253389,0.0,0.0,0.125,1,0,0,0,1,0,0,0,0,0,0,0,4199
0.07407407407407407,0.0021929824561403508,0.3333333333333333,0.010427528675703858,0.0,0.0,0.125,1,0,1,0,1,0,0,0,0,0,1,0,4746
0.25925925925925924,0.008771929824561403,0.6666666666666667,0.030239833159541193,0.5,0.42857142857142855,0.625,0,0,0,0,0,0,1,0,0,0,0,1,21580
0.5185185185185186,0.0043859649122807015,0.3333333333333333,0.014598540145985403,1.0,0.42857142857142855,0.25,0,0,1,0,0,0,1,0,0,0,0,1,30135
0.44444444444444436,0.0043859649122807015,0.0,0.0072992700729927005,0.0,0.35714285714285715,0.125,0,1,0,0,0,0,0,0,0,1,1,0,13401
0.49999999999999994,0.008771929824561403,0.3333333333333333,0.021897810218978103,0.5,0.5714285714285714,0.25,0,0,0,1,0,0,1,0,0,0,0,0,22252
0.07407407407407407,0.0043859649122807015,0.0,0.0010427528675703858,0.0,0.0,1.0,1,0,1,0,1,0,0,0,0,0,1,0,9637
0.055555555555555525,0.0021929824561403508,0.6666666666666667,0.03545359749739312,0.0,0.0,0.25,0,1,0,0,1,0,0,1,1,0,0,0,6731
0.24074074074074076,0.006578947368421052,0.0,0.008342022940563087,0.5,0.35714285714285715,0.5,1,0,1,0,0,1,0,0,0,1,1,0,25495
0.2962962962962962,0.006578947368421052,0.3333333333333333,0.02294056308654849,0.5,0.42857142857142855,0.25,1,0,1,0,0,0,0,0,0,1,0,0,19687
0.3703703703703704,0.008771929824561403,0.0,0.0031282586027111575,0.0,0.35714285714285715,1.0,0,1,0,0,0,0,0,0,1,0,0,1,14741
0.7222222222222223,0.0043859649122807015,0.0,0.004171011470281543,0.5,0.42857142857142855,1.0,1,0,0,0,0,1,0,0,0,0,0,0,28770
0.1296296296296296,0.0021929824561403508,0.0,0.0020855057351407717,0.0,0.0,0.625,0,0,1,0,1,0,0,0,0,0,1,0,7806
0.037037037037037035,0.0,0.0,0.0020855057351407717,0.0,0.0,0.125,0,0,0,1,1,0,0,1,0,0,1,0,6113
0.037037037037037035,0.0021929824561403508,0.3333333333333333,0.01772679874869656,0.0,0.0,0.25,0,0,0,1,1,0,0,0,0,0,1,0,5659
0.1296296296296296,0.006578947368421052,0.6666666666666667,0.03649635036496351,0.0,0.0,0.125,1,0,1,0,0,0,0,0,0,0,0,1,5709
0.07407407407407407,0.0021929824561403508,0.3333333333333333,0.023983315954118876,0.0,0.0,0.0,1,0,1,0,1,1,0,0,0,1,0,0,11248
0.4259259259259259,0.0021929824561403508,0.3333333333333333,0.009384775808133473,0.0,0.42857142857142855,0.125,1,0,0,0,1,0,0,0,0,1,1,0,13826
0.25925925925925924,0.0043859649122807015,0.6666666666666667,0.03441084462982273,0.5,0.8571428571428571,0.25,1,0,0,1,0,1,0,0,0,1,0,0,25500
0.055555555555555525,0.0,1.0,0.06256517205422316,0.5,0.0,0.125,1,0,0,1,1,0,0,1,1,0,0,1,9256
0.7222222222222223,0.006578947368421052,0.6666666666666667,0.029197080291970805,0.5,0.42857142857142855,0.125,1,0,1,0,0,0,1,0,1,0,0,1,22922
0.07407407407407407,0.0021929824561403508,0.0,0.006256517205422314,0.5,0.0,1.0,0,0,1,0,1,0,0,0,0,0,0,0,13309
0.055555555555555525,0.0,0.3333333333333333,0.01772679874869656,0.0,0.0,0.625,1,0,1,0,1,0,1,0,0,0,1,0,9388
0.14814814814814814,0.006578947368421052,1.0,0.07924921793534932,0.5,0.0,0.0,0,0,1,0,0,0,0,0,0,1,0,1,16554
0.0,0.0,0.0,0.0020855057351407717,0.0,0.0,1.0,0,1,0,0,1,0,0,0,0,0,0,0,8622
0.3333333333333333,0.0043859649122807015,1.0,0.08654848800834203,1.0,0.42857142857142855,0.625,0,0,1,0,1,0,0,0,0,0,0,1,26390
0.1296296296296296,0.0,0.3333333333333333,0.009384775808133473,0.0,0.35714285714285715,0.125,0,1,0,0,1,0,0,0,1,0,1,0,8711
0.1296296296296296,0.0,0.0,0.0031282586027111575,0.0,0.42857142857142855,0.125,0,0,0,0,1,0,0,0,0,0,1,0,6175
0.09259259259259262,0.0,0.6666666666666667,0.03858185610010428,0.0,0.0,0.125,1,0,1,0,1,0,0,0,0,0,1,0,4475
0.7222222222222223,0.0043859649122807015,0.3333333333333333,0.02502606882168926,1.0,0.42857142857142855,0.5,1,0,0,1,0,0,1,0,0,0,0,1,31369
0.1296296296296296,0.0043859649122807015,1.0,0.05526590198123045,0.5,0.0,0.625,0,1,0,0,1,0,1,0,0,0,0,0,12011
0.49999999999999994,0.0,0.3333333333333333,0.013555787278415015,0.0,0.42857142857142855,0.25,0,0,0,1,1,0,0,0,1,0,0,0,11052
0.018518518518518545,0.0,0.0,0.004171011470281543,0.0,0.0,0.125,0,0,0,1,1,1,0,0,0,0,1,0,9566
0.7407407407407407,0.006578947368421052,0.0,0.0020855057351407717,0.0,0.35714285714285715,0.125,0,0,1,0,0,0,0,0,1,0,0,0,12496
0.49999999999999994,0.0043859649122807015,0.0,0.0072992700729927005,0.5,0.0,0.5,0,0,0,0,0,0,0,0,0,0,1,0,17369
0.4259259259259259,0.0,0.6666666666666667,0.030239833159541193,0.5,0.0,0.0,1,0,1,0,1,0,0,1,0,0,1,0,15047
0.07407407407407407,0.0043859649122807015,0.0,0.0020855057351407717,0.0,0.0,1.0,0,1,0,0,1,0,0,0,0,0,0,1,9787
0.6666666666666667,0.006578947368421052,0.3333333333333333,0.016684045881126174,1.0,0.42857142857142855,0.625,1,0,1,0,0,0,1,0,1,0,0,0,32302
0.5925925925925926,0.0043859649122807015,0.6666666666666667,0.03962460896767466,1.0,0.42857142857142855,0.25,1,0,1,0,0,0,1,0,0,1,1,0,33196
0.3888888888888889,1.0,0.3333333333333333,0.013555787278415015,0.5,0.42857142857142855,0.125,0,0,1,0,0,1,0,0,0,1,0,0,22632
0.055555555555555525,0.0021929824561403508,0.6666666666666667,0.03232533889468196,0.0,0.0,0.625,0,1,0,0,1,0,1,0,0,0,1,0,10349
0.5925925925925926,0.010964912280701754,0.3333333333333333,0.010427528675703858,1.0,0.42857142857142855,0.25,0,1,0,0,0,0,1,0,0,0,0,1,29633
0.46296296296296297,0.0,0.6666666666666667,0.027111574556830033,0.5,0.42857142857142855,0.25,0,0,1,0,1,0,0,0,1,0,0,1,17912
0.20370370370370366,0.0043859649122807015,1.0,0.08029197080291971,1.0,0.42857142857142855,0.25,0,0,0,0,0,0,0,0,0,0,0,1,24202
0.7222222222222223,0.006578947368421052,0.6666666666666667,0.04066736183524505,1.0,0.0,0.625,1,1,0,0,0,0,1,0,0,1,0,1,33637
0.6481481481481481,0.0043859649122807015,0.0,0.006256517205422314,0.5,0.42857142857142855,0.125,1,0,0,1,0,0,0,0,0,1,0,0,23299
0.7222222222222223,0.006578947368421052,1.0,0.05735140771637122,1.0,0.42857142857142855,0.25,1,0,1,0,0,0,0,0,0,1,0,1,31973
0.6666666666666667,0.0043859649122807015,1.0,0.06882168925964546,1.0,0.0,0.25,1,0,0,0,1,0,1,0,1,0,0,0,28351
0.018518518518518545,0.006578947368421052,0.3333333333333333,0.01772679874869656,0.0,0.0,0.25,1,0,1,0,0,0,0,1,0,0,0,0,6678
0.44444444444444436,0.008771929824561403,0.6666666666666667,0.03232533889468196,0.5,0.8571428571428571,0.5,1,0,1,0,0,0,0,0,0,1,0,1,24340
0.7592592592592593,0.0043859649122807015,0.6666666666666667,0.027111574556830033,1.0,0.42857142857142855,0.25,0,0,0,1,0,1,0,0,0,0,1,0,32086
0.18518518518518517,0.006578947368421052,0.0,0.0020855057351407717,0.0,0.42857142857142855,0.125,0,1,0,0,0,0,0,0,0,0,0,0,9640
0.48148148148148145,0.0,1.0,0.056308654848800835,1.0,0.42857142857142855,0.5,0,0,1,0,1,1,0,0,1,0,0,0,29883
0.6296296296296295,0.006578947368421052,0.3333333333333333,0.01772679874869656,1.0,0.42857142857142855,0.25,1,0,1,0,0,0,1,0,0,1,0,1,32798
0.4074074074074074,0.0043859649122807015,0.6666666666666667,0.04066736183524505,0.5,0.42857142857142855,0.25,1,0,0,1,0,0,1,0,0,1,0,0,23203
0.48148148148148145,0.008771929824561403,0.0,0.006256517205422314,0.0,0.7857142857142857,0.625,0,1,0,0,0,0,1,0,0,0,1,0,16407
0.1296296296296296,0.0021929824561403508,0.3333333333333333,0.021897810218978103,0.5,0.42857142857142855,0.25,1,1,0,0,1,0,0,0,0,0,1,0,11421
0.1111111111111111,0.0,1.0,0.043795620437956206,0.5,0.0,0.125,1,0,0,1,1,0,0,0,0,0,0,1,8867
0.9814814814814814,0.0,0.0,0.004171011470281543,0.0,0.42857142857142855,0.625,1,0,0,1,1,0,0,1,0,0,0,1,16955
0.1111111111111111,0.0021929824561403508,0.3333333333333333,0.02294056308654849,0.0,0.0,0.125,1,0,1,0,1,0,0,0,0,0,1,0,4465
0.3518518518518518,0.0021929824561403508,1.0,0.06882168925964546,1.0,0.0,0.5,0,0,0,1,1,0,0,0,0,1,0,1,27010
0.5925925925925926,0.006578947368421052,0.6666666666666667,0.04066736183524505,1.0,0.42857142857142855,0.625,1,1,0,0,0,0,0,0,1,0,1,0,30783
0.7407407407407407,0.006578947368421052,0.3333333333333333,0.010427528675703858,1.0,0.42857142857142855,0.625,0,1,0,0,0,1,0,0,0,0,0,1,34427
0.25925925925925924,0.008771929824561403,0.3333333333333333,0.009384775808133473,0.5,0.0,0.25,0,1,0,0,0,0,0,0,1,0,0,0,16521
0.4074074074074074,0.0043859649122807015,0.0,0.0,0.0,1.0,0.25,0,0,1,0,0,0,0,0,1,0,0,0,15323
0.18518518518518517,0.0043859649122807015,0.0,0.0020855057351407717,0.0,0.5714285714285714,0.0,1,0,1,0,0,0,1,0,0,1,1,0,18837
0.6851851851851851,0.006578947368421052,0.0,0.00521376433785193,0.5,0.42857142857142855,0.125,0,0,0,1,0,0,0,0,0,0,0,0,19569
0.018518518518518545,0.006578947368421052,1.0,0.06465067778936393,0.5,0.0,1.0,0,1,0,0,0,0,0,0,0,0,1,0,13389
0.09259259259259262,0.0021929824561403508,0.3333333333333333,0.01251303441084463,0.5,0.0,0.5,1,0,1,0,1,0,0,1,0,0,0,0,11423
0.6481481481481481,0.006578947368421052,0.0,0.00521376433785193,0.5,0.42857142857142855,0.25,0,1,0,0,0,0,0,0,0,0,1,0,20726
0.018518518518518545,0.0043859649122807015,0.6666666666666667,0.027111574556830033,0.0,0.0,1.0,1,0,1,0,1,0,0,1,0,0,0,1,9690
0.537037037037037,0.010964912280701754,0.6666666666666667,0.04066736183524505,1.0,0.42857142857142855,0.25,0,0,1,0,0,0,1,0,0,1,0,1,32727
0.49999999999999994,0.0021929824561403508,0.3333333333333333,0.013555787278415015,0.5,0.8571428571428571,0.25,0,0,1,0,1,0,1,0,1,0,0,0,23211
0.537037037037037,0.008771929824561403,0.0,0.0020855057351407717,0.5,0.8571428571428571,0.125,0,0,0,1,0,0,1,0,0,0,1,0,24571
0.22222222222222227,0.0043859649122807015,0.0,0.006256517205422314,0.0,0.42857142857142855,0.5,1,0,1,0,0,1,0,0,0,1,0,0,18149
0.18518518518518517,0.0043859649122807015,0.3333333333333333,0.010427528675703858,0.5,0.0,1.0,0,0,1,0,0,0,0,0,0,1,1,0,22779
0.574074074074074,0.0043859649122807015,0.3333333333333333,0.014598540145985403,1.0,0.35714285714285715,0.625,0,1,0,0,0,0,1,0,0,0,0,0,32720
0.1111111111111111,0.0021929824561403508,0.0,0.006256517205422314,0.0,0.0,0.25,1,1,0,0,1,0,0,0,0,1,1,0,8383
0.22222222222222227,0.0021929824561403508,0.3333333333333333,0.02294056308654849,0.5,0.42857142857142855,0.25,1,0,1,0,1,0,1,0,0,1,0,1,23030
0.5185185185185186,0.006578947368421052,0.6666666666666667,0.03336809176225235,1.0,0.42857142857142855,0.25,0,0,0,1,0,1,0,0,0,0,0,1,31352
0.5185185185185186,0.0043859649122807015,0.6666666666666667,0.028154327424400417,1.0,0.8571428571428571,0.625,1,0,0,0,0,0,1,0,0,1,0,1,37876
0.49999999999999994,0.0,0.0,0.008342022940563087,0.5,0.35714285714285715,0.625,0,1,0,0,1,1,0,0,1,0,1,0,24583
0.4074074074074074,0.0021929824561403508,0.6666666666666667,0.02502606882168926,0.0,0.7857142857142857,0.25,0,0,1,0,1,1,0,0,1,0,0,0,17373
0.5555555555555556,0.0043859649122807015,0.6666666666666667,0.03545359749739312,1.0,0.35714285714285715,1.0,1,0,0,0,1,0,0,0,0,1,0,1,35059
0.9444444444444444,0.0043859649122807015,0.0,0.006256517205422314,0.5,0.42857142857142855,0.125,1,0,0,1,0,1,0,0,0,0,0,1,28173
0.20370370370370366,0.006578947368421052,0.0,0.006256517205422314,0.0,0.35714285714285715,0.25,0,0,0,0,0,0,1,0,0,0,1,0,12525
0.07407407407407407,0.0021929824561403508,1.0,0.08967674661105318,0.5,0.0,0.5,0,0,1,0,1,0,0,1,0,0,1,0,11606
0.48148148148148145,0.0043859649122807015,0.0,0.0072992700729927005,0.0,0.5714285714285714,0.625,1,0,0,1,0,0,0,0,0,1,0,1,19870
0.1296296296296296,0.006578947368421052,0.3333333333333333,0.009384775808133473,0.0,0.0,0.125,1,0,1,0,0,0,0,0,0,0,0,0,5008
0.5925925925925926,0.006578947368421052,0.0,0.0031282586027111575,0.5,0.42857142857142855,0.5,0,1,0,0,0,0,0,0,0,0,0,0,22554
0.537037037037037,0.0043859649122807015,1.0,0.054223149113660066,1.0,0.42857142857142855,0.625,0,1,0,0,0,0,0,0,1,0,1,0,31808
0.18518518518518517,0.0,0.3333333333333333,0.02502606882168926,0.5,0.42857142857142855,0.25,0,0,0,1,1,0,0,0,0,0,0,1,17038
0.055555555555555525,0.0,0.0,0.0020855057351407717,0.0,0.0,0.5,1,1,0,0,1,0,0,1,0,0,0,1,7082
0.7407407407407407,0.010964912280701754,0.3333333333333333,0.011470281543274244,1.0,0.42857142857142855,0.5,1,0,1,0,0,0,1,0,0,1,1,0,34770
0.1111111111111111,0.0,0.3333333333333333,0.019812304483837334,0.0,0.0,0.0,0,0,1,0,1,0,0,0,1,0,0,1,4727
0.22222222222222227,0.0,0.0,0.0072992700729927005,0.0,1.0,1.0,1,0,1,0,1,0,1,0,1,0,0,0,20901
0.09259259259259262,0.006578947368421052,0.0,0.0020855057351407717,0.5,0.0,0.25,0,0,0,1,0,0,0,0,0,0,0,0,9989
0.49999999999999994,0.0,0.6666666666666667,0.03441084462982273,0.5,0.0,1.0,0,0,0,1,1,0,1,0,0,1,1,0,24762
0.46296296296296297,0.0043859649122807015,0.0,0.0072992700729927005,0.0,0.8571428571428571,0.5,1,0,1,0,0,0,1,0,1,0,0,1,17515
0.0,0.0043859649122807015,0.6666666666666667,0.03336809176225235,0.0,0.0,0.25,0,0,1,0,0,0,0,1,0,0,0,0,6715
0.7777777777777779,0.006578947368421052,0.3333333333333333,0.02085505735140772,0.0,0.42857142857142855,0.625,0,0,0,1,0,0,0,0,0,0,0,1,13646
0.46296296296296297,0.006578947368421052,0.0,0.0031282586027111575,0.0,0.35714285714285715,0.625,0,0,1,0,0,0,1,0,0,0,1,0,14838
0.037037037037037035,0.0,0.6666666666666667,0.02606882168925965,0.0,0.42857142857142855,0.125,1,0,1,0,1,0,0,0,0,0,0,0,7848
0.4259259259259259,0.006578947368421052,0.3333333333333333,0.023983315954118876,0.5,0.42857142857142855,0.625,0,0,0,1,0,0,0,1,0,0,0,0,19175
0.07407407407407407,0.0,0.3333333333333333,0.01564129301355579,0.0,0.42857142857142855,0.125,0,0,0,1,1,0,0,0,0,1,1,0,10661
0.0,0.0043859649122807015,0.0,0.0072992700729927005,0.5,0.0,0.5,0,0,1,0,1,0,1,0,0,0,1,0,11795
0.0,0.0,0.6666666666666667,0.03649635036496351,1.0,0.0,0.5,1,0,1,0,1,0,0,0,0,0,0,1,14016
0.7592592592592593,0.0043859649122807015,0.6666666666666667,0.02502606882168926,1.0,0.8571428571428571,0.25,1,0,1,0,0,1,0,0,0,1,0,1,36699
0.3333333333333333,0.0,1.0,0.09071949947862357,1.0,0.0,0.125,1,0,1,0,1,1,0,0,0,1,1,0,28796
0.9444444444444444,0.0021929824561403508,0.3333333333333333,0.013555787278415015,1.0,0.5714285714285714,1.0,1,1,0,0,0,0,0,1,0,1,0,1,45615
0.0,0.006578947368421052,1.0,0.09176225234619395,0.5,0.35714285714285715,0.25,0,0,0,0,0,0,1,0,0,0,0,0,13798
0.574074074074074,0.0021929824561403508,0.6666666666666667,0.03962460896767466,1.0,0.0,0.625,0,1,0,0,1,0,1,0,0,1,0,1,32205
0.2962962962962962,0.006578947368421052,1.0,0.04171011470281544,1.0,0.42857142857142855,0.5,1,0,0,0,0,0,0,0,0,1,1,0,28647
1.0,0.0043859649122807015,1.0,0.05735140771637122,1.0,0.42857142857142855,0.125,0,0,0,0,0,0,0,0,1,0,0,1,34953
0.6111111111111112,0.0021929824561403508,0.0,0.0020855057351407717,0.5,0.0,0.625,0,0,1,0,1,0,0,0,1,0,0,1,20758
0.037037037037037035,0.0043859649122807015,0.6666666666666667,0.02502606882168926,0.0,0.0,0.125,0,0,1,0,1,0,0,0,0,0,0,0,5517
0.0,0.006578947368421052,0.3333333333333333,0.019812304483837334,0.0,0.0,0.625,0,0,0,0,0,0,0,0,0,0,1,0,6896
0.574074074074074,0.0,1.0,0.09801876955161627,1.0,0.0,0.5,0,1,0,0,1,0,0,0,0,0,1,0,28186
0.055555555555555525,0.0,1.0,0.08342022940563087,0.5,0.42857142857142855,0.0,0,0,1,0,1,0,0,0,0,0,1,0,10983
0.2962962962962962,0.006578947368421052,0.3333333333333333,0.013555787278415015,0.5,0.0,0.625,0,0,0,0,0,0,0,0,0,0,0,1,16963
0.7037037037037037,0.008771929824561403,0.6666666666666667,0.03232533889468196,0.0,0.42857142857142855,0.5,0,0,1,0,0,1,0,0,0,0,0,1,17565
0.49999999999999994,0.0043859649122807015,0.3333333333333333,0.009384775808133473,1.0,0.42857142857142855,0.625,1,0,1,0,0,0,0,0,0,1,1,0,29381
0.055555555555555525,0.0,0.3333333333333333,0.01251303441084463,1.0,0.0,0.625,1,0,1,0,1,0,0,0,0,0,0,0,15164
0.0,0.0021929824561403508,0.0,0.008342022940563087,0.0,0.0,0.25,0,0,0,1,1,0,0,1,0,0,1,0,6512
0.6851851851851851,0.006578947368421052,0.0,0.008342022940563087,0.5,0.42857142857142855,0.125,0,0,0,0,0,0,0,0,0,0,0,1,19774
0.018518518518518545,0.0,0.0,0.0010427528675703858,0.0,0.0,0.5,0,0,0,1,1,0,0,1,0,0,1,0,6459
0.7592592592592593,0.006578947368421052,0.3333333333333333,0.02085505735140772,1.0,0.0,0.5,1,0,0,1,0,0,0,0,0,1,0,1,30988
0.7222222222222223,0.0043859649122807015,0.3333333333333333,0.014598540145985403,0.0,0.42857142857142855,0.25,1,1,0,0,0,0,1,0,0,1,0,1,17104
0.055555555555555525,0.0,0.0,0.0,1.0,0.0,0.5,1,0,0,0,1,0,0,0,0,1,0,1,17977
0.7777777777777779,0.008771929824561403,0.0,0.004171011470281543,0.5,0.8571428571428571,0.0,1,0,1,0,0,0,0,1,0,0,1,0,21897
0.2962962962962962,0.0043859649122807015,0.3333333333333333,0.016684045881126174,1.0,0.35714285714285715,0.5,1,0,0,0,0,1,0,0,0,1,0,1,32047
0.3518518518518518,0.006578947368421052,1.0,0.07194994786235663,1.0,0.42857142857142855,0.25,0,0,0,1,0,0,0,0,0,1,1,0,27696
0.4259259259259259,0.0,0.0,0.0072992700729927005,0.5,0.35714285714285715,0.25,1,0,0,1,1,0,0,0,0,0,1,0,16986
0.20370370370370366,0.0,0.0,0.006256517205422314,0.0,0.0,0.625,0,0,0,1,1,0,0,1,1,0,1,0,11493
0.6296296296296295,0.008771929824561403,1.0,0.0667361835245047,1.0,0.42857142857142855,1.0,0,1,0,0,0,1,0,0,0,0,0,1,35982
0.574074074074074,0.006578947368421052,0.6666666666666667,0.030239833159541193,0.5,0.42857142857142855,0.0,0,1,0,0,0,0,0,1,0,0,0,1,19211
0.18518518518518517,0.0,0.0,0.008342022940563087,1.0,1.0,0.125,0,0,0,0,1,0,0,0,0,0,1,0,26778
0.7407407407407407,0.006578947368421052,0.0,0.0,0.5,0.5714285714285714,0.125,0,0,1,0,0,0,0,0,0,1,1,0,26743
0.537037037037037,0.0,0.6666666666666667,0.02606882168925965,1.0,0.42857142857142855,0.125,0,0,0,1,1,0,0,0,0,1,0,0,29713
0.25925925925925924,0.008771929824561403,0.0,0.00521376433785193,1.0,0.42857142857142855,0.125,1,0,1,0,0,1,0,0,0,0,1,0,27035
0.49999999999999994,0.008771929824561403,0.3333333333333333,0.018769551616266946,0.0,0.0,0.625,1,0,0,1,0,1,0,0,0,1,0,1,17077
0.9444444444444444,0.0021929824561403508,0.0,0.0031282586027111575,0.5,0.0,0.0,0,0,0,1,1,0,0,0,0,1,1,0,24712
0.2962962962962962,0.006578947368421052,0.0,0.004171011470281543,0.0,0.7857142857142857,0.25,0,1,0,0,0,0,0,0,0,0,0,0,12037
0.5185185185185186,0.006578947368421052,0.0,0.0010427528675703858,0.5,0.42857142857142855,0.625,0,0,0,0,0,0,1,0,0,0,0,0,24140
0.7407407407407407,0.0,0.3333333333333333,0.018769551616266946,0.0,0.5714285714285714,0.25,1,0,0,0,1,0,0,0,0,0,0,1,16913
0.48148148148148145,0.010964912280701754,0.3333333333333333,0.01772679874869656,0.5,0.5714285714285714,0.25,1,0,0,1,0,0,0,0,0,0,1,0,20449
0.3888888888888889,0.0,0.0,0.0,0.0,0.35714285714285715,0.25,0,0,0,0,1,0,0,1,0,0,1,0,12285
0.537037037037037,0.008771929824561403,1.0,0.07194994786235663,1.0,0.42857142857142855,0.5,1,0,0,1,0,0,0,0,0,0,1,0,28683
0.6666666666666667,0.0,0.6666666666666667,0.03232533889468196,1.0,0.35714285714285715,1.0,1,0,0,0,1,0,0,0,0,1,0,1,34910
0.3333333333333333,0.0,0.0,0.004171011470281543,0.5,0.42857142857142855,0.125,0,0,1,0,1,1,0,0,0,1,1,0,24053
0.0,0.0021929824561403508,0.0,0.0010427528675703858,0.0,0.0,0.625,1,0,0,1,1,0,1,0,0,0,1,0,9091
0.537037037037037,0.008771929824561403,0.3333333333333333,0.013555787278415015,1.0,0.7857142857142857,0.25,0,0,0,0,0,0,1,0,0,0,0,1,32473
0.07407407407407407,0.0021929824561403508,0.0,0.006256517205422314,0.0,0.0,0.25,1,0,0,0,1,0,0,0,0,0,0,0,6729
0.5925925925925926,0.0021929824561403508,0.0,0.008342022940563087,0.5,0.35714285714285715,0.625,0,0,1,0,1,0,1,0,0,0,0,1,23329
0.18518518518518517,0.008771929824561403,0.0,0.0,0.0,0.42857142857142855,0.125,0,1,0,0,0,0,1,0,1,0,0,0,13370
0.537037037037037,0.0043859649122807015,0.0,0.00521376433785193,0.0,0.42857142857142855,0.625,0,0,1,0,0,1,0,0,0,0,0,1,17308
0.48148148148148145,0.006578947368421052,0.6666666666666667,0.030239833159541193,1.0,0.42857142857142855,0.125,1,0,1,0,0,0,0,0,1,0,0,0,23590
0.49999999999999994,0.010964912280701754,0.0,0.008342022940563087,0.0,0.42857142857142855,0.25,0,0,0,0,0,0,0,0,1,0,0,1,11280
0.3518518518518518,0.0,0.0,0.0020855057351407717,0.0,0.42857142857142855,0.125,0,1,0,0,1,0,0,1,0,0,0,1,10160
0.09259259259259262,0.006578947368421052,0.6666666666666667,0.02606882168925965,0.0,0.0,0.125,0,0,0,1,0,1,0,0,0,0,0,0,9066
0.537037037037037,0.0043859649122807015,0.0,0.0,0.5,0.42857142857142855,0.25,0,1,0,0,1,0,0,0,0,0,0,0,21250
0.49999999999999994,0.008771929824561403,0.0,0.0072992700729927005,0.0,0.35714285714285715,0.625,0,0,1,0,0,1,0,0,0,0,1,0,16797
0.5925925925925926,0.008771929824561403,0.3333333333333333,0.02085505735140772,1.0,0.42857142857142855,0.125,0,0,1,0,0,0,1,0,0,0,0,1,29386
0.7222222222222223,0.006578947368421052,0.0,0.00521376433785193,0.0,0.35714285714285715,1.0,0,0,0,1,0,0,0,0,1,0,0,0,17748
0.1111111111111111,0.0021929824561403508,0.3333333333333333,0.019812304483837334,0.0,0.0,0.25,0,0,0,1,1,0,0,1,0,0,1,0,6472
0.18518518518518517,0.0,0.6666666666666667,0.027111574556830033,1.0,0.42857142857142855,0.0,0,1,0,0,1,0,1,0,1,0,0,1,25146
0.6296296296296295,0.006578947368421052,0.6666666666666667,0.03336809176225235,1.0,0.7857142857142857,0.125,0,0,0,0,0,0,0,0,0,0,0,1,30326
0.22222222222222227,0.0043859649122807015,0.0,0.004171011470281543,0.5,0.35714285714285715,0.25,0,0,0,1,0,0,1,0,1,0,0,0,19776
0.46296296296296297,0.008771929824561403,0.3333333333333333,0.016684045881126174,0.5,0.5714285714285714,0.25,1,1,0,0,0,0,0,0,0,1,1,0,23516
0.5185185185185186,0.006578947368421052,0.6666666666666667,0.03962460896767466,1.0,0.35714285714285715,0.125,1,1,0,0,0,0,0,0,0,1,0,1,31121
0.27777777777777773,0.006578947368421052,1.0,0.043795620437956206,1.0,0.0,0.625,0,1,0,0,0,0,0,1,1,0,1,0,25657
0.1296296296296296,0.0021929824561403508,0.0,0.0020855057351407717,0.0,0.0,0.125,0,0,1,0,1,1,0,0,0,0,0,0,9880
0.07407407407407407,0.0,0.0,0.0031282586027111575,0.0,0.0,0.0,0,0,1,0,1,0,0,0,0,0,1,0,4776
0.5925925925925926,0.006578947368421052,1.0,0.1032325338894682,1.0,0.42857142857142855,0.625,0,0,1,0,0,0,0,1,0,0,0,1,29600
0.5555555555555556,0.006578947368421052,0.0,0.0010427528675703858,0.5,0.35714285714285715,0.25,1,0,0,0,0,1,0,0,0,1,1,0,26373
0.25925925925925924,0.0,0.0,0.0,0.0,0.0,0.625,0,0,0,0,1,0,0,0,1,0,0,0,10603
0.07407407407407407,0.0021929824561403508,0.0,0.0010427528675703858,0.0,0.0,0.25,0,0,1,0,1,0,0,0,0,1,0,0,9591
0.07407407407407407,0.0021929824561403508,0.0,0.00521376433785193,0.0,0.0,1.0,1,0,1,0,1,0,0,0,0,1,1,0,12542
0.1296296296296296,0.0,0.3333333333333333,0.02294056308654849,0.0,0.42857142857142855,0.125,1,0,0,1,1,0,0,0,0,0,0,0,6716
0.24074074074074076,0.006578947368421052,0.3333333333333333,0.011470281543274244,0.5,0.35714285714285715,0.125,0,0,1,0,0,0,0,0,1,0,1,0,17720
0.037037037037037035,0.0,0.0,0.004171011470281543,0.5,0.0,0.625,1,0,1,0,1,0,0,0,0,0,0,0,10118
0.3333333333333333,0.0043859649122807015,0.0,0.0072992700729927005,0.0,0.5714285714285714,0.25,0,0,0,1,0,0,0,1,0,0,1,0,15197
0.3148148148148148,0.0043859649122807015,0.0,0.0010427528675703858,0.0,0.42857142857142855,0.5,1,0,0,1,0,1,0,0,0,1,1,0,19701
0.3148148148148148,0.0043859649122807015,0.3333333333333333,0.018769551616266946,0.5,0.42857142857142855,0.25,1,0,1,0,1,0,1,0,0,1,1,0,21833
0.09259259259259262,0.0,0.3333333333333333,0.02294056308654849,0.0,0.0,0.625,1,0,0,1,1,0,1,0,0,1,0,1,12628
0.7777777777777779,0.0,0.0,0.0,0.5,0.42857142857142855,0.25,0,0,1,0,1,0,0,0,0,0,0,1,21257
0.14814814814814814,0.0,0.3333333333333333,0.009384775808133473,0.5,0.42857142857142855,0.625,1,0,0,1,1,0,0,0,0,0,1,0,19535
0.4259259259259259,0.006578947368421052,0.6666666666666667,0.028154327424400417,0.5,0.42857142857142855,0.125,0,0,0,0,0,0,0,1,0,1,0,0,20277
0.018518518518518545,0.0021929824561403508,0.3333333333333333,0.023983315954118876,0.5,0.0,0.625,1,0,0,0,1,0,0,0,0,0,0,0,11518
0.2962962962962962,0.006578947368421052,0.3333333333333333,0.013555787278415015,0.5,0.42857142857142855,0.125,1,0,0,0,0,0,0,0,0,0,0,1,17252
0.055555555555555525,0.0,0.6666666666666667,0.03128258602711158,0.5,0.0,0.625,1,0,0,1,1,0,0,0,0,1,1,0,14273
0.0,0.0,0.6666666666666667,0.03858185610010428,1.0,0.42857142857142855,0.0,0,0,1,0,1,0,0,0,0,0,0,0,14072
0.3703703703703704,0.006578947368421052,0.0,0.0010427528675703858,0.0,0.35714285714285715,0.5,0,0,1,0,0,0,1,0,0,0,1,0,14819
0.49999999999999994,0.008771929824561403,0.3333333333333333,0.010427528675703858,0.5,0.35714285714285715,0.25,1,0,0,0,0,1,0,0,0,1,1,0,23406
0.24074074074074076,0.0,0.0,0.00521376433785193,0.0,0.0,1.0,1,0,0,1,1,0,0,0,0,1,0,0,15902
0.14814814814814814,0.0043859649122807015,0.6666666666666667,0.02606882168925965,0.5,0.42857142857142855,0.125,0,0,1,0,0,0,1,0,1,0,1,0,18964
0.6851851851851851,0.0043859649122807015,0.0,0.004171011470281543,0.0,0.42857142857142855,0.125,0,0,1,0,0,0,0,1,0,0,0,1,12757
0.055555555555555525,0.0021929824561403508,0.6666666666666667,0.04066736183524505,0.0,0.0,0.5,0,0,0,1,1,0,1,0,0,0,0,0,8644
0.3333333333333333,0.0043859649122807015,0.6666666666666667,0.03753910323253389,0.5,0.42857142857142855,0.625,1,0,0,0,0,1,0,0,1,0,0,0,24296
0.7777777777777779,0.0,0.6666666666666667,0.03336809176225235,1.0,0.0,0.625,0,0,0,0,1,0,0,1,0,0,0,1,27979
0.1296296296296296,0.006578947368421052,1.0,0.059436913451511995,0.5,0.0,0.625,1,0,1,0,0,0,1,0,0,0,1,0,13995
0.25925925925925924,0.006578947368421052,0.3333333333333333,0.019812304483837334,0.5,0.0,0.125,0,0,0,0,0,0,1,0,1,0,1,0,17418
0.0,0.0,0.0,0.0,0.0,0.0,0.625,0,0,0,1,1,0,0,1,0,0,0,0,8792
0.3333333333333333,0.006578947368421052,0.3333333333333333,0.016684045881126174,0.0,0.7857142857142857,1.0,0,0,0,0,0,0,0,0,1,0,0,0,17147
0.5925925925925926,0.0043859649122807015,0.0,0.0072992700729927005,1.0,0.42857142857142855,0.5,0,0,1,0,0,0,0,0,0,0,0,1,28505
0.20370370370370366,0.006578947368421052,0.3333333333333333,0.010427528675703858,0.5,0.5714285714285714,0.125,0,0,1,0,0,0,1,0,1,0,1,0,23328
0.0,0.0021929824561403508,0.6666666666666667,0.02502606882168926,0.0,0.0,0.125,0,0,1,0,1,0,0,0,0,1,0,1,7884
0.07407407407407407,0.0021929824561403508,0.6666666666666667,0.03128258602711158,0.0,0.0,0.5,1,0,1,0,1,0,1,0,0,0,1,0,9752
0.24074074074074076,0.0043859649122807015,0.0,0.0072992700729927005,0.0,0.42857142857142855,0.0,0,0,1,0,0,0,0,0,0,1,1,0,13475
0.574074074074074,0.0043859649122807015,0.3333333333333333,0.023983315954118876,1.0,0.42857142857142855,0.625,0,0,0,0,0,1,0,0,0,0,0,1,33379
0.49999999999999994,0.0043859649122807015,0.0,0.0010427528675703858,0.0,0.42857142857142855,1.0,0,0,0,1,0,0,1,0,0,0,0,0,15700
0.48148148148148145,0.0043859649122807015,0.6666666666666667,0.03545359749739312,0.5,0.0,0.625,0,0,1,0,1,0,0,0,1,0,0,1,17351
0.3703703703703704,0.0043859649122807015,0.0,0.0020855057351407717,0.0,0.35714285714285715,0.625,1,0,0,1,0,0,0,1,0,0,1,0,13328
0.7407407407407407,0.0043859649122807015,0.6666666666666667,0.03128258602711158,0.5,0.42857142857142855,0.25,0,1,0,0,0,0,0,0,0,0,0,1,19631
0.055555555555555525,0.0,0.6666666666666667,0.03962460896767466,0.0,0.0,1.0,0,0,0,1,1,0,0,0,0,0,1,0,9005
0.4259259259259259,0.0043859649122807015,0.0,0.00521376433785193,0.5,0.42857142857142855,0.125,1,1,0,0,0,1,0,0,1,0,0,0,20746
0.5185185185185186,0.0043859649122807015,0.3333333333333333,0.011470281543274244,1.0,0.42857142857142855,0.125,1,0,0,0,0,0,0,1,1,0,1,0,29563
0.4074074074074074,0.0,0.0,0.0020855057351407717,0.0,0.8571428571428571,0.625,0,0,0,1,1,0,1,0,0,0,1,0,15970
0.1296296296296296,0.0,1.0,0.05735140771637122,0.5,0.0,0.25,1,0,0,1,1,0,0,0,0,1,0,1,11599
0.3888888888888889,0.006578947368421052,0.6666666666666667,0.03128258602711158,0.5,0.42857142857142855,0.25,0,1,0,0,0,0,0,0,0,0,0,1,16559
0.3518518518518518,0.0,1.0,0.07612095933263817,1.0,0.42857142857142855,0.125,1,0,0,1,1,1,0,0,0,1,1,0,30707
0.574074074074074,0.008771929824561403,0.0,0.0072992700729927005,0.5,0.42857142857142855,0.125,0,0,0,1,0,0,0,0,0,1,0,1,22628
0.3333333333333333,0.0021929824561403508,0.0,0.00521376433785193,0.0,0.35714285714285715,0.5,0,1,0,0,1,0,0,0,1,0,0,1,13799
0.44444444444444436,0.0043859649122807015,0.0,0.0,0.5,0.42857142857142855,0.125,0,0,1,0,0,0,1,0,0,1,1,0,21186
0.0,0.0,0.0,0.0,0.0,0.5714285714285714,0.125,1,0,0,0,1,1,0,0,0,0,1,0,15462
0.1296296296296296,0.0,0.3333333333333333,0.010427528675703858,0.0,0.0,0.0,0,0,1,0,1,0,0,1,0,0,1,0,5207
0.018518518518518545,0.0,0.0,0.006256517205422314,1.0,0.0,0.125,0,1,0,0,1,0,0,0,0,1,0,0,15421
0.6666666666666667,0.008771929824561403,0.3333333333333333,0.01772679874869656,1.0,0.42857142857142855,0.125,0,1,0,0,0,1,0,0,0,0,0,1,31284
0.22222222222222227,0.0043859649122807015,0.6666666666666667,0.03128258602711158,0.5,0.42857142857142855,0.5,0,0,0,0,0,0,0,1,1,0,1,0,20962
0.25925925925925924,0.0021929824561403508,0.0,0.00521376433785193,0.0,0.35714285714285715,0.25,0,0,1,0,1,0,0,0,1,0,0,1,11269
0.7777777777777779,0.0043859649122807015,1.0,0.05318039624608968,1.0,0.42857142857142855,1.0,1,0,0,1,0,0,0,1,0,0,0,1,33215
0.3888888888888889,0.006578947368421052,0.0,0.004171011470281543,0.0,0.42857142857142855,0.25,0,0,1,0,0,1,0,0,0,0,0,1,14262
0.8518518518518519,0.0043859649122807015,0.3333333333333333,0.01564129301355579,1.0,0.35714285714285715,0.25,1,0,1,0,0,0,0,0,0,1,0,1,38200
0.537037037037037,0.006578947368421052,0.0,0.006256517205422314,0.5,0.0,0.625,0,0,1,0,0,1,0,0,0,1,1,0,26058
0.5925925925925926,0.006578947368421052,0.0,0.0031282586027111575,0.5,0.42857142857142855,0.25,0,0,0,1,0,0,1,0,0,0,0,1,23044
0.2962962962962962,0.008771929824561403,0.0,0.00521376433785193,0.0,0.0,0.25,1,0,0,1,0,0,0,1,0,1,1,0,12293
0.1296296296296296,0.0,1.0,0.05735140771637122,1.0,0.0,0.0,0,0,0,0,1,0,0,1,0,0,0,1,12457
0.5185185185185186,0.0043859649122807015,0.0,0.008342022940563087,0.5,0.42857142857142855,0.625,0,1,0,0,0,1,0,0,0,0,0,1,26666
0.3148148148148148,0.0,0.0,0.0072992700729927005,0.0,0.42857142857142855,0.25,1,0,1,0,1,0,0,0,0,1,0,1,13588
0.7592592592592593,0.0043859649122807015,0.3333333333333333,0.021897810218978103,1.0,0.0,0.625,0,0,0,1,0,1,0,0,0,0,0,0,31943
0.49999999999999994,0.0043859649122807015,0.0,0.0,0.0,0.42857142857142855,1.0,0,0,1,0,0,0,0,0,1,0,0,1,15091
0.7222222222222223,0.008771929824561403,0.0,0.0,0.5,0.0,0.625,1,0,0,1,0,0,1,0,0,0,0,1,22455
0.7222222222222223,0.006578947368421052,0.3333333333333333,0.02085505735140772,1.0,0.8571428571428571,0.125,0,0,1,0,0,0,0,0,0,0,1,0,28887
0.48148148148148145,0.0043859649122807015,0.0,0.0072992700729927005,0.0,0.0,0.125,0,0,1,0,0,0,0,0,1,0,1,0,8266
0.037037037037037035,0.0,0.0,0.0020855057351407717,0.0,0.0,0.25,1,0,0,1,1,0,1,0,1,0,0,0,8259
0.3888888888888889,0.0021929824561403508,1.0,0.09384775808133473,1.0,0.42857142857142855,0.25,0,0,1,0,1,0,0,0,0,0,1,0,24137
0.7777777777777779,0.008771929824561403,0.3333333333333333,0.013555787278415015,1.0,0.5714285714285714,0.125,0,0,0,1,0,0,0,0,0,0,0,1,32385
0.3703703703703704,0.0043859649122807015,0.0,0.0010427528675703858,0.0,0.5714285714285714,0.25,0,0,0,1,0,0,0,0,1,0,1,0,15193
0.6111111111111112,0.010964912280701754,0.0,0.0031282586027111575,1.0,0.42857142857142855,0.625,1,0,1,0,0,0,1,0,0,1,0,0,35935
0.7777777777777779,0.008771929824561403,0.6666666666666667,0.030239833159541193,0.5,0.42857142857142855,0.125,1,0,0,1,0,1,0,0,0,0,0,1,23219
0.574074074074074,0.006578947368421052,1.0,0.08133472367049009,1.0,0.42857142857142855,0.125,1,0,0,1,0,0,0,0,0,0,0,1,28370
0.537037037037037,0.0043859649122807015,0.6666666666666667,0.03858185610010428,1.0,0.0,0.625,1,0,1,0,0,0,1,0,0,0,0,1,30380
0.0,0.0,0.0,0.008342022940563087,0.0,0.0,0.625,1,0,0,1,1,0,1,0,1,0,0,0,10437
0.6666666666666667,0.008771929824561403,0.3333333333333333,0.019812304483837334,1.0,0.42857142857142855,0.5,1,0,1,0,0,0,0,1,1,0,1,0,30689
0.537037037037037,0.006578947368421052,0.0,0.004171011470281543,0.5,0.0,0.625,0,0,0,1,0,1,0,0,0,0,1,0,24156
0.4074074074074074,0.0,0.3333333333333333,0.02294056308654849,0.0,0.42857142857142855,0.625,1,1,0,0,1,0,1,0,0,0,1,0,13709
0.07407407407407407,0.0,1.0,0.07194994786235663,0.0,0.0,0.125,0,1,0,0,1,0,0,0,1,0,0,0,6674
0.037037037037037035,0.0,1.0,0.06465067778936393,0.5,0.0,0.125,0,0,0,1,1,0,0,0,0,0,0,0,8576
0.5925925925925926,0.008771929824561403,0.0,0.004171011470281543,0.5,0.42857142857142855,0.625,0,0,1,0,0,0,0,1,0,0,1,0,21876
0.6111111111111112,0.006578947368421052,1.0,0.08342022940563087,1.0,0.42857142857142855,0.125,0,0,1,0,0,1,0,0,0,0,0,1,31683
0.07407407407407407,0.0,0.3333333333333333,0.021897810218978103,0.0,0.0,0.25,0,0,0,1,1,0,0,0,0,0,0,0,6841
0.6851851851851851,0.006578947368421052,0.0,0.004171011470281543,0.0,0.42857142857142855,0.25,0,1,0,0,0,1,0,0,0,0,1,0,15485
0.7777777777777779,0.008771929824561403,0.3333333333333333,0.013555787278415015,1.0,0.42857142857142855,0.625,1,0,1,0,0,0,0,0,0,0,1,0,30090
0.574074074074074,0.0021929824561403508,0.0,0.0072992700729927005,0.5,0.35714285714285715,0.125,0,0,0,1,1,0,1,0,0,0,0,1,21922
0.16666666666666669,0.008771929824561403,0.0,0.0031282586027111575,0.0,0.5714285714285714,0.625,1,0,1,0,0,0,0,0,0,1,0,0,20242
0.6481481481481481,0.006578947368421052,0.0,0.0031282586027111575,0.5,0.42857142857142855,0.625,0,0,1,0,0,0,1,0,0,0,1,0,24469
0.7777777777777779,0.006578947368421052,1.0,0.059436913451511995,0.5,0.42857142857142855,0.625,1,1,0,0,0,0,1,0,0,0,0,1,23280
0.5185185185185186,0.006578947368421052,0.0,0.0010427528675703858,0.5,0.42857142857142855,0.5,1,0,0,0,0,0,0,0,1,0,1,0,21978
0.18518518518518517,0.0021929824561403508,0.0,0.004171011470281543,0.0,0.0,0.25,0,0,1,0,1,0,0,1,0,0,1,0,10192
0.4074074074074074,0.0043859649122807015,0.3333333333333333,0.02085505735140772,0.5,1.0,0.625,1,0,0,1,0,1,0,0,0,1,1,0,29213
0.7592592592592593,0.008771929824561403,0.3333333333333333,0.02085505735140772,1.0,0.0,0.625,0,0,1,0,0,0,0,0,0,0,0,1,27312
0.46296296296296297,0.010964912280701754,1.0,0.045881126173096975,1.0,0.0,0.25,0,0,1,0,0,1,0,0,0,1,1,0,28936
0.7407407407407407,0.008771929824561403,1.0,0.05526590198123045,0.0,0.42857142857142855,0.625,1,0,1,0,0,0,1,0,0,1,0,1,19582
0.1111111111111111,0.0,0.0,0.00521376433785193,0.0,0.0,0.125,0,0,0,1,1,0,0,0,0,0,0,0,5297
0.7037037037037037,0.006578947368421052,1.0,0.05005213764337852,1.0,1.0,0.625,0,0,0,0,0,0,0,0,1,0,0,1,34497
0.1296296296296296,0.0043859649122807015,1.0,0.09906152241918666,1.0,0.0,0.625,0,0,0,0,1,0,1,0,0,1,1,0,19116
0.6851851851851851,0.008771929824561403,0.6666666666666667,0.028154327424400417,1.0,0.42857142857142855,0.625,1,1,0,0,0,0,1,0,1,0,0,0,33169
0.7037037037037037,0.008771929824561403,0.3333333333333333,0.018769551616266946,1.0,0.42857142857142855,0.125,1,0,0,1,0,0,0,0,0,1,0,0,30470
0.5925925925925926,0.0043859649122807015,0.3333333333333333,0.02294056308654849,0.0,0.5714285714285714,0.0,0,1,0,0,0,1,0,0,0,0,1,0,19152
0.3333333333333333,0.0,0.3333333333333333,0.023983315954118876,0.5,0.42857142857142855,0.125,0,1,0,0,1,1,0,0,0,0,0,0,19869
0.3333333333333333,0.008771929824561403,0.0,0.00521376433785193,0.0,0.8571428571428571,0.625,0,0,1,0,0,0,0,1,0,0,1,0,14522
0.4074074074074074,0.006578947368421052,0.0,0.008342022940563087,0.0,0.42857142857142855,0.0,0,0,0,1,0,1,0,0,0,0,1,0,13778
0.037037037037037035,0.0021929824561403508,0.3333333333333333,0.01251303441084463,0.0,0.0,0.625,0,0,0,1,1,0,0,0,1,0,0,0,9492
0.055555555555555525,0.0,0.6666666666666667,0.027111574556830033,0.0,0.0,1.0,1,0,0,0,1,0,0,1,0,0,1,0,10930
0.7037037037037037,0.0043859649122807015,0.6666666666666667,0.03441084462982273,0.5,0.35714285714285715,0.125,0,0,1,0,0,0,0,0,0,0,0,1,20132
0.07407407407407407,0.0,0.0,0.0,0.5,0.0,0.625,0,0,0,0,1,0,1,0,0,0,1,0,13982
0.2962962962962962,0.0043859649122807015,1.0,0.1032325338894682,1.0,0.42857142857142855,0.25,1,0,0,1,0,0,0,0,1,0,0,1,24194
0.49999999999999994,0.0021929824561403508,0.3333333333333333,0.010427528675703858,0.5,0.35714285714285715,0.625,1,0,1,0,1,0,0,0,0,1,1,0,21156
0.037037037037037035,0.006578947368421052,1.0,0.054223149113660066,0.5,0.42857142857142855,0.125,1,0,1,0,0,0,0,0,1,0,0,0,10675
0.6481481481481481,0.0043859649122807015,0.6666666666666667,0.03232533889468196,1.0,0.42857142857142855,1.0,0,0,0,1,0,0,0,0,0,1,0,1,35302
0.16666666666666669,0.0043859649122807015,0.3333333333333333,0.016684045881126174,0.5,0.0,0.25,1,0,0,1,0,0,0,0,0,1,0,1,18991
0.9259259259259258,0.0043859649122807015,0.3333333333333333,0.016684045881126174,0.5,0.42857142857142855,0.125,0,0,1,0,0,0,1,0,0,0,1,0,25812
0.7037037037037037,0.006578947368421052,0.0,0.0020855057351407717,0.5,0.42857142857142855,0.25,0,0,0,0,0,1,0,0,0,1,1,0,26206
0.20370370370370366,0.008771929824561403,0.0,0.0072992700729927005,0.0,0.0,0.125,0,0,1,0,0,0,0,1,0,0,1,0,9535
0.6666666666666667,0.008771929824561403,0.3333333333333333,0.02294056308654849,0.0,0.0,0.25,1,0,1,0,0,0,1,0,0,0,1,0,12330
0.055555555555555525,0.0,0.0,0.004171011470281543,0.0,0.0,0.625,0,0,0,1,1,1,0,0,0,0,1,0,12365
0.24074074074074076,0.0043859649122807015,0.3333333333333333,0.014598540145985403,1.0,0.0,0.25,0,1,0,0,0,0,0,0,0,0,0,1,22517
0.27777777777777773,0.006578947368421052,0.0,0.0010427528675703858,0.0,0.0,0.25,0,0,1,0,0,0,0,0,0,0,1,0,9678
0.6111111111111112,0.006578947368421052,0.0,0.0010427528675703858,0.5,0.42857142857142855,0.625,1,0,0,1,0,0,0,0,1,0,0,0,23837
0.3703703703703704,0.006578947368421052,0.0,0.008342022940563087,0.0,0.5714285714285714,0.625,0,0,0,0,0,0,0,0,0,1,0,0,20486
0.8333333333333333,0.0021929824561403508,0.6666666666666667,0.04066736183524505,1.0,0.42857142857142855,0.25,0,1,0,0,0,0,0,0,0,0,0,1,34493
0.07407407407407407,0.0,0.0,0.00521376433785193,0.0,0.0,0.25,1,0,0,0,1,0,0,0,0,1,0,0,8630
0.07407407407407407,0.0043859649122807015,1.0,0.059436913451511995,0.5,0.0,0.25,0,0,0,1,1,0,0,0,0,0,1,0,9165
0.16666666666666669,0.006578947368421052,0.0,0.006256517205422314,0.5,1.0,0.5,0,0,0,1,0,0,0,0,0,0,0,0,21813
0.7592592592592593,0.0043859649122807015,0.3333333333333333,0.018769551616266946,1.0,0.35714285714285715,0.25,1,1,0,0,0,0,1,0,0,1,1,0,33092
0.3333333333333333,0.006578947368421052,0.3333333333333333,0.019812304483837334,0.5,0.35714285714285715,0.125,0,0,0,1,0,0,0,0,0,0,1,0,16507
0.537037037037037,0.008771929824561403,0.6666666666666667,0.03858185610010428,1.0,0.42857142857142855,0.625,1,1,0,0,0,0,1,0,1,0,1,0,34125
0.46296296296296297,0.008771929824561403,0.0,0.008342022940563087,0.0,1.0,0.5,1,0,0,1,0,0,1,0,0,1,1,0,20716
0.1111111111111111,0.0043859649122807015,0.6666666666666667,0.027111574556830033,0.0,0.0,0.625,1,1,0,0,1,0,1,0,0,1,1,0,11840
0.1111111111111111,0.0,0.3333333333333333,0.01251303441084463,0.0,0.0,0.625,0,0,0,1,1,0,0,0,0,1,1,0,10944
0.1111111111111111,0.0021929824561403508,0.0,0.00521376433785193,0.5,0.0,0.125,0,0,0,1,1,0,0,1,0,0,0,0,8346
0.574074074074074,0.0043859649122807015,0.3333333333333333,0.02502606882168926,1.0,0.42857142857142855,0.5,0,0,1,0,0,1,0,0,0,0,0,0,33562
0.25925925925925924,0.0,0.0,0.0,0.0,0.0,0.5,1,0,1,0,1,0,0,0,0,1,1,0,12178
0.7222222222222223,0.008771929824561403,0.6666666666666667,0.029197080291970805,1.0,0.42857142857142855,0.25,0,1,0,0,0,0,0,0,0,0,0,1,27578
0.6481481481481481,0.0021929824561403508,1.0,0.08237747653806049,0.5,0.42857142857142855,0.625,0,0,1,0,1,0,1,0,0,1,0,1,26639
0.48148148148148145,0.0,0.6666666666666667,0.03232533889468196,0.5,0.0,0.125,0,0,1,0,1,1,0,0,1,0,1,0,19298
0.537037037037037,0.006578947368421052,1.0,0.05005213764337852,1.0,0.42857142857142855,0.625,1,0,0,0,0,0,0,0,1,0,0,1,30327
0.46296296296296297,0.0043859649122807015,0.0,0.0,0.0,0.0,0.625,0,1,0,0,1,0,0,1,1,0,0,0,12349
0.20370370370370366,0.006578947368421052,0.0,0.0072992700729927005,0.0,0.0,0.625,0,1,0,0,0,0,0,0,1,0,1,0,11496
0.7407407407407407,0.0043859649122807015,0.3333333333333333,0.019812304483837334,1.0,0.42857142857142855,0.625,1,0,1,0,0,0,1,0,0,1,0,0,35322
0.14814814814814814,0.0,0.0,0.0010427528675703858,0.5,1.0,1.0,0,0,0,0,1,0,0,0,0,0,1,0,25192
0.6481481481481481,0.008771929824561403,1.0,0.08550573514077164,1.0,0.0,0.25,0,0,0,1,0,0,0,0,0,0,0,1,26325
0.6111111111111112,0.0043859649122807015,0.3333333333333333,0.018769551616266946,1.0,0.35714285714285715,0.625,0,0,0,1,1,0,0,0,0,0,0,1,29713
0.055555555555555525,0.0021929824561403508,0.3333333333333333,0.016684045881126174,0.0,0.0,1.0,1,1,0,0,1,0,0,1,0,0,1,0,9602
0.1296296296296296,0.0,0.6666666666666667,0.028154327424400417,0.0,0.0,0.125,1,0,0,1,1,0,0,0,0,0,0,0,6167
0.1296296296296296,0.0021929824561403508,0.0,0.004171011470281543,0.0,0.0,0.125,1,0,0,0,1,0,0,0,0,0,1,0,5975
0.055555555555555525,0.0,0.0,0.0031282586027111575,0.0,0.0,0.625,1,0,1,0,1,0,0,0,0,0,1,0,6699
0.6296296296296295,0.006578947368421052,0.6666666666666667,0.029197080291970805,0.0,0.42857142857142855,0.625,0,0,1,0,0,0,1,0,0,1,0,1,18952
0.1296296296296296,0.0,0.6666666666666667,0.028154327424400417,0.0,0.0,0.625,1,0,1,0,1,0,0,1,0,0,0,0,8297
0.0,0.0,1.0,0.05318039624608968,0.5,0.0,0.25,0,0,0,0,1,0,0,1,0,0,1,0,9726
0.24074074074074076,0.006578947368421052,0.0,0.004171011470281543,0.0,0.42857142857142855,0.625,0,1,0,0,0,0,0,0,0,0,1,0,11732
0.4074074074074074,0.0043859649122807015,0.6666666666666667,0.029197080291970805,0.5,0.8571428571428571,0.625,1,0,0,0,0,0,0,0,0,0,1,0,21714
0.5555555555555556,0.0021929824561403508,0.6666666666666667,0.03441084462982273,1.0,0.42857142857142855,0.625,0,0,0,1,1,0,0,1,0,0,0,1,30901
0.4074074074074074,0.006578947368421052,0.6666666666666667,0.03128258602711158,0.5,0.35714285714285715,0.25,0,0,0,1,0,1,0,0,1,0,0,1,22019
0.18518518518518517,0.0,0.3333333333333333,0.01251303441084463,0.5,0.42857142857142855,0.25,1,0,1,0,1,0,0,0,0,1,0,1,20021
0.037037037037037035,0.0,0.6666666666666667,0.028154327424400417,0.5,0.0,0.25,0,0,0,1,1,0,0,0,0,0,0,0,9505
0.25925925925925924,0.008771929824561403,0.3333333333333333,0.011470281543274244,0.5,0.42857142857142855,1.0,1,0,1,0,0,0,0,0,0,1,1,0,24410
0.07407407407407407,0.0,0.6666666666666667,0.027111574556830033,0.0,0.0,0.25,0,0,1,0,1,0,0,0,0,0,0,1,5563
0.1111111111111111,0.0,0.0,0.0072992700729927005,0.0,0.0,0.125,0,0,1,0,1,0,0,0,0,0,0,0,5588
0.6666666666666667,0.006578947368421052,0.0,0.0072992700729927005,0.0,0.0,0.125,0,0,1,0,0,0,0,1,1,0,0,0,11067
0.018518518518518545,0.0021929824561403508,0.0,0.0072992700729927005,0.5,0.0,0.125,0,0,0,0,1,1,0,0,0,0,0,0,12349
0.4074074074074074,0.008771929824561403,0.3333333333333333,0.02294056308654849,0.5,0.42857142857142855,1.0,0,0,0,1,0,0,0,0,0,1,1,0,23535
0.9444444444444444,0.0021929824561403508,0.3333333333333333,0.023983315954118876,1.0,0.5714285714285714,0.625,0,0,1,0,0,0,0,0,0,0,0,1,39400
0.018518518518518545,0.0,0.6666666666666667,0.03336809176225235,0.0,0.0,0.25,1,0,0,1,1,0,0,0,0,1,0,1,8961
0.07407407407407407,0.0,1.0,0.09801876955161627,0.5,0.0,0.25,1,1,0,0,1,0,1,0,0,1,1,0,14926
0.3148148148148148,0.0,0.0,0.006256517205422314,0.0,0.0,0.625,0,0,1,0,1,0,0,1,1,0,0,1,11436
0.3888888888888889,0.008771929824561403,0.0,0.0,0.0,0.42857142857142855,0.125,0,0,1,0,0,0,0,0,0,1,0,1,13291
0.22222222222222227,0.006578947368421052,0.3333333333333333,0.009384775808133473,0.5,0.8571428571428571,0.625,0,0,0,0,0,0,1,0,0,1,1,0,25423
0.48148148148148145,0.0,0.0,0.0072992700729927005,0.0,0.42857142857142855,0.625,0,0,1,0,1,0,1,0,0,0,0,0,14406
0.27777777777777773,0.006578947368421052,0.3333333333333333,0.014598540145985403,0.5,0.0,0.625,0,0,0,0,0,1,0,0,1,0,0,1,21470
0.09259259259259262,0.0,0.0,0.004171011470281543,0.5,0.0,0.625,0,0,1,0,1,0,0,0,0,1,0,0,13546
0.537037037037037,0.0043859649122807015,0.3333333333333333,0.023983315954118876,1.0,0.7857142857142857,0.125,1,0,0,1,0,0,1,0,0,1,1,0,35570
0.6111111111111112,0.0,0.3333333333333333,0.01251303441084463,1.0,0.0,0.625,0,0,0,1,1,0,1,0,0,0,0,1,30208
0.3148148148148148,0.006578947368421052,0.0,0.0,0.0,0.42857142857142855,0.625,0,0,0,0,0,0,0,0,0,1,1,0,14558
0.018518518518518545,0.006578947368421052,0.6666666666666667,0.03858185610010428,0.0,0.0,0.25,0,0,0,0,0,0,0,0,0,0,0,0,6571
0.09259259259259262,0.0,0.0,0.0,0.5,0.0,0.625,1,0,0,0,1,0,0,1,0,1,0,0,14972
0.574074074074074,0.0043859649122807015,0.0,0.0031282586027111575,0.5,0.5714285714285714,0.625,0,0,0,1,0,1,0,0,0,0,0,1,31001
0.2962962962962962,0.006578947368421052,0.0,0.0072992700729927005,0.0,0.42857142857142855,0.25,0,0,1,0,0,0,0,0,0,0,1,0,10157
0.20370370370370366,0.0043859649122807015,0.3333333333333333,0.02085505735140772,0.5,0.42857142857142855,0.125,1,1,0,0,0,0,0,0,0,1,1,0,20338
0.20370370370370366,0.008771929824561403,0.0,0.00521376433785193,0.0,0.8571428571428571,0.125,0,0,1,0,0,0,1,0,0,0,1,0,13497
0.6481481481481481,0.008771929824561403,0.6666666666666667,0.02502606882168926,1.0,1.0,0.125,0,0,1,0,0,0,1,0,0,0,1,0,33221
0.055555555555555525,0.0021929824561403508,0.0,0.0,1.0,0.0,0.25,1,0,0,0,1,0,1,0,0,0,0,0,14091
0.1111111111111111,0.006578947368421052,0.6666666666666667,0.028154327424400417,0.0,0.0,0.625,0,0,1,0,0,0,0,1,0,0,0,0,8068
0.7222222222222223,0.0043859649122807015,0.0,0.0010427528675703858,0.0,0.35714285714285715,0.5,1,1,0,0,0,0,0,0,0,0,1,0,14500
0.18518518518518517,0.006578947368421052,0.0,0.0020855057351407717,0.0,0.8571428571428571,0.125,0,0,0,1,0,0,0,0,1,0,0,1,13415
0.22222222222222227,0.0,0.6666666666666667,0.03649635036496351,1.0,0.0,1.0,1,1,0,0,1,1,0,0,0,0,0,0,29061
0.24074074074074076,0.0,1.0,0.08654848800834203,1.0,0.42857142857142855,0.625,1,1,0,0,1,0,0,1,1,0,0,1,27943
0.09259259259259262,0.0,0.3333333333333333,0.009384775808133473,0.0,0.0,0.25,1,0,0,1,1,0,0,1,0,1,1,0,9770
0.3518518518518518,0.006578947368421052,1.0,0.04796663190823775,1.0,0.42857142857142855,0.25,0,0,0,0,0,0,1,0,0,1,0,1,28251
0.018518518518518545,0.0021929824561403508,0.0,0.0010427528675703858,0.0,0.0,0.25,0,0,0,1,1,0,1,0,0,0,1,0,8331
0.46296296296296297,0.0043859649122807015,0.6666666666666667,0.028154327424400417,1.0,0.0,0.25,1,0,0,0,0,0,0,0,0,1,1,0,24689
0.3148148148148148,0.0043859649122807015,0.6666666666666667,0.03128258602711158,0.5,0.8571428571428571,0.5,0,0,1,0,0,0,0,0,1,0,1,0,20934
0.0,0.0043859649122807015,1.0,0.0886339937434828,0.5,0.0,0.5,0,0,0,1,1,0,0,1,0,0,0,0,10879
0.27777777777777773,0.0043859649122807015,0.3333333333333333,0.01772679874869656,0.5,0.42857142857142855,0.125,1,1,0,0,1,0,1,0,0,1,0,1,22205
0.7222222222222223,0.0,0.3333333333333333,0.018769551616266946,0.5,0.0,0.25,1,0,0,0,1,1,0,0,0,1,0,1,25961
0.24074074074074076,0.0,0.6666666666666667,0.03962460896767466,0.0,0.42857142857142855,0.125,0,0,0,1,1,0,0,0,0,1,0,0,12794
0.1111111111111111,0.0021929824561403508,0.3333333333333333,0.011470281543274244,0.0,0.0,0.625,1,0,1,0,1,0,0,0,0,0,1,0,8399
0.3888888888888889,0.0043859649122807015,0.0,0.008342022940563087,0.0,0.42857142857142855,1.0,1,0,0,1,0,0,0,0,0,1,0,0,18201
0.055555555555555525,0.0043859649122807015,0.0,0.0072992700729927005,0.0,0.42857142857142855,0.125,1,0,0,1,0,0,0,0,0,1,1,0,10303
0.3703703703703704,0.006578947368421052,0.0,0.0010427528675703858,0.0,1.0,0.5,1,1,0,0,0,0,1,0,0,1,1,0,20526
0.037037037037037035,0.0,0.0,0.0031282586027111575,0.0,0.0,0.25,0,0,1,0,1,0,0,0,0,0,0,0,5393
0.7037037037037037,0.0043859649122807015,0.0,0.0072992700729927005,0.5,0.5714285714285714,1.0,0,0,0,0,0,1,0,0,0,0,0,1,32187
0.48148148148148145,0.0021929824561403508,0.0,0.0,0.0,1.0,0.625,1,0,1,0,1,0,1,0,0,0,1,0,18155
0.49999999999999994,0.010964912280701754,0.0,0.004171011470281543,0.0,0.42857142857142855,1.0,0,1,0,0,0,0,0,0,1,0,0,1,15887
0.4259259259259259,1.0,0.0,0.0,0.0,0.42857142857142855,0.625,0,1,0,0,0,1,0,0,1,0,0,0,18620
0.962962962962963,0.0021929824561403508,0.3333333333333333,0.02502606882168926,1.0,0.42857142857142855,0.5,0,0,1,0,0,0,0,0,0,0,0,1,36452
0.4074074074074074,0.0043859649122807015,0.3333333333333333,0.02085505735140772,0.5,0.42857142857142855,0.625,1,1,0,0,0,0,0,0,0,1,0,0,22553
0.8888888888888888,0.0021929824561403508,1.0,0.07924921793534932,1.0,0.0,0.625,1,1,0,0,0,0,0,0,0,0,0,1,33416
0.7222222222222223,0.0043859649122807015,0.6666666666666667,0.03962460896767466,1.0,1.0,1.0,0,0,0,0,0,1,0,0,0,0,1,0,39336
0.09259259259259262,0.0,0.6666666666666667,0.03858185610010428,0.0,0.0,0.25,0,0,0,0,1,0,0,1,0,0,0,0,6413
0.48148148148148145,0.006578947368421052,0.6666666666666667,0.03336809176225235,0.5,0.42857142857142855,0.625,1,0,0,1,0,0,1,0,0,0,0,1,21003
0.6296296296296295,0.006578947368421052,0.0,0.0,0.5,0.7857142857142857,1.0,1,0,0,1,0,0,1,0,0,0,1,0,27765
0.7407407407407407,0.0043859649122807015,0.6666666666666667,0.03753910323253389,1.0,0.35714285714285715,0.625,0,0,0,0,0,0,0,0,0,0,0,1,31029
0.6111111111111112,0.0043859649122807015,0.0,0.0010427528675703858,0.5,0.42857142857142855,0.125,0,0,0,1,0,0,0,0,0,0,0,1,18947
0.0,0.0043859649122807015,0.6666666666666667,0.03232533889468196,0.0,0.0,1.0,0,1,0,0,1,0,0,0,0,1,0,0,11544
0.9814814814814814,0.0021929824561403508,0.6666666666666667,0.03858185610010428,1.0,0.5714285714285714,0.625,0,0,1,0,0,0,0,0,0,0,0,1,40864
0.14814814814814814,0.0021929824561403508,0.3333333333333333,0.01564129301355579,0.5,1.0,0.25,1,0,1,0,1,1,0,0,1,0,1,0,27195
0.0,0.0,0.0,0.0,1.0,0.0,0.625,0,0,0,1,1,0,0,0,1,0,1,0,15481
0.49999999999999994,0.006578947368421052,0.0,0.004171011470281543,0.0,0.0,0.625,1,1,0,0,0,0,0,1,0,0,0,1,10339
0.6111111111111112,0.006578947368421052,0.3333333333333333,0.02085505735140772,1.0,0.42857142857142855,0.125,1,1,0,0,0,0,1,0,0,0,1,0,30190
0.5185185185185186,0.006578947368421052,0.0,0.008342022940563087,0.5,0.42857142857142855,1.0,0,0,1,0,0,1,0,0,0,0,0,1,27759
0.4259259259259259,0.008771929824561403,0.3333333333333333,0.014598540145985403,0.5,0.5714285714285714,0.625,0,0,0,0,0,0,1,0,1,0,1,0,26080
0.6481481481481481,0.006578947368421052,0.0,0.004171011470281543,0.5,0.42857142857142855,0.25,0,0,0,0,0,0,0,0,0,1,1,0,23333
0.27777777777777773,0.0043859649122807015,1.0,0.10218978102189781,0.0,0.8571428571428571,0.625,1,1,0,0,0,0,0,0,1,0,1,0,15295
0.7777777777777779,0.010964912280701754,0.0,0.008342022940563087,0.5,0.0,0.625,0,0,0,1,0,1,0,0,0,1,0,1,27316
0.24074074074074076,0.0021929824561403508,0.0,0.0,0.0,0.0,0.25,0,0,1,0,1,0,0,0,1,0,1,0,10666
0.1296296296296296,0.0,1.0,0.08759124087591241,0.5,0.0,0.125,0,0,1,0,1,0,0,0,0,0,1,0,9006
0.5925925925925926,0.0043859649122807015,0.3333333333333333,0.009384775808133473,1.0,0.0,0.625,1,0,1,0,1,1,0,0,0,1,1,0,34707
0.7592592592592593,0.008771929824561403,0.6666666666666667,0.03858185610010428,0.5,0.7857142857142857,0.25,0,0,1,0,0,1,0,0,0,0,0,1,25938
0.5185185185185186,0.0043859649122807015,0.3333333333333333,0.010427528675703858,1.0,0.42857142857142855,0.25,0,0,1,0,0,1,0,0,0,0,0,0,32834
0.3888888888888889,0.006578947368421052,0.0,0.0031282586027111575,0.5,0.5714285714285714,0.25,1,0,0,1,0,0,0,0,0,1,1,0,23572
0.44444444444444436,0.0043859649122807015,0.0,0.008342022940563087,0.0,0.42857142857142855,0.5,1,0,0,1,0,1,0,0,0,0,1,0,15873
0.018518518518518545,0.0043859649122807015,0.3333333333333333,0.011470281543274244,0.0,0.0,0.5,1,0,0,1,0,0,0,0,0,1,0,0,8963
0.5925925925925926,0.006578947368421052,0.0,0.008342022940563087,0.5,0.42857142857142855,0.25,0,0,0,1,0,0,1,0,0,0,0,1,22666
0.6296296296296295,0.0043859649122807015,1.0,0.09071949947862357,1.0,0.42857142857142855,0.5,1,0,0,1,0,0,1,0,0,0,0,1,30539
0.537037037037037,0.008771929824561403,0.0,0.0010427528675703858,0.5,0.42857142857142855,0.625,0,0,0,1,0,0,0,0,0,0,1,0,22228
0.3888888888888889,0.006578947368421052,1.0,0.045881126173096975,1.0,0.42857142857142855,0.625,0,0,1,0,0,0,1,0,0,1,0,1,30695
0.4259259259259259,0.010964912280701754,1.0,0.08342022940563087,1.0,0.42857142857142855,0.625,0,1,0,0,0,0,1,0,0,1,1,0,29882
0.3888888888888889,0.0043859649122807015,0.3333333333333333,0.02502606882168926,0.0,0.8571428571428571,0.125,1,0,1,0,0,0,1,0,0,0,0,1,15026
0.3333333333333333,0.006578947368421052,0.6666666666666667,0.03128258602711158,0.5,0.5714285714285714,0.125,0,0,0,1,0,0,0,1,0,0,0,1,21226
0.574074074074074,0.0,1.0,0.09801876955161627,1.0,0.42857142857142855,0.5,1,0,0,0,1,0,0,0,0,1,0,1,32303
0.6666666666666667,0.006578947368421052,0.6666666666666667,0.02502606882168926,1.0,1.0,0.125,0,0,0,0,0,0,1,0,0,0,1,0,34019
0.1296296296296296,0.0043859649122807015,0.0,0.00521376433785193,0.0,0.8571428571428571,0.625,0,0,1,0,1,0,0,1,0,0,1,0,12050
0.7222222222222223,0.0043859649122807015,0.6666666666666667,0.030239833159541193,1.0,0.42857142857142855,1.0,1,0,1,0,1,1,0,0,0,0,1,0,36564
0.49999999999999994,0.0043859649122807015,0.6666666666666667,0.03441084462982273,0.5,0.0,0.625,1,0,1,0,1,0,0,0,0,0,1,0,16556
0.055555555555555525,0.0,0.6666666666666667,0.03962460896767466,0.0,0.0,0.25,0,0,1,0,1,0,0,0,0,0,0,1,6195
0.09259259259259262,0.0,0.0,0.00521376433785193,0.5,0.0,0.25,0,0,1,0,1,0,0,1,0,0,1,0,9009
0.44444444444444436,0.006578947368421052,0.3333333333333333,0.011470281543274244,0.5,0.35714285714285715,0.625,1,1,0,0,0,0,1,0,0,1,0,1,24892
0.7407407407407407,0.006578947368421052,1.0,0.054223149113660066,0.5,0.42857142857142855,0.25,1,0,0,0,0,0,1,0,0,1,0,0,25506
0.49999999999999994,0.010964912280701754,0.3333333333333333,0.009384775808133473,0.5,0.35714285714285715,0.625,1,0,0,1,0,0,1,0,0,1,0,0,24150
0.25925925925925924,0.0021929824561403508,0.0,0.008342022940563087,0.0,0.0,0.625,0,0,0,0,1,0,1,0,1,0,1,0,13902
0.22222222222222227,0.006578947368421052,0.6666666666666667,0.027111574556830033,1.0,0.42857142857142855,0.25,0,0,0,0,0,0,0,0,1,0,0,0,24564
0.27777777777777773,0.008771929824561403,0.0,0.0010427528675703858,0.5,0.35714285714285715,0.625,1,1,0,0,0,0,1,0,1,0,1,0,21427
0.7037037037037037,0.0,0.0,0.0031282586027111575,0.0,0.42857142857142855,0.125,0,0,0,1,1,0,1,0,0,0,1,0,13762
0.22222222222222227,0.0,0.0,0.0072992700729927005,0.0,0.8571428571428571,0.25,1,0,0,0,1,1,0,0,0,1,1,0,20596
0.018518518518518545,0.0021929824561403508,0.3333333333333333,0.02294056308654849,0.5,0.0,0.125,0,0,0,1,1,0,0,0,0,0,0,0,8328
0.3888888888888889,0.0043859649122807015,1.0,0.07299270072992702,1.0,0.42857142857142855,1.0,0,0,1,0,1,0,0,0,0,1,0,0,30167
0.49999999999999994,0.008771929824561403,0.3333333333333333,0.01251303441084463,0.5,1.0,0.25,1,0,0,0,0,0,0,0,0,0,1,0,21336
0.7407407407407407,0.006578947368421052,0.3333333333333333,0.023983315954118876,1.0,0.42857142857142855,0.25,1,0,1,0,0,1,0,0,0,1,0,1,34591
0.3148148148148148,0.010964912280701754,0.6666666666666667,0.04066736183524505,0.5,0.5714285714285714,0.125,1,0,0,1,0,0,0,0,0,0,1,0,19709
0.7777777777777779,0.006578947368421052,0.0,0.0072992700729927005,0.5,0.5714285714285714,1.0,0,0,1,0,0,0,0,1,0,1,1,0,32163
0.7777777777777779,0.008771929824561403,1.0,0.05526590198123045,1.0,1.0,0.125,1,0,1,0,0,0,1,0,0,0,0,1,34072
0.1111111111111111,0.0,1.0,0.0886339937434828,0.5,0.0,0.625,0,0,1,0,1,0,0,1,0,0,0,0,10908
0.4259259259259259,0.008771929824561403,1.0,0.06569343065693431,0.5,0.42857142857142855,0.125,1,0,1,0,0,0,0,0,0,0,1,0,17353
0.5925925925925926,0.008771929824561403,1.0,0.07612095933263817,1.0,1.0,0.125,0,0,0,0,0,0,1,0,0,0,0,1,32852
0.7222222222222223,0.0,0.6666666666666667,0.03128258602711158,0.5,0.0,0.625,1,0,0,1,1,0,1,0,0,1,0,1,25797
0.6666666666666667,0.0,0.0,0.0,0.5,0.35714285714285715,0.25,1,0,0,0,1,0,1,0,0,1,0,0,25830
0.7592592592592593,0.006578947368421052,0.0,0.008342022940563087,0.5,0.42857142857142855,0.625,0,1,0,0,0,0,0,0,0,1,0,1,24446
0.3148148148148148,0.006578947368421052,0.3333333333333333,0.010427528675703858,0.5,0.42857142857142855,0.25,1,0,0,0,0,1,0,0,1,0,1,0,23061
0.537037037037037,0.0043859649122807015,0.3333333333333333,0.01564129301355579,1.0,0.42857142857142855,1.0,1,0,0,1,0,0,1,0,0,1,0,1,37606
0.24074074074074076,0.0,0.3333333333333333,0.016684045881126174,0.5,0.5714285714285714,0.25,1,1,0,0,1,0,1,0,0,0,0,0,22582
0.4074074074074074,0.0043859649122807015,0.0,0.006256517205422314,0.0,0.35714285714285715,0.625,0,0,0,1,0,0,0,1,0,0,1,0,13693
0.3333333333333333,0.006578947368421052,1.0,0.06256517205422316,0.5,0.5714285714285714,0.625,1,0,0,0,0,1,0,0,0,0,0,0,26951
0.1111111111111111,0.0021929824561403508,0.3333333333333333,0.018769551616266946,0.0,0.0,0.0,1,0,1,0,1,0,0,1,0,1,0,1,7563
0.20370370370370366,0.0021929824561403508,0.0,0.0072992700729927005,0.0,1.0,0.625,0,0,0,1,1,0,1,0,0,0,1,0,18563
0.018518518518518545,0.0,0.0,0.006256517205422314,0.0,0.0,0.625,0,0,0,1,1,0,1,0,0,0,0,0,8814
0.8148148148148149,0.0,1.0,0.08342022940563087,1.0,0.42857142857142855,0.125,1,1,0,0,1,0,0,0,0,0,0,1,33296
0.09259259259259262,0.006578947368421052,0.0,0.004171011470281543,0.0,0.0,0.25,0,0,1,0,0,0,0,1,0,0,0,1,6181
0.07407407407407407,0.0043859649122807015,1.0,0.07924921793534932,0.5,0.0,0.625,0,0,0,0,1,0,0,1,0,1,0,0,14006
0.1296296296296296,0.0021929824561403508,0.3333333333333333,0.02502606882168926,0.0,0.35714285714285715,0.25,0,0,1,0,1,0,1,0,0,0,0,1,10332
0.20370370370370366,0.008771929824561403,0.0,0.0010427528675703858,0.0,0.5714285714285714,0.25,1,0,1,0,0,1,0,0,0,0,1,0,18017
0.5555555555555556,0.008771929824561403,0.3333333333333333,0.01564129301355579,1.0,0.35714285714285715,0.25,1,0,1,0,0,0,1,0,0,1,0,1,32743
0.9074074074074074,0.0021929824561403508,0.6666666666666667,0.04066736183524505,1.0,0.42857142857142855,0.5,0,0,0,0,0,0,0,0,0,0,0,1,35859
0.055555555555555525,0.0021929824561403508,1.0,0.0521376433785193,0.5,0.0,0.625,0,0,1,0,1,0,0,0,0,0,0,0,11524
0.3703703703703704,0.008771929824561403,0.0,0.0,1.0,0.42857142857142855,0.625,0,0,0,1,0,1,0,0,1,0,1,0,30516
0.537037037037037,0.006578947368421052,0.0,0.0072992700729927005,0.0,0.42857142857142855,0.25,0,0,0,0,0,0,0,0,0,0,0,1,12150
0.09259259259259262,0.0043859649122807015,0.6666666666666667,0.03753910323253389,0.0,0.0,0.625,0,0,1,0,0,0,0,1,0,0,0,0,7814
0.5555555555555556,0.0,0.3333333333333333,0.01564129301355579,1.0,0.0,0.625,1,0,1,0,1,0,0,0,0,1,1,0,31754
0.3703703703703704,0.008771929824561403,0.0,0.0010427528675703858,0.0,1.0,0.25,0,0,0,1,0,0,0,1,1,0,1,0,16570
0.25925925925925924,0.010964912280701754,0.3333333333333333,0.009384775808133473,0.5,0.42857142857142855,1.0,1,0,1,0,0,0,0,0,0,1,1,0,24153
0.8888888888888888,0.0021929824561403508,0.3333333333333333,0.01564129301355579,0.0,0.5714285714285714,0.125,1,0,0,0,0,0,0,0,0,0,0,1,18381
0.7592592592592593,0.0043859649122807015,0.6666666666666667,0.04066736183524505,1.0,0.42857142857142855,0.125,0,0,0,0,0,1,0,0,0,1,1,0,34813
0.20370370370370366,0.006578947368421052,0.0,0.004171011470281543,0.0,0.8571428571428571,0.25,0,0,0,1,0,1,0,0,0,0,1,0,16215
0.48148148148148145,0.0,0.6666666666666667,0.04066736183524505,0.0,1.0,1.0,0,1,0,0,1,0,1,0,0,0,0,1,20215
0.4074074074074074,0.0043859649122807015,0.3333333333333333,0.02294056308654849,0.5,0.35714285714285715,0.125,0,1,0,0,0,1,0,0,1,0,1,0,22116
0.4074074074074074,0.008771929824561403,0.0,0.0072992700729927005,0.5,0.35714285714285715,0.25,0,0,0,1,0,1,0,0,0,0,1,0,21180
0.7407407407407407,0.006578947368421052,0.0,0.0031282586027111575,0.5,0.35714285714285715,0.125,0,0,0,0,0,1,0,0,0,1,1,0,26231
0.4259259259259259,0.0043859649122807015,0.0,0.0031282586027111575,0.0,0.7857142857142857,0.25,1,0,0,1,0,1,0,0,1,0,0,0,17895
0.574074074074074,0.0043859649122807015,0.3333333333333333,0.02085505735140772,1.0,0.5714285714285714,0.25,1,0,0,1,0,0,1,0,0,0,1,0,33327
0.25925925925925924,0.006578947368421052,0.3333333333333333,0.02502606882168926,0.5,0.0,0.125,0,0,0,1,0,0,1,0,0,0,0,0,16152
0.5555555555555556,0.006578947368421052,0.0,0.00521376433785193,0.5,0.42857142857142855,0.125,0,0,0,1,0,1,0,0,0,0,1,0,23721
0.0,0.0043859649122807015,0.0,0.0010427528675703858,0.0,0.0,0.625,0,0,0,1,1,1,0,0,0,0,1,0,11056
0.25925925925925924,1.0,0.0,0.0020855057351407717,0.0,0.42857142857142855,0.25,0,0,1,0,0,0,0,0,0,0,1,0,10028
0.22222222222222227,0.010964912280701754,0.0,0.00521376433785193,0.0,0.5714285714285714,0.25,0,1,0,0,0,0,1,0,0,0,0,0,16953
0.3518518518518518,0.0043859649122807015,0.0,0.0010427528675703858,0.0,0.42857142857142855,0.625,1,1,0,0,0,0,0,0,0,0,1,0,12671
0.0,0.0,0.0,0.0,0.0,0.5714285714285714,0.625,0,0,1,0,1,0,0,0,0,0,0,0,14552
0.0,0.0043859649122807015,1.0,0.056308654848800835,0.5,0.0,0.25,0,1,0,0,1,0,0,0,1,0,0,0,10087
0.07407407407407407,0.0043859649122807015,0.3333333333333333,0.02502606882168926,0.5,0.0,1.0,0,0,0,1,0,0,1,0,0,0,0,0,15057
0.037037037037037035,0.0043859649122807015,0.0,0.004171011470281543,0.0,0.0,0.625,0,1,0,0,1,0,1,0,0,0,1,0,8776
0.07407407407407407,0.0043859649122807015,0.3333333333333333,0.01251303441084463,0.0,1.0,0.625,1,0,1,0,1,0,0,0,0,1,0,1,15984
0.055555555555555525,0.0043859649122807015,0.3333333333333333,0.019812304483837334,0.0,0.42857142857142855,0.25,1,0,0,0,1,0,0,0,0,1,1,0,10151
0.7037037037037037,0.006578947368421052,0.6666666666666667,0.030239833159541193,1.0,0.42857142857142855,0.625,1,0,1,0,0,0,1,0,0,1,0,0,34439
0.055555555555555525,1.0,0.0,0.0020855057351407717,0.0,0.0,0.125,1,0,1,0,1,0,1,0,0,0,1,0,6257
0.07407407407407407,0.0021929824561403508,0.3333333333333333,0.016684045881126174,0.0,0.0,0.625,0,0,0,1,1,0,0,0,0,0,0,0,7017
0.055555555555555525,0.0021929824561403508,0.0,0.0,0.0,0.0,0.125,1,0,0,0,1,0,0,0,0,0,1,0,4380
0.5185185185185186,0.006578947368421052,0.3333333333333333,0.016684045881126174,1.0,0.35714285714285715,0.625,0,0,0,1,0,0,0,1,0,0,0,1,31292
0.055555555555555525,0.0021929824561403508,0.0,0.0,0.0,0.0,0.25,1,0,0,1,1,0,0,1,0,0,0,0,6300
0.25925925925925924,0.008771929824561403,0.3333333333333333,0.02085505735140772,0.0,0.42857142857142855,0.25,0,0,0,0,0,1,0,0,0,0,1,0,14206
0.6481481481481481,0.0043859649122807015,0.0,0.006256517205422314,0.5,0.42857142857142855,0.0,0,0,1,0,0,0,0,0,0,0,0,1,19879
0.7592592592592593,0.008771929824561403,0.6666666666666667,0.03336809176225235,1.0,0.42857142857142855,0.125,0,0,0,1,0,1,0,0,0,0,1,0,30852
0.9259259259259258,0.0021929824561403508,0.0,0.0020855057351407717,0.5,0.42857142857142855,0.25,0,0,0,0,0,0,0,1,0,0,0,1,24469
0.25925925925925924,0.006578947368421052,0.0,0.0072992700729927005,0.0,1.0,0.625,0,0,1,0,0,0,0,0,0,1,1,0,20331
0.22222222222222227,0.0043859649122807015,0.3333333333333333,0.023983315954118876,0.5,0.0,0.125,0,0,0,1,0,0,0,0,0,0,0,1,15086
0.018518518518518545,0.0,0.6666666666666667,0.03336809176225235,0.0,0.0,0.25,0,0,1,0,1,0,0,0,0,1,0,1,8139
0.09259259259259262,0.0,1.0,0.054223149113660066,0.5,0.42857142857142855,0.5,0,1,0,0,1,0,0,0,0,0,1,0,12894
0.2962962962962962,0.008771929824561403,0.0,0.008342022940563087,0.0,0.5714285714285714,0.5,0,0,1,0,0,0,1,0,1,0,1,0,18033
0.037037037037037035,0.0,0.3333333333333333,0.014598540145985403,0.0,0.0,0.125,1,0,0,1,1,0,1,0,0,0,0,0,6604
0.6296296296296295,0.006578947368421052,0.0,0.006256517205422314,0.0,0.42857142857142855,0.125,0,0,1,0,0,0,1,0,0,0,0,1,12699
0.6481481481481481,0.008771929824561403,0.0,0.004171011470281543,0.0,0.42857142857142855,0.5,0,0,1,0,0,0,1,0,0,0,0,1,14994
0.6481481481481481,0.010964912280701754,0.3333333333333333,0.016684045881126174,1.0,0.35714285714285715,0.5,1,0,0,0,0,0,0,0,0,1,1,0,32257
0.4074074074074074,0.006578947368421052,1.0,0.07090719499478623,0.5,0.8571428571428571,0.5,0,0,0,1,0,0,0,0,0,0,1,0,20201
0.4074074074074074,0.010964912280701754,0.0,0.006256517205422314,0.0,0.42857142857142855,0.25,0,0,0,1,0,0,1,0,0,0,1,0,13098
0.037037037037037035,0.0043859649122807015,1.0,0.04692387904066737,1.0,0.8571428571428571,0.625,1,0,0,0,1,0,1,0,0,0,0,0,21592
0.6481481481481481,0.0,0.0,0.00521376433785193,0.5,0.0,0.25,0,1,0,0,1,0,1,0,0,0,0,1,20959
0.3333333333333333,0.0043859649122807015,0.0,0.0072992700729927005,0.0,0.42857142857142855,0.125,0,0,0,1,0,0,1,0,0,0,1,0,11794
0.25925925925925924,0.0021929824561403508,0.0,0.006256517205422314,0.5,0.8571428571428571,0.125,0,0,0,0,1,0,1,0,0,0,1,0,21051
0.07407407407407407,0.0021929824561403508,0.6666666666666667,0.03441084462982273,0.0,0.0,0.625,0,1,0,0,1,0,0,0,0,0,0,0,6814
0.18518518518518517,0.0043859649122807015,0.0,0.008342022940563087,0.0,0.42857142857142855,0.25,0,1,0,0,0,0,0,1,0,1,0,1,15159
0.09259259259259262,0.0,0.3333333333333333,0.023983315954118876,0.0,0.0,0.125,0,0,0,1,1,0,0,1,0,0,0,0,6199
0.07407407407407407,0.0,0.0,0.004171011470281543,0.0,0.0,0.25,0,0,0,0,1,0,0,1,0,0,0,0,6060
0.2962962962962962,0.0,0.3333333333333333,0.013555787278415015,0.5,0.42857142857142855,0.625,0,0,0,1,1,0,1,0,1,0,0,1,21263
0.07407407407407407,0.0,0.0,0.0031282586027111575,0.5,0.0,0.25,0,0,1,0,1,0,1,0,0,0,1,0,11076
0.09259259259259262,0.0021929824561403508,0.0,0.00521376433785193,0.0,0.35714285714285715,0.25,0,0,0,0,1,0,0,1,0,0,1,0,9015
0.22222222222222227,0.010964912280701754,0.3333333333333333,0.01251303441084463,1.0,0.42857142857142855,0.25,0,0,0,1,0,0,0,0,0,0,1,0,23754
0.7407407407407407,0.0043859649122807015,0.6666666666666667,0.03649635036496351,1.0,0.42857142857142855,0.5,0,0,0,0,1,0,0,0,0,0,1,0,30387
0.0,1.0,1.0,0.06569343065693431,0.5,0.0,0.0,0,1,0,0,1,0,0,0,1,0,0,0,9766
0.6296296296296295,0.006578947368421052,0.0,0.008342022940563087,0.5,0.35714285714285715,0.125,0,1,0,0,0,0,0,0,0,1,0,1,23620
0.6481481481481481,0.006578947368421052,1.0,0.1032325338894682,0.5,0.35714285714285715,0.5,0,1,0,0,0,1,0,0,0,0,0,1,25461
0.14814814814814814,0.006578947368421052,1.0,0.0959332638164755,0.5,0.35714285714285715,0.25,1,1,0,0,0,0,1,0,0,0,1,0,19570
0.018518518518518545,0.0,0.0,0.006256517205422314,0.0,0.0,0.5,0,1,0,0,1,0,0,0,0,0,0,0,7853
0.5555555555555556,0.008771929824561403,0.0,0.00521376433785193,0.0,0.7857142857142857,0.625,0,0,0,0,0,0,1,0,0,0,0,1,18128
0.22222222222222227,0.0043859649122807015,0.0,0.004171011470281543,0.0,0.7857142857142857,0.625,0,0,1,0,1,0,1,0,1,0,1,0,17798
0.7222222222222223,0.008771929824561403,0.3333333333333333,0.02294056308654849,1.0,0.0,0.25,1,0,0,1,0,0,0,1,0,0,1,0,27691
0.44444444444444436,0.0043859649122807015,0.3333333333333333,0.02085505735140772,0.5,0.42857142857142855,0.625,1,1,0,0,0,0,0,1,1,0,1,0,21165
0.7777777777777779,0.006578947368421052,0.0,0.008342022940563087,0.5,0.5714285714285714,0.5,0,0,0,0,0,0,0,0,0,0,0,0,24620
0.46296296296296297,0.006578947368421052,0.3333333333333333,0.019812304483837334,0.5,0.0,0.5,1,0,1,0,0,0,0,0,0,1,1,0,19968
0.46296296296296297,0.0,0.6666666666666667,0.03753910323253389,0.5,0.42857142857142855,0.5,0,0,1,0,1,0,0,0,1,0,0,0,20337
0.16666666666666669,0.010964912280701754,1.0,0.0521376433785193,1.0,0.42857142857142855,0.625,1,0,1,0,0,0,0,0,1,0,1,0,27058
0.537037037037037,0.0043859649122807015,0.0,0.008342022940563087,1.0,0.35714285714285715,0.625,1,0,1,0,0,0,0,1,1,0,0,1,32392
0.46296296296296297,0.0,0.3333333333333333,0.01772679874869656,0.5,0.42857142857142855,0.625,0,0,1,0,1,0,0,0,0,0,1,0,19815
0.6296296296296295,0.008771929824561403,0.3333333333333333,0.02085505735140772,0.0,1.0,0.625,0,0,1,0,0,1,0,0,0,0,1,0,21684
0.48148148148148145,0.0,1.0,0.06986444212721585,1.0,0.42857142857142855,0.25,0,0,0,1,1,0,0,0,0,0,0,1,23754
0.44444444444444436,0.0043859649122807015,0.0,0.0031282586027111575,0.0,0.42857142857142855,0.5,1,0,0,0,0,1,0,0,0,0,0,0,15071
0.1296296296296296,0.0,0.3333333333333333,0.018769551616266946,0.0,0.0,0.625,1,0,1,0,1,0,0,0,0,1,1,0,11138
0.7962962962962963,0.0021929824561403508,0.3333333333333333,0.014598540145985403,1.0,0.42857142857142855,0.5,1,1,0,0,0,0,0,0,0,0,0,1,36410
0.25925925925925924,0.006578947368421052,0.6666666666666667,0.03858185610010428,0.5,0.42857142857142855,0.625,1,0,1,0,0,0,0,0,0,1,0,0,22449
0.3703703703703704,0.010964912280701754,0.0,0.008342022940563087,0.0,0.42857142857142855,0.125,0,0,0,0,0,0,0,0,0,1,1,0,14039
0.055555555555555525,0.0,0.3333333333333333,0.019812304483837334,0.0,0.0,0.0,1,0,0,1,1,0,0,0,0,1,0,1,7749
0.537037037037037,0.0043859649122807015,0.6666666666666667,0.02606882168925965,1.0,0.42857142857142855,0.25,1,0,1,0,0,0,0,0,0,1,0,1,30553
0.1296296296296296,0.0021929824561403508,1.0,0.06152241918665277,0.5,0.0,0.625,0,0,0,1,1,0,0,0,1,0,0,0,12452
0.5925925925925926,0.0043859649122807015,0.6666666666666667,0.03545359749739312,1.0,0.42857142857142855,0.25,0,0,0,0,0,0,0,0,0,0,0,1,27401
0.20370370370370366,0.0,0.6666666666666667,0.02606882168925965,1.0,0.42857142857142855,0.125,0,0,1,0,1,0,0,0,0,0,1,0,24127
0.3148148148148148,0.0043859649122807015,0.6666666666666667,0.03441084462982273,1.0,0.42857142857142855,0.25,1,0,0,1,0,1,0,0,0,1,0,1,30747
0.7777777777777779,0.008771929824561403,0.0,0.0031282586027111575,0.5,0.42857142857142855,1.0,0,1,0,0,0,0,0,0,0,0,0,1,23682
0.2962962962962962,0.010964912280701754,0.6666666666666667,0.03336809176225235,0.5,0.35714285714285715,0.625,1,0,0,1,0,0,0,0,0,1,0,1,22763
0.6296296296296295,0.008771929824561403,0.0,0.0031282586027111575,0.5,0.35714285714285715,0.625,1,1,0,0,0,0,1,0,0,1,0,1,27677
0.09259259259259262,0.0021929824561403508,0.0,0.0,0.0,0.0,1.0,1,0,0,0,1,0,0,0,0,1,0,0,12580
0.1296296296296296,0.0043859649122807015,0.6666666666666667,0.02502606882168926,0.0,0.0,0.125,1,0,1,0,1,0,0,1,0,0,0,0,6077
0.16666666666666669,0.010964912280701754,0.3333333333333333,0.02085505735140772,0.5,0.42857142857142855,0.625,0,0,1,0,0,0,1,0,0,0,0,1,21879
0.4074074074074074,0.0,0.3333333333333333,0.02502606882168926,0.5,0.42857142857142855,0.125,0,0,1,0,1,0,0,0,0,0,1,0,16519
0.07407407407407407,0.0021929824561403508,0.0,0.0,0.0,0.0,0.0,1,0,1,0,1,0,0,0,0,0,1,0,3831
0.25925925925925924,0.0,1.0,0.05318039624608968,1.0,0.8571428571428571,0.25,0,1,0,0,1,0,1,0,0,0,1,0,27627
0.3333333333333333,0.006578947368421052,0.0,0.0,0.0,0.42857142857142855,1.0,0,0,0,1,0,1,0,0,1,0,1,0,19768
0.7037037037037037,0.006578947368421052,0.6666666666666667,0.02502606882168926,1.0,0.42857142857142855,1.0,0,0,0,1,0,1,0,0,0,0,0,0,35110
0.18518518518518517,0.006578947368421052,0.0,0.0010427528675703858,0.0,0.42857142857142855,0.25,1,0,0,1,0,0,0,0,0,1,1,0,14543
0.48148148148148145,0.006578947368421052,0.3333333333333333,0.010427528675703858,0.5,0.0,0.625,0,0,1,0,0,0,0,0,0,1,1,0,21089
0.6666666666666667,0.006578947368421052,0.0,0.0031282586027111575,0.5,0.0,0.25,0,0,0,1,0,0,0,0,0,0,1,0,17331
0.6111111111111112,0.008771929824561403,1.0,0.09071949947862357,1.0,0.42857142857142855,0.0,1,0,1,0,0,0,0,1,0,0,0,1,28152
0.8703703703703705,0.0043859649122807015,0.6666666666666667,0.03128258602711158,1.0,0.42857142857142855,0.625,0,1,0,0,0,0,0,0,0,0,0,1,35397
0.0,0.0021929824561403508,0.3333333333333333,0.011470281543274244,0.0,0.0,0.25,1,0,0,0,1,0,1,0,0,1,0,1,9965
0.14814814814814814,0.0043859649122807015,0.0,0.0,0.0,0.42857142857142855,0.625,0,0,0,1,0,0,0,0,0,1,1,0,14902
0.018518518518518545,0.0,0.0,0.0010427528675703858,0.0,0.0,0.25,0,0,1,0,1,0,0,0,0,0,1,0,5309
0.44444444444444436,0.010964912280701754,1.0,0.04275286757038582,1.0,0.0,0.5,0,0,1,0,0,0,0,0,1,0,1,0,24624
0.055555555555555525,0.0,0.3333333333333333,0.023983315954118876,0.0,0.0,0.125,0,0,1,0,1,0,0,0,0,0,1,0,5738
0.6851851851851851,0.0021929824561403508,0.0,0.0020855057351407717,0.5,0.35714285714285715,1.0,0,0,1,0,1,1,0,0,0,0,0,0,27547
0.24074074074074076,0.0,0.3333333333333333,0.009384775808133473,0.0,0.35714285714285715,0.5,0,0,0,0,1,0,0,1,0,1,0,1,14900
0.5185185185185186,0.0043859649122807015,0.0,0.0010427528675703858,0.0,0.35714285714285715,0.625,0,0,0,0,0,0,1,0,0,0,0,1,15838
0.6851851851851851,0.006578947368421052,0.0,0.006256517205422314,1.0,0.42857142857142855,0.5,0,0,1,0,0,0,1,0,0,0,1,0,31565
0.2962962962962962,0.0043859649122807015,0.0,0.00521376433785193,0.0,0.42857142857142855,1.0,1,0,0,0,0,0,0,0,0,0,0,0,14298
0.7777777777777779,0.006578947368421052,0.0,0.004171011470281543,0.0,0.35714285714285715,0.625,0,0,1,0,0,0,0,0,0,0,1,0,13650
0.20370370370370366,0.006578947368421052,0.0,0.0072992700729927005,0.0,0.42857142857142855,0.25,0,1,0,0,0,0,1,0,0,0,1,0,12698
0.574074074074074,0.006578947368421052,0.3333333333333333,0.014598540145985403,1.0,0.8571428571428571,0.25,0,0,0,1,0,1,0,0,0,0,0,1,34842
0.22222222222222227,0.0,0.6666666666666667,0.02606882168925965,0.5,0.0,0.625,0,0,0,0,1,0,0,0,1,0,0,1,18139
0.4259259259259259,0.0,0.0,0.00521376433785193,0.5,1.0,0.0,0,0,0,1,1,0,0,0,0,1,1,0,23358
0.7962962962962963,0.0043859649122807015,0.3333333333333333,0.016684045881126174,1.0,0.42857142857142855,0.125,1,0,1,0,0,0,1,0,0,0,0,1,35348
0.6111111111111112,0.0043859649122807015,0.6666666666666667,0.02606882168925965,1.0,0.8571428571428571,0.25,0,0,1,0,0,0,0,1,0,0,1,0,31495
0.037037037037037035,0.0,0.6666666666666667,0.03753910323253389,0.5,0.7857142857142857,0.125,0,0,1,0,1,0,0,0,0,1,0,0,16308
0.537037037037037,0.008771929824561403,0.3333333333333333,0.009384775808133473,1.0,0.42857142857142855,0.125,1,0,0,1,0,0,1,0,0,1,1,0,31863
0.3888888888888889,0.008771929824561403,0.6666666666666667,0.03858185610010428,0.5,0.0,0.25,1,0,1,0,0,0,1,0,0,1,1,0,20995
0.1111111111111111,0.0043859649122807015,0.3333333333333333,0.016684045881126174,0.0,0.0,0.625,0,0,1,0,1,0,0,0,0,0,0,0,8185
0.3703703703703704,0.0,0.0,0.0,0.5,0.35714285714285715,1.0,0,0,0,0,1,0,0,0,0,1,1,0,24628
0.25925925925925924,0.0043859649122807015,0.3333333333333333,0.02502606882168926,0.5,0.7857142857142857,0.125,1,0,0,1,0,0,1,0,0,0,0,1,20569
0.7777777777777779,0.008771929824561403,0.6666666666666667,0.02502606882168926,1.0,0.42857142857142855,0.125,0,0,0,1,0,0,0,1,0,1,0,1,31120
0.46296296296296297,0.008771929824561403,0.0,0.0072992700729927005,0.0,0.42857142857142855,0.25,1,0,1,0,0,0,0,0,0,0,1,0,11585
0.16666666666666669,0.0,0.3333333333333333,0.019812304483837334,0.5,0.42857142857142855,0.125,1,0,1,0,1,0,0,0,0,1,1,0,20336
0.09259259259259262,0.0021929824561403508,0.3333333333333333,0.016684045881126174,0.0,0.7857142857142857,0.5,1,0,0,1,1,0,0,0,0,1,1,0,14739
0.3148148148148148,0.0,0.6666666666666667,0.03545359749739312,1.0,0.35714285714285715,0.25,1,0,1,0,1,1,0,0,0,1,1,0,31318
0.48148148148148145,0.0043859649122807015,0.6666666666666667,0.03858185610010428,0.5,0.0,0.25,1,0,1,0,0,0,0,0,0,0,0,1,15780
0.07407407407407407,0.0,0.0,0.0020855057351407717,0.0,0.0,1.0,1,0,1,0,1,0,1,0,0,0,0,0,11633
0.7407407407407407,0.0021929824561403508,0.6666666666666667,0.027111574556830033,1.0,0.35714285714285715,0.5,1,0,0,0,1,0,1,0,0,1,0,1,34204
0.2962962962962962,0.006578947368421052,0.0,0.0072992700729927005,0.5,0.0,0.625,0,0,1,0,0,0,0,0,0,1,1,0,20304
0.25925925925925924,0.006578947368421052,0.3333333333333333,0.010427528675703858,1.0,0.35714285714285715,0.625,0,0,1,0,0,0,1,0,0,1,1,0,31569
0.7407407407407407,0.0043859649122807015,0.6666666666666667,0.028154327424400417,1.0,0.42857142857142855,0.625,0,0,0,1,0,0,0,0,0,0,0,1,30466
0.3333333333333333,0.006578947368421052,0.3333333333333333,0.010427528675703858,0.5,0.42857142857142855,0.5,0,1,0,0,0,0,0,0,1,0,1,0,19720
0.14814814814814814,0.0043859649122807015,0.0,0.0031282586027111575,0.0,0.0,0.25,1,0,1,0,1,0,1,0,0,1,0,0,13691
0.07407407407407407,0.0,0.0,0.006256517205422314,0.0,0.0,0.125,1,0,1,0,1,0,0,0,0,0,1,0,4315
0.7407407407407407,0.0043859649122807015,0.3333333333333333,0.02294056308654849,1.0,0.42857142857142855,0.5,1,0,0,1,0,1,0,0,0,1,1,0,36781
0.3333333333333333,0.0043859649122807015,0.6666666666666667,0.03232533889468196,0.5,0.42857142857142855,0.125,1,1,0,0,0,0,0,0,0,1,0,0,19411
0.7407407407407407,0.0,0.6666666666666667,0.02502606882168926,1.0,0.35714285714285715,0.25,0,0,1,0,1,1,0,0,0,0,0,1,32208
0.07407407407407407,0.006578947368421052,0.0,0.006256517205422314,1.0,0.5714285714285714,0.125,0,0,1,0,0,0,0,0,0,0,1,0,17758
0.6481481481481481,0.0,0.0,0.0031282586027111575,0.5,0.42857142857142855,0.625,0,0,0,0,1,0,0,0,0,0,1,0,23044
0.1111111111111111,0.0,0.3333333333333333,0.02294056308654849,0.5,0.0,0.5,1,0,1,0,1,0,0,0,0,0,0,0,10956
0.537037037037037,0.010964912280701754,0.6666666666666667,0.03858185610010428,1.0,0.35714285714285715,0.25,0,0,0,1,0,0,1,0,0,0,0,0,29672
0.5555555555555556,0.0043859649122807015,0.3333333333333333,0.021897810218978103,1.0,0.42857142857142855,1.0,0,0,0,1,0,0,1,0,0,0,0,0,33952
0.6111111111111112,0.0043859649122807015,0.3333333333333333,0.013555787278415015,1.0,1.0,0.625,0,0,1,0,0,1,0,0,1,0,0,0,39864
0.14814814814814814,0.006578947368421052,0.3333333333333333,0.009384775808133473,1.0,0.42857142857142855,0.625,0,1,0,0,0,0,1,0,0,0,0,0,28454
0.7037037037037037,0.0043859649122807015,0.3333333333333333,0.010427528675703858,1.0,0.42857142857142855,0.0,1,1,0,0,0,0,1,0,0,1,1,0,31941
0.7592592592592593,0.0043859649122807015,1.0,0.054223149113660066,1.0,0.0,0.25,1,0,0,0,0,1,0,0,1,0,0,1,31554
0.07407407407407407,0.0,0.3333333333333333,0.011470281543274244,0.0,0.0,0.125,0,0,0,1,1,1,0,0,0,0,1,0,9941
0.4074074074074074,0.0043859649122807015,0.0,0.00521376433785193,0.0,0.0,0.25,1,1,0,0,0,0,1,0,0,0,0,1,11702
0.055555555555555525,0.0,0.6666666666666667,0.030239833159541193,0.0,0.0,0.625,1,0,0,1,1,0,0,0,0,1,0,0,9982
0.7037037037037037,0.008771929824561403,0.6666666666666667,0.03441084462982273,1.0,0.42857142857142855,0.625,0,0,0,1,0,0,0,0,1,0,0,1,32076
0.018518518518518545,0.0021929824561403508,1.0,0.06047966631908238,0.5,0.0,0.5,1,0,1,0,1,0,0,1,0,0,0,0,11493
0.0,0.0,0.0,0.0010427528675703858,0.0,0.0,0.625,1,1,0,0,1,0,0,0,0,1,0,1,9910
0.6666666666666667,0.006578947368421052,0.0,0.006256517205422314,0.0,0.42857142857142855,0.625,0,0,0,1,0,0,1,0,0,0,1,0,16411
0.055555555555555525,0.0,1.0,0.08654848800834203,0.5,0.0,0.0,1,0,1,0,1,0,0,1,0,0,1,0,7937
0.5925925925925926,0.0043859649122807015,1.0,0.04692387904066737,1.0,0.42857142857142855,0.25,0,1,0,0,1,0,1,0,1,0,0,1,30504
0.018518518518518545,0.0021929824561403508,0.0,0.004171011470281543,0.5,0.0,0.5,1,0,0,1,1,0,0,0,1,0,0,0,12051
0.6851851851851851,0.0021929824561403508,0.0,0.008342022940563087,0.0,0.0,1.0,1,0,0,1,1,0,1,0,0,1,0,0,19479
0.6296296296296295,0.008771929824561403,0.3333333333333333,0.009384775808133473,1.0,0.42857142857142855,0.125,1,0,1,0,0,0,0,0,0,1,0,1,31680
0.4074074074074074,0.0043859649122807015,0.3333333333333333,0.011470281543274244,0.5,0.35714285714285715,0.125,1,1,0,0,0,0,0,1,0,0,1,0,16788
0.3518518518518518,0.008771929824561403,0.3333333333333333,0.018769551616266946,0.5,0.35714285714285715,0.25,1,0,0,1,0,0,1,0,0,0,0,0,19518
0.1296296296296296,0.0021929824561403508,0.0,0.008342022940563087,0.0,0.0,0.625,0,0,0,0,1,0,0,0,0,0,0,1,8213
0.1296296296296296,0.0043859649122807015,0.6666666666666667,0.028154327424400417,0.0,0.0,0.125,0,0,0,0,0,0,0,1,0,0,0,0,6246
0.46296296296296297,0.010964912280701754,0.6666666666666667,0.027111574556830033,0.5,0.0,0.625,0,0,1,0,0,0,0,0,0,0,0,0,17811
0.4259259259259259,0.0043859649122807015,1.0,0.08550573514077164,1.0,0.42857142857142855,0.125,1,0,0,0,0,0,1,0,0,1,0,1,29132
0.16666666666666669,0.008771929824561403,0.6666666666666667,0.02606882168925965,0.5,0.42857142857142855,0.25,1,1,0,0,0,0,0,0,0,0,0,0,17139
0.46296296296296297,0.010964912280701754,0.3333333333333333,0.010427528675703858,0.5,0.0,0.625,1,0,1,0,0,0,1,0,1,0,1,0,19296
0.7407407407407407,0.010964912280701754,0.3333333333333333,0.02294056308654849,1.0,0.42857142857142855,0.625,0,0,0,1,0,1,0,0,0,0,0,1,34124
0.037037037037037035,0.006578947368421052,0.0,0.004171011470281543,0.5,0.0,0.125,1,0,1,0,0,0,1,0,0,0,1,0,11589
0.3703703703703704,0.008771929824561403,0.0,0.0072992700729927005,0.5,0.5714285714285714,0.25,0,0,0,1,0,0,0,1,0,1,0,0,24978
0.25925925925925924,0.006578947368421052,0.3333333333333333,0.013555787278415015,0.5,0.42857142857142855,0.0,1,0,0,1,0,1,0,0,1,0,1,0,21225
0.537037037037037,0.008771929824561403,1.0,0.8852971845672576,1.0,1.0,0.5,1,0,0,1,0,0,0,0,0,1,0,1,36632
0.3703703703703704,0.006578947368421052,0.0,0.0020855057351407717,0.0,0.42857142857142855,0.625,0,1,0,0,0,0,0,0,0,1,0,0,15092
0.2962962962962962,0.006578947368421052,0.3333333333333333,0.011470281543274244,0.5,0.42857142857142855,0.125,1,0,1,0,0,0,0,1,0,1,1,0,19408
0.6481481481481481,0.006578947368421052,0.0,0.0020855057351407717,0.5,0.42857142857142855,1.0,0,0,1,0,0,1,0,0,0,0,0,1,27012
0.7777777777777779,0.006578947368421052,0.3333333333333333,0.013555787278415015,1.0,0.42857142857142855,0.125,1,0,0,1,0,0,0,1,1,0,0,0,29917
0.20370370370370366,0.006578947368421052,0.0,0.00521376433785193,0.0,0.42857142857142855,0.625,0,0,0,1,0,0,1,0,0,0,1,0,15234
0.14814814814814814,0.0043859649122807015,0.6666666666666667,0.03441084462982273,0.5,0.42857142857142855,1.0,1,1,0,0,1,0,0,1,0,0,0,1,22299
0.7407407407407407,0.006578947368421052,0.6666666666666667,0.027111574556830033,1.0,0.42857142857142855,0.625,0,0,0,1,0,0,0,0,0,0,0,1,29276
0.018518518518518545,0.0021929824561403508,0.6666666666666667,0.029197080291970805,0.0,0.0,0.125,1,0,0,0,1,0,1,0,0,0,0,1,7531
0.44444444444444436,0.008771929824561403,0.0,0.0072992700729927005,0.0,0.8571428571428571,0.5,1,0,0,1,0,0,1,0,0,1,0,0,18581
0.574074074074074,0.0043859649122807015,0.3333333333333333,0.01564129301355579,1.0,0.42857142857142855,0.25,0,1,0,0,0,0,1,0,0,0,0,1,30206
0.018518518518518545,0.0021929824561403508,0.0,0.0010427528675703858,0.0,0.0,0.25,0,0,1,0,1,0,0,0,0,0,0,0,6406
0.7777777777777779,0.010964912280701754,0.0,0.0031282586027111575,0.0,0.42857142857142855,0.25,0,1,0,0,0,0,0,0,0,0,1,0,13303
0.49999999999999994,0.0043859649122807015,0.3333333333333333,0.009384775808133473,0.5,0.42857142857142855,0.125,0,0,0,1,0,0,0,0,0,0,1,0,16072
0.037037037037037035,0.0,0.6666666666666667,0.03753910323253389,0.5,0.0,0.25,1,0,0,1,1,0,1,0,0,0,0,0,10608
0.055555555555555525,0.0043859649122807015,0.0,0.0031282586027111575,0.0,0.42857142857142855,0.625,0,0,0,0,1,0,0,0,0,0,0,0,9295
0.7592592592592593,0.008771929824561403,0.6666666666666667,0.03336809176225235,1.0,0.42857142857142855,0.125,1,0,1,0,0,0,1,0,0,0,0,1,30172
0.44444444444444436,0.006578947368421052,0.6666666666666667,0.04066736183524505,0.5,0.0,0.25,1,1,0,0,0,0,0,0,0,1,1,0,17563
0.7407407407407407,0.0043859649122807015,0.3333333333333333,0.011470281543274244,1.0,0.42857142857142855,0.5,1,1,0,0,0,0,1,0,0,1,1,0,35045
0.20370370370370366,0.008771929824561403,0.3333333333333333,0.02502606882168926,0.5,0.42857142857142855,0.25,0,0,1,0,0,0,1,0,1,0,1,0,20072
0.037037037037037035,0.0021929824561403508,0.0,0.004171011470281543,0.0,0.0,0.25,0,0,1,0,1,0,0,0,0,0,1,0,5464
0.5185185185185186,0.008771929824561403,0.6666666666666667,0.03232533889468196,0.5,0.7857142857142857,0.5,0,0,0,1,0,1,0,0,0,0,0,1,28386
0.6666666666666667,0.0,1.0,0.07507820646506778,0.5,0.0,0.25,1,1,0,0,1,0,1,0,0,0,0,1,20051
0.5185185185185186,0.008771929824561403,0.3333333333333333,0.021897810218978103,1.0,0.8571428571428571,0.625,1,1,0,0,0,0,1,0,0,1,0,1,37795
0.07407407407407407,0.0021929824561403508,1.0,0.045881126173096975,0.5,0.0,0.625,0,0,0,1,1,0,0,0,0,0,0,0,10695
0.6666666666666667,0.008771929824561403,1.0,0.05839416058394161,1.0,0.42857142857142855,1.0,1,0,0,0,0,1,0,0,0,1,0,1,39050
0.6666666666666667,0.006578947368421052,0.0,0.0010427528675703858,0.0,0.42857142857142855,0.125,0,0,0,0,0,1,0,0,1,0,0,1,16060
0.25925925925925924,0.0,0.6666666666666667,0.02606882168925965,0.5,0.42857142857142855,0.625,0,0,1,0,1,0,0,0,0,1,0,1,21181
0.3518518518518518,0.0,0.3333333333333333,0.023983315954118876,1.0,0.35714285714285715,0.25,1,0,0,0,1,0,1,0,0,1,1,0,28507
0.574074074074074,0.0043859649122807015,0.0,0.0031282586027111575,0.5,0.7857142857142857,0.25,1,0,1,0,0,0,1,0,0,1,1,0,26736
0.2962962962962962,0.0,0.6666666666666667,0.03649635036496351,0.5,0.42857142857142855,0.625,0,0,1,0,1,0,1,0,0,0,0,1,21303
0.6666666666666667,0.006578947368421052,0.3333333333333333,0.023983315954118876,1.0,0.42857142857142855,0.25,1,1,0,0,0,0,1,0,0,0,0,1,29284
0.1111111111111111,0.0021929824561403508,0.0,0.0010427528675703858,0.5,0.0,0.25,0,0,0,1,1,0,1,0,0,0,0,0,12089
0.27777777777777773,0.0043859649122807015,0.6666666666666667,0.02502606882168926,0.5,0.0,0.25,0,0,0,1,1,0,1,0,0,0,0,1,17500
0.1296296296296296,0.0,0.0,0.004171011470281543,0.5,0.0,0.625,0,1,0,0,1,0,0,0,0,0,0,1,10645
0.4074074074074074,0.0021929824561403508,1.0,0.07924921793534932,1.0,0.0,0.125,1,0,0,1,1,0,0,0,0,0,1,0,22083
0.537037037037037,0.008771929824561403,0.0,0.008342022940563087,0.0,0.42857142857142855,0.25,1,0,1,0,0,1,0,0,0,1,0,0,19789
0.037037037037037035,0.0021929824561403508,1.0,0.06047966631908238,1.0,0.0,0.625,0,0,1,0,1,0,0,0,0,0,0,0,14488
0.07407407407407407,0.0021929824561403508,0.0,0.0020855057351407717,0.0,0.0,0.125,0,0,0,1,1,0,0,0,0,0,0,0,5944
0.7777777777777779,0.008771929824561403,0.0,0.00521376433785193,0.0,0.35714285714285715,0.625,0,0,1,0,0,0,0,1,0,0,0,1,15423
0.055555555555555525,0.0,0.3333333333333333,0.02294056308654849,0.0,0.0,0.5,0,0,1,0,1,0,0,0,0,0,0,1,7129
0.3518518518518518,0.0043859649122807015,0.0,0.0010427528675703858,0.0,0.0,0.5,0,0,0,0,0,0,0,0,1,0,1,0,10096
0.7777777777777779,0.006578947368421052,0.0,0.0010427528675703858,0.5,0.42857142857142855,0.625,0,0,0,1,0,0,0,1,0,0,1,0,21824
0.5925925925925926,0.0043859649122807015,0.3333333333333333,0.021897810218978103,0.0,0.42857142857142855,0.25,0,0,1,0,0,1,0,0,0,0,1,0,16676
0.1111111111111111,0.0,0.0,0.00521376433785193,0.0,0.0,0.5,0,0,0,0,1,0,0,0,0,0,0,1,7698
0.09259259259259262,0.0021929824561403508,0.0,0.0010427528675703858,0.0,0.42857142857142855,0.125,0,0,0,1,1,0,0,0,0,0,1,0,6922
0.18518518518518517,0.006578947368421052,0.6666666666666667,0.03649635036496351,0.5,0.8571428571428571,0.0,0,0,0,1,0,0,0,1,0,0,0,1,18533
0.6851851851851851,0.006578947368421052,1.0,0.09697601668404589,1.0,0.5714285714285714,1.0,0,1,0,0,0,1,0,0,0,0,0,1,39475
0.6851851851851851,0.008771929824561403,0.0,0.0031282586027111575,0.0,0.42857142857142855,0.25,0,0,0,0,0,1,0,0,0,0,0,0,15491
0.7407407407407407,0.006578947368421052,1.0,0.09697601668404589,1.0,0.35714285714285715,0.625,0,0,0,1,0,0,1,0,1,0,1,0,32567
0.3148148148148148,0.006578947368421052,0.6666666666666667,0.03232533889468196,0.5,0.42857142857142855,0.125,0,0,1,0,0,0,0,0,0,1,1,0,19142
0.5185185185185186,0.008771929824561403,0.6666666666666667,0.02606882168925965,1.0,0.42857142857142855,1.0,1,1,0,0,0,0,0,0,0,0,1,0,30959
0.3518518518518518,0.0,1.0,0.045881126173096975,1.0,0.0,0.125,1,0,1,0,1,0,1,0,0,1,0,0,25786
0.07407407407407407,0.0021929824561403508,0.0,0.0020855057351407717,0.0,0.0,0.125,0,0,0,0,1,0,0,0,0,0,1,0,6057
0.49999999999999994,0.0,0.0,0.008342022940563087,0.0,0.42857142857142855,0.625,1,1,0,0,1,1,0,0,0,0,1,0,17040
0.46296296296296297,0.0,0.6666666666666667,0.03649635036496351,0.5,0.42857142857142855,0.625,0,1,0,0,1,0,0,1,0,0,0,0,19909
0.27777777777777773,0.010964912280701754,0.0,0.006256517205422314,0.0,1.0,0.0,0,0,1,0,0,0,0,0,1,0,0,0,14235
0.3148148148148148,0.0043859649122807015,0.3333333333333333,0.011470281543274244,1.0,0.42857142857142855,0.25,0,0,0,0,0,0,0,1,1,0,1,0,26037
0.07407407407407407,0.006578947368421052,0.0,0.0020855057351407717,0.0,0.0,0.625,0,1,0,0,0,0,0,1,0,0,0,0,7499
0.0,0.0043859649122807015,0.6666666666666667,0.04066736183524505,0.0,0.0,0.0,1,1,0,0,1,0,0,0,0,0,0,0,4393
0.3333333333333333,0.008771929824561403,0.6666666666666667,0.029197080291970805,1.0,0.42857142857142855,0.625,1,0,0,1,0,0,0,0,0,1,1,0,29458
0.6851851851851851,0.008771929824561403,0.0,0.00521376433785193,0.5,0.42857142857142855,0.625,1,0,1,0,0,0,0,0,0,1,1,0,25565
0.09259259259259262,0.0,0.0,0.0010427528675703858,0.0,0.0,0.125,1,0,0,1,1,0,1,0,1,0,1,0,8960
0.27777777777777773,0.0,0.3333333333333333,0.021897810218978103,0.5,0.5714285714285714,0.625,0,0,1,0,1,0,0,0,0,0,0,0,22947
0.27777777777777773,0.006578947368421052,0.3333333333333333,0.02085505735140772,0.5,0.42857142857142855,0.25,1,0,0,1,0,0,1,0,0,0,1,0,19652
0.537037037037037,0.0021929824561403508,0.3333333333333333,0.023983315954118876,1.0,0.5714285714285714,0.5,1,0,0,0,1,0,1,0,1,0,0,1,37199
0.07407407407407407,0.0043859649122807015,0.3333333333333333,0.02085505735140772,0.0,0.0,0.125,1,0,1,0,1,0,0,0,0,0,0,0,5186
0.2962962962962962,0.008771929824561403,0.3333333333333333,0.01564129301355579,0.5,0.42857142857142855,0.25,0,1,0,0,0,0,0,0,0,1,1,0,20101
0.1111111111111111,0.0021929824561403508,0.0,0.008342022940563087,0.0,0.0,0.625,0,0,0,1,1,0,0,1,0,0,1,0,8554
0.3703703703703704,0.0043859649122807015,0.0,0.006256517205422314,0.0,0.42857142857142855,0.25,1,1,0,0,0,0,0,1,0,0,1,0,10512
0.25925925925925924,0.006578947368421052,0.0,0.00521376433785193,0.0,0.0,1.0,0,0,1,0,0,0,1,0,1,0,1,0,14621
0.1111111111111111,0.0021929824561403508,0.3333333333333333,0.018769551616266946,0.5,0.0,0.625,0,0,1,0,1,0,0,0,0,0,0,0,12123
0.5185185185185186,0.006578947368421052,0.0,0.0020855057351407717,0.5,0.7857142857142857,0.125,1,0,1,0,0,0,0,0,0,1,1,0,25353
0.2962962962962962,0.0,0.3333333333333333,0.018769551616266946,0.5,0.42857142857142855,0.5,0,1,0,0,1,0,1,0,0,1,0,0,22666
0.3148148148148148,0.010964912280701754,0.3333333333333333,0.009384775808133473,0.5,1.0,0.25,0,0,0,0,0,0,0,1,0,0,1,0,22094
0.6851851851851851,0.008771929824561403,0.0,0.0,0.5,0.42857142857142855,0.125,1,0,0,1,0,0,1,0,1,0,1,0,22742
0.574074074074074,0.0,0.0,0.0072992700729927005,0.5,0.7857142857142857,0.5,0,1,0,0,1,1,0,0,0,0,1,0,27844
0.055555555555555525,0.0,1.0,0.05318039624608968,0.5,0.0,0.625,0,0,0,0,1,0,0,0,0,0,0,1,11396
0.574074074074074,0.0,0.3333333333333333,0.02294056308654849,1.0,0.42857142857142855,0.125,0,1,0,0,1,0,0,0,0,0,0,1,27221
0.3888888888888889,0.008771929824561403,0.3333333333333333,0.02502606882168926,0.5,0.35714285714285715,0.125,1,0,0,1,0,0,0,0,0,0,1,0,16828
0.07407407407407407,0.0,0.3333333333333333,0.010427528675703858,0.5,0.0,0.25,0,0,1,0,1,0,0,0,0,0,0,0,8677
0.22222222222222227,0.006578947368421052,0.6666666666666667,0.03441084462982273,0.5,0.42857142857142855,0.25,0,0,0,1,0,0,0,0,0,1,1,0,20108
0.055555555555555525,0.0043859649122807015,0.0,0.006256517205422314,0.0,1.0,0.125,0,0,0,1,1,0,0,0,0,0,0,0,11570
0.7037037037037037,0.006578947368421052,0.3333333333333333,0.019812304483837334,0.0,0.35714285714285715,0.0,1,0,0,1,0,0,0,0,0,1,0,1,14491
0.3333333333333333,0.006578947368421052,0.0,0.0020855057351407717,0.0,0.42857142857142855,0.0,0,0,0,0,0,0,0,0,0,1,1,0,13075
0.3888888888888889,0.0043859649122807015,0.3333333333333333,0.010427528675703858,0.5,0.0,0.625,1,0,0,0,0,0,1,0,0,1,1,0,22068
0.22222222222222227,0.0043859649122807015,0.3333333333333333,0.010427528675703858,1.0,0.35714285714285715,0.625,1,0,0,1,0,1,0,0,0,1,1,0,33497
0.0,0.0021929824561403508,0.0,0.0020855057351407717,0.5,0.0,0.625,1,0,1,0,1,0,0,1,0,0,0,0,10955
0.1111111111111111,0.0,0.3333333333333333,0.014598540145985403,0.0,0.0,0.25,0,0,0,0,1,0,0,1,0,0,0,1,5411
0.22222222222222227,0.0021929824561403508,0.0,0.004171011470281543,0.0,0.0,0.25,0,0,0,0,1,0,0,0,0,0,1,0,7940
0.07407407407407407,0.0,0.6666666666666667,0.03336809176225235,0.0,0.0,0.25,0,1,0,0,1,0,0,1,0,0,0,0,6159
0.3888888888888889,0.0043859649122807015,0.6666666666666667,0.027111574556830033,0.5,0.35714285714285715,0.25,0,1,0,0,0,0,0,0,0,0,0,0,16487
0.7222222222222223,0.008771929824561403,0.0,0.008342022940563087,0.5,0.5714285714285714,0.25,1,0,1,0,0,1,0,0,1,0,0,0,29221
0.27777777777777773,0.006578947368421052,1.0,0.051094890510948905,1.0,1.0,0.0,0,0,0,0,0,0,1,0,1,0,1,0,29964
0.9814814814814814,0.0021929824561403508,0.0,0.0072992700729927005,0.5,0.5714285714285714,0.125,0,0,0,1,0,0,0,0,0,0,0,1,27773
0.07407407407407407,0.0,0.3333333333333333,0.016684045881126174,0.5,0.0,0.625,0,0,0,0,1,0,1,0,0,0,0,0,14002
0.6851851851851851,0.008771929824561403,0.3333333333333333,0.011470281543274244,1.0,0.42857142857142855,0.625,0,0,1,0,0,0,1,0,0,0,0,1,32193
0.1296296296296296,0.0021929824561403508,0.0,0.00521376433785193,0.0,0.0,0.25,1,0,0,0,1,0,0,0,0,0,0,1,4870
0.24074074074074076,0.0043859649122807015,0.3333333333333333,0.011470281543274244,0.5,0.0,0.0,0,0,1,0,0,1,0,0,0,1,0,1,20651
0.14814814814814814,0.006578947368421052,0.0,0.0010427528675703858,0.5,0.42857142857142855,1.0,0,0,1,0,0,0,0,0,0,0,1,0,20358
0.6481481481481481,0.0043859649122807015,1.0,0.09384775808133473,1.0,0.42857142857142855,0.25,0,0,0,0,0,0,0,0,1,0,0,0,29981
0.0,0.006578947368421052,0.6666666666666667,0.03858185610010428,0.0,0.0,0.5,0,0,1,0,0,0,0,0,0,0,0,1,6262
0.18518518518518517,0.006578947368421052,0.6666666666666667,0.03753910323253389,0.5,1.0,0.25,0,0,0,0,0,0,1,0,0,1,0,1,26268
0.16666666666666669,0.008771929824561403,0.0,0.004171011470281543,0.0,0.5714285714285714,0.125,0,0,0,1,0,0,1,0,1,0,1,0,16301
0.018518518518518545,0.0043859649122807015,0.3333333333333333,0.02294056308654849,0.0,0.0,0.625,0,1,0,0,1,0,0,0,0,0,0,0,7357
0.1111111111111111,0.0043859649122807015,0.0,0.006256517205422314,0.0,0.0,0.125,0,0,0,0,0,0,0,0,0,0,0,0,5874
0.22222222222222227,0.0,0.0,0.004171011470281543,0.0,0.5714285714285714,0.125,0,0,0,1,1,1,0,0,0,1,1,0,21637
0.4259259259259259,0.0,1.0,0.08967674661105318,0.5,0.42857142857142855,0.5,1,1,0,0,1,0,0,1,0,0,1,0,19961
0.055555555555555525,0.0,0.0,0.0010427528675703858,0.0,0.42857142857142855,0.125,0,0,1,0,1,0,0,1,0,0,0,0,6901
0.48148148148148145,0.0,0.3333333333333333,0.018769551616266946,0.5,0.42857142857142855,0.625,0,0,0,0,1,1,0,0,0,1,0,1,25929
0.055555555555555525,0.0043859649122807015,0.3333333333333333,0.013555787278415015,0.0,0.35714285714285715,0.25,0,0,0,0,1,0,0,0,0,0,1,0,7213
0.24074074074074076,0.0043859649122807015,0.0,0.0010427528675703858,0.0,0.42857142857142855,0.125,1,0,0,0,0,0,0,0,0,1,0,1,13044
0.25925925925925924,0.008771929824561403,0.3333333333333333,0.01251303441084463,0.5,0.42857142857142855,0.5,0,0,1,0,0,0,0,0,1,0,1,0,19726
0.07407407407407407,0.0021929824561403508,0.6666666666666667,0.03962460896767466,0.0,0.0,0.25,0,0,0,0,1,0,0,1,0,1,0,0,9167
0.037037037037037035,0.0,0.0,0.006256517205422314,0.0,0.0,1.0,0,0,0,1,1,0,0,0,0,0,0,0,9156
0.4074074074074074,0.0043859649122807015,0.3333333333333333,0.010427528675703858,0.5,0.42857142857142855,0.625,1,0,1,0,0,0,0,1,0,1,0,0,23338
0.7777777777777779,0.010964912280701754,1.0,0.04066736183524505,1.0,0.35714285714285715,0.125,0,0,0,1,0,0,0,1,0,0,0,1,29204
0.018518518518518545,0.0,0.6666666666666667,0.027111574556830033,0.0,0.0,0.125,0,1,0,0,1,0,0,0,0,1,0,0,8047
0.7777777777777779,0.0043859649122807015,0.0,0.0010427528675703858,0.5,0.8571428571428571,0.125,0,0,1,0,0,0,0,0,0,0,0,1,21116
0.18518518518518517,0.0021929824561403508,0.0,0.008342022940563087,0.0,0.42857142857142855,0.625,0,0,0,1,1,0,0,0,0,1,1,0,15807
0.6111111111111112,0.006578947368421052,0.3333333333333333,0.023983315954118876,1.0,0.0,1.0,1,0,1,0,0,0,0,0,0,1,0,1,32644
0.4259259259259259,0.006578947368421052,0.0,0.008342022940563087,0.0,0.42857142857142855,0.625,0,0,0,1,0,0,0,0,0,1,1,0,14910
0.09259259259259262,0.0043859649122807015,0.3333333333333333,0.01251303441084463,0.0,0.0,0.25,0,0,0,1,0,0,0,0,0,0,1,0,6236
0.5555555555555556,0.0043859649122807015,0.6666666666666667,0.03858185610010428,1.0,0.0,0.125,0,0,0,1,0,0,1,0,0,1,0,1,30731
0.14814814814814814,0.006578947368421052,0.6666666666666667,0.027111574556830033,1.0,0.35714285714285715,0.25,1,1,0,0,0,0,1,0,0,1,1,0,29165
0.6666666666666667,0.006578947368421052,0.0,0.006256517205422314,0.5,0.5714285714285714,0.25,0,0,1,0,0,1,0,0,0,0,0,1,28033
0.44444444444444436,0.006578947368421052,0.6666666666666667,0.027111574556830033,0.5,0.8571428571428571,0.5,0,1,0,0,0,1,0,0,0,0,1,0,25509
0.1296296296296296,0.0,0.0,0.004171011470281543,0.0,1.0,0.25,0,1,0,0,1,0,0,1,0,0,0,0,12965
0.22222222222222227,0.0043859649122807015,0.0,0.0072992700729927005,0.0,0.42857142857142855,0.5,0,0,0,0,0,0,0,1,0,1,0,1,15839
0.1111111111111111,0.0,1.0,0.059436913451511995,0.5,0.0,0.625,1,1,0,0,1,0,0,0,0,0,1,0,10104
0.7777777777777779,0.006578947368421052,0.6666666666666667,0.02502606882168926,1.0,0.42857142857142855,0.625,1,0,0,1,0,0,0,0,0,0,0,1,30032
0.2962962962962962,0.008771929824561403,0.0,0.00521376433785193,0.5,0.42857142857142855,0.625,1,1,0,0,0,0,0,0,0,1,1,0,22521
0.5555555555555556,0.0043859649122807015,0.0,0.004171011470281543,0.5,0.42857142857142855,0.625,0,0,1,0,0,0,1,0,1,0,1,0,25445
0.1111111111111111,0.0021929824561403508,0.3333333333333333,0.021897810218978103,0.0,0.0,1.0,0,0,1,0,1,0,0,0,0,0,1,0,9041
0.6851851851851851,0.006578947368421052,0.0,0.004171011470281543,0.5,0.42857142857142855,0.625,1,0,0,1,0,0,1,0,0,1,1,0,27566
0.3333333333333333,0.006578947368421052,0.0,0.0,0.0,0.42857142857142855,0.25,1,0,0,1,0,1,0,0,0,1,1,0,17538
0.7037037037037037,0.006578947368421052,0.6666666666666667,0.03336809176225235,0.0,0.42857142857142855,0.25,1,0,1,0,0,0,1,0,0,0,0,1,14822
0.07407407407407407,0.0,0.3333333333333333,0.011470281543274244,0.0,0.0,1.0,1,0,1,0,1,0,0,1,0,1,1,0,13119
0.16666666666666669,0.0,1.0,0.05735140771637122,1.0,0.42857142857142855,1.0,1,0,1,0,1,0,1,0,0,1,0,1,32017
0.5555555555555556,0.006578947368421052,0.0,0.006256517205422314,0.5,0.42857142857142855,0.125,0,0,1,0,0,0,1,0,0,0,1,0,20806
0.055555555555555525,0.0,0.6666666666666667,0.04066736183524505,0.0,0.0,0.0,1,0,0,1,1,1,0,0,0,0,0,0,8170
0.5555555555555556,0.006578947368421052,0.3333333333333333,0.01251303441084463,1.0,0.42857142857142855,1.0,1,0,1,0,0,0,0,0,0,0,0,1,32719
0.3333333333333333,0.006578947368421052,0.6666666666666667,0.03336809176225235,0.5,0.35714285714285715,0.25,0,0,1,0,0,0,0,1,1,0,0,1,19515
0.5555555555555556,0.006578947368421052,0.6666666666666667,0.029197080291970805,0.5,1.0,0.125,0,0,1,0,0,0,0,0,0,0,0,0,23286
0.037037037037037035,0.006578947368421052,0.3333333333333333,0.02294056308654849,0.5,0.0,0.625,0,0,0,0,0,0,0,1,0,0,0,1,11767
0.6666666666666667,0.008771929824561403,0.0,0.008342022940563087,0.5,0.42857142857142855,0.625,0,0,0,0,0,0,1,0,1,0,1,0,26120
0.22222222222222227,0.0,0.6666666666666667,0.02606882168925965,0.5,0.0,0.125,1,0,0,1,1,0,0,0,0,1,1,0,18452
0.9259259259259258,0.0,0.3333333333333333,0.018769551616266946,0.5,0.42857142857142855,0.5,0,0,1,0,1,0,0,0,0,0,0,0,25344
0.07407407407407407,0.006578947368421052,0.6666666666666667,0.03649635036496351,0.0,0.35714285714285715,0.25,1,0,0,1,0,0,0,0,0,1,0,0,10720
0.7222222222222223,0.0043859649122807015,0.3333333333333333,0.02294056308654849,1.0,0.0,0.625,0,0,1,0,0,0,0,0,0,0,0,0,28389
0.6111111111111112,0.0,0.6666666666666667,0.03336809176225235,1.0,0.5714285714285714,1.0,1,1,0,0,1,1,0,0,0,1,0,1,42136
0.46296296296296297,0.010964912280701754,0.0,0.008342022940563087,0.5,0.42857142857142855,0.625,1,0,1,0,0,1,0,0,1,0,1,0,24826
0.5185185185185186,0.010964912280701754,0.0,0.0020855057351407717,0.5,0.42857142857142855,0.125,1,0,0,1,0,0,0,0,1,0,1,0,20341
0.037037037037037035,0.0021929824561403508,0.6666666666666667,0.027111574556830033,0.0,0.0,0.625,0,0,1,0,1,0,0,0,0,0,0,0,8133
0.5185185185185186,0.0043859649122807015,0.0,0.00521376433785193,0.5,0.42857142857142855,0.5,1,0,0,1,0,0,0,0,0,1,0,1,23949
0.5185185185185186,0.0,0.3333333333333333,0.011470281543274244,1.0,0.42857142857142855,0.125,1,0,0,1,1,0,1,0,0,1,0,1,33620
0.4259259259259259,0.008771929824561403,0.3333333333333333,0.01564129301355579,0.5,0.7857142857142857,0.625,0,0,1,0,0,0,0,1,0,0,0,1,21957
0.46296296296296297,0.006578947368421052,1.0,0.0886339937434828,1.0,0.0,0.625,0,0,0,1,0,0,0,0,0,0,1,0,23283
0.574074074074074,0.0043859649122807015,0.6666666666666667,0.03545359749739312,0.0,0.42857142857142855,0.125,1,1,0,0,0,0,0,0,1,0,0,0,11715
0.5925925925925926,0.006578947368421052,0.6666666666666667,0.03753910323253389,1.0,0.42857142857142855,0.125,0,0,0,1,0,1,0,0,0,0,0,0,31121
0.7777777777777779,0.008771929824561403,0.6666666666666667,0.02502606882168926,0.5,0.42857142857142855,0.625,0,0,0,1,0,0,0,0,0,0,0,1,22062
0.48148148148148145,0.008771929824561403,0.3333333333333333,0.016684045881126174,0.5,0.5714285714285714,0.125,1,0,1,0,0,0,0,0,1,0,1,0,20828
0.6666666666666667,0.006578947368421052,0.6666666666666667,0.02606882168925965,1.0,0.42857142857142855,0.25,1,0,0,0,0,0,0,0,1,0,1,0,30169
0.14814814814814814,0.006578947368421052,0.0,0.008342022940563087,0.0,0.5714285714285714,0.125,1,0,0,1,0,0,0,0,0,1,1,0,16683
0.48148148148148145,0.008771929824561403,0.3333333333333333,0.01251303441084463,0.5,0.42857142857142855,0.625,1,1,0,0,0,1,0,0,0,0,1,0,24059
0.1296296296296296,0.0,0.0,0.00521376433785193,0.0,0.0,0.625,0,0,0,0,1,0,1,0,0,0,1,0,9846
0.16666666666666669,0.0021929824561403508,0.0,0.0,0.0,0.0,0.125,0,0,1,0,1,1,0,0,0,1,0,0,15453
0.6481481481481481,0.0043859649122807015,0.6666666666666667,0.03753910323253389,0.5,0.42857142857142855,1.0,1,0,1,0,0,1,0,0,0,0,0,1,27355
0.6111111111111112,0.0043859649122807015,0.0,0.0010427528675703858,0.5,0.42857142857142855,0.625,1,0,1,0,0,0,1,0,0,1,0,1,27869
0.7037037037037037,0.0,1.0,0.09697601668404589,1.0,0.35714285714285715,0.25,1,1,0,0,1,1,0,0,0,1,1,0,35249
0.055555555555555525,0.0043859649122807015,0.6666666666666667,0.03545359749739312,0.0,0.0,0.625,1,0,1,0,1,0,0,0,0,0,1,0,7148
0.3518518518518518,0.0,0.6666666666666667,0.03858185610010428,0.5,0.42857142857142855,0.25,1,0,1,0,1,0,0,0,0,0,0,1,16722
0.07407407407407407,0.0,0.3333333333333333,0.02294056308654849,0.0,0.0,0.125,1,0,1,0,1,0,0,1,0,0,0,0,4729
0.6296296296296295,0.006578947368421052,0.0,0.0072992700729927005,0.5,0.42857142857142855,0.5,1,0,1,0,0,1,0,0,0,1,1,0,28084
0.48148148148148145,0.0043859649122807015,0.3333333333333333,0.023983315954118876,0.0,0.42857142857142855,0.0,0,0,1,0,0,0,0,0,0,0,1,0,8676
0.5925925925925926,0.006578947368421052,0.3333333333333333,0.021897810218978103,1.0,0.42857142857142855,0.125,1,0,0,0,0,0,0,0,0,1,0,1,30323
0.20370370370370366,0.006578947368421052,0.3333333333333333,0.01772679874869656,1.0,0.5714285714285714,0.0,1,1,0,0,0,1,0,0,0,0,1,0,29846
0.6851851851851851,0.0043859649122807015,0.0,0.006256517205422314,0.5,0.35714285714285715,0.625,0,1,0,0,0,0,0,0,0,0,0,1,22745
0.055555555555555525,0.0,0.3333333333333333,0.023983315954118876,0.0,0.0,0.25,0,0,0,1,1,0,1,0,0,0,0,0,7685
0.49999999999999994,0.006578947368421052,0.0,0.0031282586027111575,0.0,0.5714285714285714,1.0,0,1,0,0,0,0,0,0,0,0,1,0,18549
0.16666666666666669,0.008771929824561403,0.0,0.0072992700729927005,0.0,0.42857142857142855,0.25,0,0,0,0,0,0,0,0,1,0,1,0,11030
0.4259259259259259,0.0043859649122807015,1.0,0.04692387904066737,1.0,0.5714285714285714,0.625,0,0,0,1,0,0,0,0,0,0,0,1,29005
0.5185185185185186,0.0021929824561403508,0.3333333333333333,0.023983315954118876,0.0,0.42857142857142855,0.125,0,1,0,0,1,1,0,0,0,1,0,1,18336
0.3518518518518518,0.006578947368421052,0.3333333333333333,0.01564129301355579,0.5,0.7857142857142857,0.5,0,0,1,0,0,1,0,0,1,0,1,0,26319
0.7407407407407407,0.010964912280701754,0.0,0.0072992700729927005,0.5,0.42857142857142855,0.625,0,0,0,0,0,0,1,0,0,0,1,0,24984
0.3518518518518518,0.0043859649122807015,0.0,0.0020855057351407717,0.0,0.0,0.625,0,1,0,0,0,0,0,0,0,1,1,0,14602
0.4074074074074074,0.010964912280701754,0.0,0.0010427528675703858,0.0,0.35714285714285715,0.125,1,1,0,0,0,0,0,0,0,1,1,0,12749
0.27777777777777773,0.006578947368421052,0.6666666666666667,0.03649635036496351,1.0,0.35714285714285715,0.5,0,0,1,0,0,0,0,0,0,0,1,0,24130
0.44444444444444436,0.0021929824561403508,0.3333333333333333,0.013555787278415015,0.5,0.35714285714285715,0.25,0,0,0,1,1,0,0,0,0,0,0,0,16965
0.7222222222222223,0.0043859649122807015,0.0,0.0031282586027111575,0.5,0.35714285714285715,0.25,0,1,0,0,0,0,1,0,0,0,1,0,21823
0.09259259259259262,0.0,0.6666666666666667,0.03858185610010428,0.5,0.0,0.25,0,1,0,0,1,0,0,0,0,0,0,0,9712
0.24074074074074076,0.008771929824561403,0.0,0.0010427528675703858,0.0,0.42857142857142855,0.5,1,0,1,0,0,1,0,0,0,1,1,0,18578
0.7592592592592593,0.0,0.6666666666666667,0.04066736183524505,1.0,0.42857142857142855,1.0,0,0,1,0,1,1,0,0,0,0,0,0,35149
0.7592592592592593,0.006578947368421052,0.0,0.004171011470281543,0.5,0.0,0.25,0,0,1,0,0,1,0,0,0,1,1,0,26165
0.6296296296296295,0.0021929824561403508,0.3333333333333333,0.023983315954118876,1.0,0.42857142857142855,0.25,1,0,1,0,1,0,1,0,1,0,1,0,30585
0.018518518518518545,0.0021929824561403508,0.0,0.006256517205422314,0.0,0.0,0.125,1,0,1,0,1,0,0,1,0,0,0,0,6542
0.7777777777777779,0.006578947368421052,0.6666666666666667,0.029197080291970805,1.0,0.35714285714285715,0.25,0,1,0,0,0,0,0,1,0,0,0,1,28845
0.1296296296296296,0.0021929824561403508,0.0,0.004171011470281543,1.0,0.0,0.25,0,0,0,1,1,1,0,0,0,0,1,0,16540
0.1111111111111111,0.006578947368421052,0.3333333333333333,0.01564129301355579,0.0,0.0,0.125,1,0,0,0,0,0,0,0,0,1,1,0,9132
0.3888888888888889,0.006578947368421052,0.0,0.0010427528675703858,0.0,0.42857142857142855,0.125,0,0,0,1,0,0,0,0,0,1,1,0,13999
0.2962962962962962,0.006578947368421052,0.3333333333333333,0.010427528675703858,0.5,0.7857142857142857,0.125,1,0,1,0,0,1,0,0,0,1,1,0,25226
0.1296296296296296,0.0021929824561403508,1.0,0.05318039624608968,0.5,0.0,0.5,0,0,0,1,1,0,0,1,0,0,0,0,11676
0.6666666666666667,0.0043859649122807015,0.0,0.006256517205422314,0.5,0.42857142857142855,0.625,1,1,0,0,0,0,1,0,0,1,0,1,27390
0.6666666666666667,0.006578947368421052,1.0,0.09280500521376434,1.0,0.0,0.25,0,0,1,0,0,1,0,0,1,0,0,0,30723
0.3148148148148148,0.0,1.0,0.08342022940563087,1.0,0.0,0.5,0,0,0,1,1,0,1,0,0,1,1,0,28717
0.27777777777777773,0.0043859649122807015,0.0,0.0020855057351407717,0.0,0.35714285714285715,0.625,0,0,1,0,1,0,1,0,0,1,1,0,17902
0.6296296296296295,0.006578947368421052,0.3333333333333333,0.01251303441084463,1.0,0.42857142857142855,0.25,0,1,0,0,0,0,1,0,1,0,0,1,30630
0.3518518518518518,0.010964912280701754,0.0,0.0031282586027111575,0.0,0.0,1.0,0,1,0,0,0,0,0,0,0,0,1,0,11480
0.07407407407407407,0.0043859649122807015,0.0,0.004171011470281543,0.0,0.0,0.625,0,0,0,0,0,0,0,0,0,0,1,0,8404
0.6296296296296295,0.010964912280701754,0.0,0.008342022940563087,0.5,0.8571428571428571,0.25,0,0,1,0,0,0,0,0,0,1,0,1,25156
0.0,0.0,1.0,0.09280500521376434,0.5,0.0,0.5,0,0,0,0,1,0,0,0,0,0,1,0,10776
0.1111111111111111,0.0043859649122807015,0.3333333333333333,0.014598540145985403,0.0,0.0,0.625,1,0,1,0,0,0,0,0,0,0,0,0,6645
0.46296296296296297,0.0021929824561403508,0.6666666666666667,0.03962460896767466,0.5,0.42857142857142855,0.25,0,1,0,0,1,0,1,0,0,1,0,1,21470
0.4259259259259259,0.0043859649122807015,0.3333333333333333,0.023983315954118876,0.5,0.42857142857142855,0.625,1,0,1,0,0,1,0,0,0,1,1,0,26322
0.6851851851851851,0.0,0.6666666666666667,0.03441084462982273,0.0,0.42857142857142855,0.25,1,0,0,0,1,0,1,0,0,0,0,1,14405
0.09259259259259262,0.0,0.0,0.0020855057351407717,0.0,0.42857142857142855,0.625,0,0,1,0,1,0,1,0,0,0,0,0,11949
0.09259259259259262,0.0,0.3333333333333333,0.016684045881126174,0.5,0.0,0.25,0,0,0,1,1,0,0,1,0,0,0,0,9149
0.8703703703703705,0.0,0.3333333333333333,0.013555787278415015,1.0,0.35714285714285715,0.0,1,1,0,0,1,0,0,1,0,0,0,1,33449
0.27777777777777773,0.006578947368421052,0.3333333333333333,0.021897810218978103,0.5,0.0,0.25,1,0,1,0,0,1,0,0,0,1,1,0,22197
0.46296296296296297,0.006578947368421052,0.3333333333333333,0.011470281543274244,1.0,0.42857142857142855,0.125,0,0,0,0,0,0,1,0,0,0,1,0,24852
0.1111111111111111,0.006578947368421052,0.6666666666666667,0.03128258602711158,0.0,0.0,0.5,1,0,0,1,0,0,0,0,0,0,1,0,7364
0.44444444444444436,0.0043859649122807015,1.0,0.05526590198123045,1.0,0.42857142857142855,0.625,0,0,1,0,0,0,1,0,1,0,1,0,28291
0.16666666666666669,0.5043859649122807,0.3333333333333333,0.02085505735140772,0.5,0.0,0.25,0,1,0,0,1,0,0,0,0,0,0,1,14377
0.18518518518518517,0.008771929824561403,0.6666666666666667,0.03649635036496351,0.5,1.0,0.125,0,0,0,1,0,0,0,0,1,0,0,1,21372
0.3148148148148148,0.006578947368421052,0.6666666666666667,0.03962460896767466,0.5,0.35714285714285715,0.25,1,0,1,0,0,0,0,0,0,1,0,0,21043
0.018518518518518545,0.0,1.0,0.10218978102189781,1.0,0.0,0.25,1,0,0,1,1,0,0,1,0,0,0,0,14348
0.055555555555555525,0.006578947368421052,0.0,0.008342022940563087,0.5,0.0,0.625,0,0,0,0,0,0,1,0,1,0,1,0,14016
0.6481481481481481,0.0043859649122807015,0.0,0.0031282586027111575,0.5,0.35714285714285715,0.25,0,0,0,0,0,0,0,1,0,0,1,0,20785
0.4074074074074074,0.0,0.0,0.006256517205422314,0.0,0.42857142857142855,0.625,0,0,0,1,1,0,1,0,0,0,1,0,14216
0.09259259259259262,0.0,0.3333333333333333,0.01772679874869656,0.0,0.0,0.0,0,1,0,0,1,0,0,0,0,0,0,0,3730
0.27777777777777773,0.006578947368421052,0.0,0.004171011470281543,0.0,0.0,0.25,1,0,0,0,0,0,0,0,0,1,1,0,11586
0.055555555555555525,0.0021929824561403508,0.0,0.006256517205422314,0.0,0.0,0.125,0,0,1,0,1,0,1,0,0,0,0,0,7158
0.1111111111111111,0.0021929824561403508,0.6666666666666667,0.03962460896767466,0.0,0.0,0.25,1,0,0,0,1,0,0,0,0,1,0,0,7920
0.7037037037037037,0.008771929824561403,1.0,0.08654848800834203,1.0,0.42857142857142855,0.5,0,0,1,0,0,1,0,0,0,0,1,0,34152
0.09259259259259262,0.0021929824561403508,0.0,0.004171011470281543,0.5,0.35714285714285715,0.125,0,0,0,1,1,0,0,0,0,0,1,0,9694
0.0,0.0021929824561403508,0.0,0.0,0.0,0.0,0.625,0,0,1,0,1,0,0,0,1,0,0,0,9515
0.8703703703703705,0.0021929824561403508,1.0,0.08133472367049009,0.5,0.35714285714285715,0.25,1,0,1,0,0,1,0,0,1,0,0,1,28525
0.1296296296296296,0.0,0.3333333333333333,0.02502606882168926,0.0,0.0,0.125,0,0,0,1,1,1,0,0,0,1,0,0,12946
0.7592592592592593,0.008771929824561403,0.3333333333333333,0.021897810218978103,1.0,0.7857142857142857,0.625,1,0,1,0,0,1,0,0,1,0,1,0,37941
0.25925925925925924,0.0,0.3333333333333333,0.019812304483837334,0.5,0.0,1.0,1,0,0,0,1,0,1,0,0,1,1,0,24597
0.7777777777777779,0.0043859649122807015,0.3333333333333333,0.02502606882168926,1.0,0.42857142857142855,0.5,1,0,1,0,0,0,1,0,0,0,0,1,32494
0.3148148148148148,0.0,0.3333333333333333,0.019812304483837334,0.5,0.0,0.625,1,0,1,0,1,0,0,0,0,1,1,0,21054
0.27777777777777773,0.006578947368421052,1.0,0.04692387904066737,1.0,0.42857142857142855,0.625,1,0,0,1,0,0,0,0,0,0,1,0,25110
0.037037037037037035,0.0,0.0,0.008342022940563087,0.0,0.0,0.25,0,0,0,0,1,0,0,0,0,0,1,0,6234
0.6481481481481481,0.006578947368421052,0.0,0.008342022940563087,0.5,0.35714285714285715,0.25,0,0,0,1,0,0,0,1,0,0,0,1,20140
0.5555555555555556,0.010964912280701754,1.0,0.09280500521376434,0.0,0.8571428571428571,0.25,0,0,1,0,0,0,0,1,0,0,0,0,14810
0.7592592592592593,0.006578947368421052,0.0,0.0,1.0,0.42857142857142855,0.125,0,0,0,1,0,0,0,0,0,0,0,1,28050
0.6111111111111112,0.0043859649122807015,0.6666666666666667,0.03128258602711158,1.0,0.0,0.25,0,1,0,0,0,0,0,0,0,0,0,0,26154
0.46296296296296297,0.006578947368421052,0.6666666666666667,0.03962460896767466,0.5,0.42857142857142855,0.625,1,0,0,1,0,1,0,0,0,1,1,0,25475
0.7592592592592593,0.008771929824561403,0.3333333333333333,0.011470281543274244,1.0,0.5714285714285714,0.125,1,1,0,0,0,1,0,0,0,1,1,0,37849
0.6666666666666667,0.0043859649122807015,0.3333333333333333,0.01251303441084463,1.0,0.0,0.5,0,1,0,0,0,0,0,0,0,0,1,0,27267
0.4074074074074074,0.0043859649122807015,0.6666666666666667,0.03649635036496351,1.0,0.42857142857142855,0.25,1,1,0,0,1,1,0,0,0,1,0,1,30414
0.018518518518518545,0.0,1.0,0.04483837330552659,0.5,0.0,0.625,1,1,0,0,1,0,0,0,0,0,0,1,10325
0.6111111111111112,0.006578947368421052,0.3333333333333333,0.016684045881126174,1.0,0.0,0.625,0,0,0,0,0,0,1,0,0,0,0,1,30805
0.3518518518518518,0.0,1.0,0.06569343065693431,0.0,1.0,0.125,1,0,1,0,1,1,0,0,0,0,0,1,18099
0.055555555555555525,0.0,1.0,0.059436913451511995,0.5,0.0,0.25,0,0,0,1,1,0,1,0,0,0,0,0,11757
0.46296296296296297,0.0021929824561403508,0.0,0.0020855057351407717,0.0,0.5714285714285714,0.5,0,0,0,1,1,0,1,0,0,1,1,0,21742
0.9259259259259258,0.0021929824561403508,0.0,0.0020855057351407717,0.5,1.0,0.25,0,1,0,0,0,0,0,0,0,0,0,1,28529
0.27777777777777773,0.0043859649122807015,0.0,0.008342022940563087,0.5,1.0,0.625,0,0,0,1,0,0,0,0,0,1,1,0,26233
0.9444444444444444,0.0021929824561403508,0.0,0.00521376433785193,0.5,0.42857142857142855,0.0,0,0,0,0,0,0,1,0,0,0,0,1,24851
0.49999999999999994,0.006578947368421052,0.6666666666666667,0.03232533889468196,0.5,0.42857142857142855,0.25,0,0,1,0,0,0,0,0,0,1,1,0,19611
0.07407407407407407,0.0,1.0,0.04275286757038582,0.5,0.0,0.25,1,0,1,0,1,0,1,0,0,0,1,0,11753
0.537037037037037,0.0043859649122807015,0.3333333333333333,0.013555787278415015,1.0,0.5714285714285714,0.625,0,1,0,0,0,1,0,0,0,0,1,0,38314
0.6666666666666667,0.0043859649122807015,0.0,0.0072992700729927005,0.5,0.0,0.25,0,0,0,1,0,0,1,0,0,1,0,1,22676
0.48148148148148145,0.0043859649122807015,0.0,0.004171011470281543,0.0,0.0,0.625,0,1,0,0,1,0,0,0,1,0,1,0,11535
0.07407407407407407,0.0,0.0,0.0,0.0,0.0,0.25,1,0,0,1,1,0,0,0,0,0,1,0,4931
0.7407407407407407,0.0043859649122807015,0.6666666666666667,0.03336809176225235,1.0,0.42857142857142855,0.125,1,1,0,0,0,1,0,0,1,0,0,1,32780
0.6296296296296295,0.0,0.6666666666666667,0.03649635036496351,1.0,0.0,0.5,0,0,0,1,1,0,1,0,0,0,0,1,29834
0.22222222222222227,0.008771929824561403,0.3333333333333333,0.02085505735140772,0.0,0.42857142857142855,0.125,0,0,0,1,0,0,0,0,0,1,0,1,13703
0.0,0.0021929824561403508,0.6666666666666667,0.03128258602711158,0.0,0.0,0.0,1,0,0,1,1,0,1,0,0,0,0,1,6992
0.6851851851851851,0.006578947368421052,0.3333333333333333,0.02502606882168926,1.0,0.42857142857142855,0.625,1,1,0,0,0,0,1,0,1,0,1,0,34028
0.055555555555555525,0.0043859649122807015,0.6666666666666667,0.03545359749739312,0.0,0.0,0.125,1,0,0,0,0,0,1,0,0,1,0,0,9888
0.48148148148148145,0.0,0.0,0.004171011470281543,1.0,0.0,0.25,1,0,0,1,1,1,0,0,0,0,0,1,24805
0.3148148148148148,0.0,0.0,0.0072992700729927005,0.5,0.0,0.625,0,0,1,0,1,0,1,0,0,1,1,0,21237
0.09259259259259262,0.0021929824561403508,0.0,0.0010427528675703858,1.0,0.0,0.25,0,0,0,1,1,0,0,0,0,0,1,0,12421
0.3148148148148148,0.006578947368421052,0.0,0.008342022940563087,0.5,0.42857142857142855,0.25,0,0,0,1,0,1,0,0,1,0,1,0,21680
0.6851851851851851,0.008771929824561403,0.0,0.006256517205422314,0.0,0.42857142857142855,0.25,0,0,1,0,0,0,0,0,1,0,0,1,13542
0.14814814814814814,0.010964912280701754,1.0,0.04171011470281544,0.5,0.42857142857142855,0.25,0,0,0,1,0,0,0,1,0,0,0,1,17865
0.09259259259259262,0.006578947368421052,0.3333333333333333,0.018769551616266946,0.5,0.0,0.5,1,0,1,0,0,0,0,1,0,0,0,0,10743
0.7777777777777779,0.0043859649122807015,0.0,0.004171011470281543,0.5,0.42857142857142855,0.625,0,0,0,1,0,0,0,0,0,0,0,0,22883
0.46296296296296297,0.008771929824561403,0.6666666666666667,0.027111574556830033,0.5,0.5714285714285714,0.625,1,0,1,0,0,1,0,0,0,0,0,1,26766
0.8888888888888888,0.0021929824561403508,0.6666666666666667,0.03753910323253389,1.0,0.42857142857142855,0.25,0,1,0,0,0,0,0,0,0,0,1,0,35062
0.574074074074074,0.006578947368421052,0.0,0.0010427528675703858,0.5,0.35714285714285715,0.625,0,0,0,0,0,1,0,0,0,0,1,0,25209
0.055555555555555525,0.0021929824561403508,0.3333333333333333,0.01772679874869656,0.0,0.0,0.125,0,0,1,0,1,0,0,0,0,0,0,0,5034
0.3888888888888889,0.008771929824561403,0.3333333333333333,0.016684045881126174,0.5,1.0,0.25,1,0,1,0,0,1,0,0,0,1,0,1,29131
0.7222222222222223,0.008771929824561403,0.3333333333333333,0.02085505735140772,1.0,0.42857142857142855,0.625,0,0,0,1,0,0,1,0,0,0,0,1,31611
0.3333333333333333,0.006578947368421052,0.0,0.0072992700729927005,0.0,0.5714285714285714,0.0,0,1,0,0,0,0,1,0,0,1,1,0,17900
0.07407407407407407,0.0,0.0,0.006256517205422314,0.0,0.42857142857142855,0.625,0,0,1,0,1,0,0,0,0,1,0,0,13104
0.6666666666666667,0.008771929824561403,0.0,0.0,0.5,0.5714285714285714,0.625,0,0,0,1,0,1,0,0,0,0,1,0,29695
0.46296296296296297,0.010964912280701754,0.0,0.0031282586027111575,1.0,0.0,0.625,0,0,0,0,0,0,1,0,0,0,1,0,24932
0.7407407407407407,0.0043859649122807015,1.0,0.10218978102189781,1.0,0.42857142857142855,1.0,0,0,1,0,0,1,0,0,0,0,0,1,36416
0.07407407407407407,0.0,0.3333333333333333,0.013555787278415015,0.0,0.0,0.125,0,0,0,0,1,0,0,0,0,0,0,0,5976
0.44444444444444436,0.006578947368421052,0.3333333333333333,0.016684045881126174,0.5,0.0,0.125,1,0,1,0,0,0,1,0,0,1,1,0,19964
0.3518518518518518,0.0,0.3333333333333333,0.011470281543274244,0.5,0.0,0.25,1,1,0,0,1,0,1,0,0,1,1,0,20324
0.1111111111111111,0.0,0.3333333333333333,0.019812304483837334,0.0,0.0,0.25,1,0,0,1,1,0,0,1,0,1,0,0,9087
0.1111111111111111,0.0,0.0,0.0031282586027111575,0.0,0.0,0.125,0,0,1,0,1,0,0,1,0,0,1,0,4874
0.2962962962962962,0.010964912280701754,0.3333333333333333,0.01564129301355579,0.5,0.42857142857142855,0.125,0,0,0,0,0,1,0,0,0,0,0,0,20622
0.1111111111111111,0.0021929824561403508,0.0,0.006256517205422314,0.0,0.0,0.625,1,1,0,0,1,0,0,0,0,0,1,0,7454
0.1296296296296296,0.0021929824561403508,0.0,0.0020855057351407717,0.0,0.0,0.625,1,0,1,0,1,0,0,0,0,0,0,0,7642
0.0,0.0,0.0,0.0010427528675703858,0.0,0.0,0.25,0,0,1,0,1,0,0,1,0,0,1,0,5401
0.7592592592592593,0.008771929824561403,0.6666666666666667,0.03128258602711158,0.5,0.42857142857142855,0.25,1,0,1,0,0,1,0,0,0,1,0,1,27659
0.055555555555555525,0.0021929824561403508,1.0,0.10114702815432743,0.5,0.0,0.625,0,1,0,0,1,0,0,0,0,0,1,0,11406
0.574074074074074,0.008771929824561403,0.3333333333333333,0.01564129301355579,1.0,0.0,0.125,0,0,1,0,0,0,0,0,0,1,0,1,28201
0.27777777777777773,0.0043859649122807015,1.0,0.05735140771637122,1.0,0.42857142857142855,0.25,0,0,0,1,0,0,0,0,0,1,1,0,26591
0.4074074074074074,0.008771929824561403,0.3333333333333333,0.010427528675703858,0.5,0.0,0.25,1,0,1,0,0,0,0,0,0,1,0,1,18818
0.1296296296296296,0.0043859649122807015,0.6666666666666667,0.03128258602711158,0.0,0.0,0.25,0,0,1,0,1,0,0,0,0,0,1,0,5468
0.46296296296296297,0.008771929824561403,1.0,0.08967674661105318,1.0,0.35714285714285715,0.5,0,0,1,0,0,0,1,0,0,1,0,0,30730
0.44444444444444436,0.0043859649122807015,0.0,0.008342022940563087,0.0,0.42857142857142855,0.125,1,0,0,0,0,1,0,0,0,1,0,0,17015
0.018518518518518545,0.0,0.0,0.006256517205422314,0.0,0.42857142857142855,0.125,0,0,1,0,1,0,0,0,0,1,1,0,10395
0.07407407407407407,0.0043859649122807015,0.0,0.0072992700729927005,0.0,0.0,0.25,0,0,0,0,1,0,0,0,0,0,1,0,6276
0.3888888888888889,0.008771929824561403,1.0,0.1032325338894682,1.0,0.42857142857142855,0.125,0,0,1,0,0,0,0,0,0,0,1,0,22914
0.1111111111111111,0.0,0.0,0.00521376433785193,0.0,0.0,0.625,1,0,1,0,1,1,0,0,1,0,0,0,12029
0.22222222222222227,0.006578947368421052,0.0,0.0,0.0,1.0,0.25,0,0,1,0,0,1,0,0,0,0,1,0,19775
0.6666666666666667,0.006578947368421052,0.3333333333333333,0.010427528675703858,0.0,0.42857142857142855,0.25,0,0,0,1,0,0,1,0,0,0,0,1,13778
0.6481481481481481,0.0043859649122807015,1.0,0.0521376433785193,1.0,0.42857142857142855,0.125,1,1,0,0,0,0,1,0,0,1,1,0,31989
0.4074074074074074,0.0043859649122807015,0.3333333333333333,0.019812304483837334,0.5,0.8571428571428571,0.25,1,0,0,0,1,1,0,0,1,0,1,0,24786
0.07407407407407407,0.0043859649122807015,0.0,0.004171011470281543,0.5,0.0,0.25,0,0,1,0,1,0,0,1,0,0,1,0,9219
0.018518518518518545,0.0,0.6666666666666667,0.02606882168925965,0.0,0.0,0.25,1,0,0,0,1,0,0,0,0,1,0,0,8224
0.6481481481481481,0.010964912280701754,0.0,0.0010427528675703858,0.0,0.42857142857142855,0.625,1,0,0,1,0,1,0,0,1,0,1,0,19077
0.055555555555555525,0.0,0.6666666666666667,0.03649635036496351,0.0,0.0,0.625,0,0,1,0,1,0,0,0,0,0,0,1,7857
0.20370370370370366,0.006578947368421052,0.3333333333333333,0.02085505735140772,0.5,0.42857142857142855,0.625,0,0,0,1,0,0,0,0,0,0,1,0,18418
0.1296296296296296,0.0021929824561403508,0.6666666666666667,0.02502606882168926,0.0,0.0,0.5,1,1,0,0,1,0,1,0,0,1,0,0,12814
0.7592592592592593,0.010964912280701754,1.0,0.08029197080291971,1.0,0.42857142857142855,0.625,1,1,0,0,0,0,1,0,0,1,0,1,34389
0.6666666666666667,0.006578947368421052,0.6666666666666667,0.03649635036496351,1.0,0.8571428571428571,0.5,1,1,0,0,0,0,0,0,0,1,0,1,35448
0.07407407407407407,0.0,1.0,0.07299270072992702,0.5,0.0,0.625,0,0,1,0,1,0,0,1,0,0,0,0,12082
0.25925925925925924,0.0,0.0,0.006256517205422314,0.0,0.42857142857142855,0.625,0,1,0,0,1,0,1,0,0,0,0,0,15412
0.18518518518518517,0.0,0.0,0.0010427528675703858,0.0,0.7857142857142857,0.25,0,1,0,0,1,0,1,0,0,1,0,1,18790
0.7777777777777779,0.006578947368421052,1.0,0.06047966631908238,0.5,0.5714285714285714,0.625,0,0,1,0,0,0,0,0,0,0,0,1,25704
0.037037037037037035,0.0043859649122807015,1.0,0.05005213764337852,0.5,0.0,0.25,1,1,0,0,1,0,1,0,0,0,0,0,11515
0.7037037037037037,0.006578947368421052,0.0,0.0020855057351407717,1.0,0.42857142857142855,0.5,1,0,0,0,0,0,1,0,1,0,1,0,32696
0.5555555555555556,0.006578947368421052,0.0,0.008342022940563087,0.5,0.7857142857142857,0.125,0,0,0,0,0,0,0,0,0,0,0,1,21218
0.1111111111111111,0.0,0.3333333333333333,0.018769551616266946,0.0,0.0,0.125,1,1,0,0,1,0,0,0,0,0,1,0,4971
0.49999999999999994,0.0,1.0,0.05005213764337852,1.0,0.42857142857142855,0.5,1,0,1,0,1,0,1,0,0,0,0,0,27217
0.1111111111111111,0.0,0.0,0.0010427528675703858,0.0,0.0,0.125,0,1,0,0,1,0,0,0,0,0,0,0,5538
0.48148148148148145,0.008771929824561403,0.6666666666666667,0.02502606882168926,0.5,0.42857142857142855,1.0,1,0,0,1,0,0,1,0,0,1,0,0,26232
0.7592592592592593,0.0,0.3333333333333333,0.011470281543274244,0.5,1.0,0.125,1,1,0,0,1,0,1,0,0,0,1,0,25491
0.18518518518518517,0.006578947368421052,0.6666666666666667,0.02606882168925965,0.5,0.42857142857142855,0.625,0,0,0,1,0,0,0,0,0,0,0,0,19542
0.27777777777777773,0.006578947368421052,0.0,0.00521376433785193,0.0,1.0,0.25,1,1,0,0,0,1,0,0,0,1,1,0,21922
0.7037037037037037,0.008771929824561403,0.0,0.0020855057351407717,0.5,0.42857142857142855,0.5,0,0,0,1,0,0,0,0,0,0,1,0,20587
0.5555555555555556,0.0043859649122807015,0.6666666666666667,0.02606882168925965,1.0,0.42857142857142855,0.125,0,0,0,1,0,0,1,0,0,0,1,0,29353
0.6111111111111112,0.0043859649122807015,0.6666666666666667,0.030239833159541193,0.5,0.7857142857142857,1.0,1,1,0,0,0,1,0,0,0,1,0,1,32395
0.537037037037037,0.0021929824561403508,0.6666666666666667,0.030239833159541193,0.5,0.42857142857142855,0.125,1,1,0,0,1,1,0,0,0,0,0,1,23266
0.5185185185185186,0.0043859649122807015,0.0,0.004171011470281543,0.5,0.42857142857142855,0.625,1,0,0,0,0,0,0,1,1,0,0,1,23901
0.1296296296296296,0.0,0.6666666666666667,0.028154327424400417,0.5,0.0,0.0,1,0,0,1,1,0,0,1,0,0,0,0,8651
0.5925925925925926,0.0043859649122807015,0.0,0.006256517205422314,0.5,0.42857142857142855,0.5,0,0,1,0,0,0,0,0,0,0,1,0,22324
0.09259259259259262,0.0021929824561403508,0.0,0.00521376433785193,0.0,0.0,1.0,0,1,0,0,1,0,0,0,0,0,1,0,8518
0.09259259259259262,0.0,1.0,0.10114702815432743,0.5,0.0,0.25,1,0,0,0,1,0,0,1,0,1,0,0,13509
0.16666666666666669,0.006578947368421052,1.0,0.056308654848800835,1.0,0.42857142857142855,0.25,1,0,1,0,0,1,0,0,0,1,1,0,30708
0.5185185185185186,0.006578947368421052,0.3333333333333333,0.023983315954118876,1.0,0.5714285714285714,0.625,1,0,0,0,0,0,0,0,0,0,0,1,34003
0.018518518518518545,0.0,0.0,0.008342022940563087,1.0,0.8571428571428571,0.625,1,0,0,1,1,0,1,0,0,0,0,0,19998
0.24074074074074076,0.0043859649122807015,1.0,0.10010427528675704,1.0,0.0,0.125,0,0,0,1,0,0,0,0,0,0,0,1,21216
0.0,0.0043859649122807015,0.0,0.008342022940563087,0.0,0.42857142857142855,0.625,0,0,0,0,1,0,0,0,0,0,1,0,8821
0.2962962962962962,0.008771929824561403,0.3333333333333333,0.02502606882168926,0.5,0.7857142857142857,0.25,1,0,1,0,0,0,0,0,1,0,1,0,20885
0.7037037037037037,0.008771929824561403,0.3333333333333333,0.016684045881126174,1.0,0.42857142857142855,0.125,0,1,0,0,0,0,0,0,0,0,1,0,27076
0.5555555555555556,0.0043859649122807015,0.3333333333333333,0.018769551616266946,1.0,0.0,1.0,1,0,0,0,0,0,0,0,0,1,0,1,33506
0.574074074074074,0.006578947368421052,0.3333333333333333,0.01564129301355579,1.0,0.35714285714285715,0.25,0,0,1,0,0,0,1,0,0,0,1,0,29529
0.7592592592592593,0.006578947368421052,0.0,0.004171011470281543,0.5,0.42857142857142855,0.125,0,0,0,1,0,0,0,0,0,0,0,1,20475
0.1111111111111111,0.0021929824561403508,0.6666666666666667,0.03545359749739312,0.0,0.42857142857142855,0.625,0,0,1,0,1,0,0,0,0,1,0,1,12779
0.3518518518518518,0.006578947368421052,0.0,0.004171011470281543,0.0,0.5714285714285714,0.5,0,0,0,1,0,0,1,0,0,0,1,0,18480
0.14814814814814814,0.006578947368421052,0.6666666666666667,0.027111574556830033,0.5,0.0,0.625,0,1,0,0,0,0,1,0,0,0,1,0,18608
0.18518518518518517,0.0043859649122807015,0.6666666666666667,0.028154327424400417,0.5,0.42857142857142855,1.0,1,0,0,0,0,0,0,0,0,1,0,0,23824
0.7777777777777779,0.006578947368421052,0.6666666666666667,0.03649635036496351,0.5,0.42857142857142855,0.625,0,1,0,0,0,1,0,0,0,0,0,1,25276
0.6851851851851851,0.008771929824561403,0.3333333333333333,0.01564129301355579,1.0,1.0,0.5,1,0,0,1,0,0,1,0,0,1,1,0,39247
0.18518518518518517,0.0021929824561403508,0.3333333333333333,0.021897810218978103,1.0,0.0,0.25,1,0,0,1,1,0,0,1,0,1,1,0,26202
0.5555555555555556,0.0,0.0,0.0010427528675703858,0.5,0.35714285714285715,0.25,0,0,0,1,1,1,0,0,0,0,1,0,24849
0.3888888888888889,0.008771929824561403,0.0,0.00521376433785193,0.0,0.42857142857142855,0.625,0,1,0,0,0,0,0,0,0,0,1,0,13294
0.48148148148148145,0.006578947368421052,0.0,0.0010427528675703858,0.0,0.35714285714285715,0.25,0,1,0,0,0,0,0,0,0,1,1,0,14760
0.09259259259259262,0.0021929824561403508,0.6666666666666667,0.03962460896767466,0.0,0.42857142857142855,0.25,1,0,0,1,1,0,0,0,0,0,0,0,8148
0.14814814814814814,0.0,0.3333333333333333,0.021897810218978103,0.5,0.0,0.125,1,0,0,1,1,0,1,0,0,0,0,0,16567
0.6851851851851851,0.006578947368421052,1.0,0.04066736183524505,0.5,1.0,0.25,1,0,0,1,0,0,0,1,0,0,0,1,24342
0.7777777777777779,0.006578947368421052,0.6666666666666667,0.03336809176225235,1.0,0.7857142857142857,0.625,1,0,0,0,0,0,0,1,0,1,0,1,34737
0.48148148148148145,0.0,0.0,0.0031282586027111575,1.0,0.42857142857142855,0.25,0,1,0,0,1,0,0,0,0,0,1,0,23099
0.1296296296296296,0.0043859649122807015,0.6666666666666667,0.028154327424400417,0.0,0.0,0.125,1,0,0,1,1,0,0,0,0,1,0,0,7651
0.037037037037037035,0.0021929824561403508,1.0,0.08759124087591241,0.5,0.0,1.0,1,0,1,0,1,0,1,0,0,0,0,0,14145
0.6111111111111112,0.0043859649122807015,0.0,0.0,0.5,0.35714285714285715,0.5,1,0,0,1,0,0,0,0,0,0,1,0,21304
0.4259259259259259,0.006578947368421052,0.0,0.0,0.0,0.42857142857142855,0.625,1,0,0,1,0,0,1,0,0,1,0,0,16970
0.018518518518518545,0.0,0.3333333333333333,0.019812304483837334,0.0,0.0,0.625,1,0,1,0,1,0,0,1,0,1,0,1,10663
0.037037037037037035,0.0,0.0,0.0072992700729927005,0.0,0.0,0.125,0,0,0,1,1,0,0,0,0,1,0,0,9028
1.0,0.0021929824561403508,0.0,0.006256517205422314,0.0,0.42857142857142855,0.125,1,0,0,1,0,0,0,1,0,0,0,1,14701
0.4259259259259259,0.0,0.0,0.00521376433785193,0.5,0.42857142857142855,1.0,0,0,1,0,1,0,0,0,1,0,1,0,22881
0.46296296296296297,0.0,0.0,0.0072992700729927005,1.0,0.35714285714285715,0.625,0,1,0,0,1,0,0,0,0,0,0,0,26611
0.537037037037037,0.0,0.0,0.0072992700729927005,0.5,0.42857142857142855,0.625,0,1,0,0,1,1,0,0,1,0,1,0,26909
0.018518518518518545,0.0,0.0,0.0020855057351407717,0.0,0.0,0.625,0,0,1,0,1,0,0,0,0,0,1,0,7881
0.5925925925925926,0.006578947368421052,0.6666666666666667,0.03128258602711158,0.5,0.42857142857142855,0.125,0,0,0,1,0,0,0,0,0,0,0,1,20335
0.18518518518518517,0.006578947368421052,0.3333333333333333,0.01564129301355579,0.5,0.42857142857142855,0.125,1,0,0,0,0,0,1,0,0,0,1,0,19326
0.16666666666666669,0.008771929824561403,0.6666666666666667,0.03128258602711158,0.5,0.42857142857142855,0.625,0,0,0,1,0,0,0,0,0,0,0,0,19821
0.3333333333333333,0.006578947368421052,0.3333333333333333,0.009384775808133473,0.5,0.7857142857142857,0.625,1,0,1,0,0,0,0,0,0,1,0,1,24874
0.14814814814814814,0.0021929824561403508,0.0,0.0020855057351407717,0.5,0.42857142857142855,0.625,1,0,0,0,1,0,0,0,0,1,1,0,22219
0.7777777777777779,0.006578947368421052,0.6666666666666667,0.03232533889468196,1.0,0.35714285714285715,0.25,0,0,1,0,0,0,0,0,0,0,0,1,28737
0.1296296296296296,0.0,1.0,0.1032325338894682,0.5,0.0,0.25,0,0,0,0,1,0,0,0,0,1,1,0,11972
0.7407407407407407,0.006578947368421052,0.3333333333333333,0.010427528675703858,1.0,0.35714285714285715,0.625,1,0,0,1,0,0,1,0,0,1,0,0,35434
0.48148148148148145,0.008771929824561403,0.6666666666666667,0.02606882168925965,0.0,0.42857142857142855,1.0,1,0,1,0,0,1,0,0,0,0,1,0,18582
0.4074074074074074,0.0,0.6666666666666667,0.03128258602711158,0.5,0.42857142857142855,0.125,1,1,0,0,1,1,0,0,0,0,0,0,21390
0.6851851851851851,0.0,0.3333333333333333,0.014598540145985403,0.0,0.35714285714285715,0.5,1,0,1,0,1,1,0,0,1,0,1,0,18761
0.055555555555555525,0.006578947368421052,0.6666666666666667,0.03753910323253389,0.0,0.0,0.625,1,0,0,0,0,0,0,0,0,0,1,0,7081
0.18518518518518517,0.006578947368421052,0.0,0.0010427528675703858,0.0,0.8571428571428571,0.625,1,0,0,0,0,0,0,0,0,0,1,0,15328
0.6851851851851851,0.0,1.0,0.05318039624608968,0.5,0.42857142857142855,0.125,1,1,0,0,1,0,1,0,0,1,0,1,25464
0.1111111111111111,0.0,0.3333333333333333,0.02294056308654849,0.0,0.0,0.25,1,1,0,0,1,0,0,0,1,0,0,0,7416
0.3333333333333333,0.0043859649122807015,0.0,0.0031282586027111575,1.0,0.0,0.125,0,1,0,0,0,0,0,1,1,0,1,0,23139
0.07407407407407407,0.0043859649122807015,0.0,0.006256517205422314,0.0,0.0,0.25,1,0,0,1,1,0,0,0,0,1,1,0,9178
0.6296296296296295,0.0021929824561403508,0.6666666666666667,0.03753910323253389,1.0,0.0,0.125,1,1,0,0,1,0,1,0,0,1,1,0,31092
0.3888888888888889,0.006578947368421052,0.3333333333333333,0.014598540145985403,0.5,0.42857142857142855,0.625,1,1,0,0,0,0,0,1,0,1,0,0,22646
0.1296296296296296,0.0021929824561403508,0.6666666666666667,0.030239833159541193,0.5,0.0,0.25,0,0,0,0,1,0,0,1,0,0,0,1,8934
0.5185185185185186,0.0043859649122807015,0.6666666666666667,0.027111574556830033,1.0,0.7857142857142857,0.625,0,1,0,0,0,0,0,0,0,1,0,1,35518
0.3703703703703704,0.006578947368421052,0.0,0.00521376433785193,0.0,0.35714285714285715,0.25,1,0,1,0,0,0,1,0,0,1,1,0,15688
0.537037037037037,0.0043859649122807015,1.0,0.0959332638164755,1.0,0.42857142857142855,0.625,1,0,0,1,1,0,1,0,0,1,0,1,35206
0.6481481481481481,0.010964912280701754,0.6666666666666667,0.03962460896767466,0.5,0.42857142857142855,0.125,1,1,0,0,0,0,1,0,0,0,0,1,22404
0.6296296296296295,0.0043859649122807015,1.0,0.09801876955161627,1.0,0.42857142857142855,0.625,1,1,0,0,0,0,0,0,0,0,0,1,29526
0.1111111111111111,0.0,0.0,0.0010427528675703858,0.0,0.0,0.125,1,1,0,0,1,0,0,0,0,0,0,0,4764
0.055555555555555525,0.0043859649122807015,0.3333333333333333,0.019812304483837334,0.0,0.0,0.125,0,0,0,1,0,0,0,1,0,0,1,0,5088
0.7777777777777779,0.010964912280701754,0.0,0.00521376433785193,0.5,0.8571428571428571,0.125,0,0,0,0,0,0,0,1,0,0,1,0,21511
0.1111111111111111,0.0,0.6666666666666667,0.03232533889468196,0.0,0.0,0.25,0,0,1,0,1,0,0,1,0,0,0,0,5431
0.6481481481481481,0.008771929824561403,1.0,0.049009384775808136,1.0,0.5714285714285714,0.25,0,0,1,0,0,0,0,0,0,0,0,1,32848
1.0,0.0043859649122807015,0.6666666666666667,0.03545359749739312,1.0,0.42857142857142855,0.25,0,0,1,0,0,0,0,0,0,0,0,1,34458
0.6666666666666667,0.008771929824561403,0.0,0.006256517205422314,0.5,0.0,0.125,0,0,1,0,0,1,0,0,0,0,1,0,22559
0.0,0.0043859649122807015,0.0,0.0,0.0,0.0,1.0,1,0,0,0,1,0,1,0,0,0,1,0,12304
0.018518518518518545,0.006578947368421052,0.0,0.0010427528675703858,0.0,0.0,0.5,0,0,0,1,0,1,0,0,0,0,0,0,11247
0.2962962962962962,0.006578947368421052,0.3333333333333333,0.01251303441084463,0.5,0.5714285714285714,0.0,0,0,1,0,0,0,0,0,0,0,1,0,21031
0.962962962962963,0.0043859649122807015,0.0,0.008342022940563087,0.5,0.7857142857142857,0.125,0,1,0,0,0,0,0,0,0,0,0,1,25251
0.0,0.0,0.6666666666666667,0.028154327424400417,0.0,1.0,0.25,1,1,0,0,1,0,0,1,0,0,0,0,11351
0.037037037037037035,0.0,0.3333333333333333,0.016684045881126174,0.0,0.0,0.25,0,0,0,1,1,0,0,0,0,0,0,0,5753
0.09259259259259262,0.0,0.0,0.0031282586027111575,0.0,0.0,0.25,0,0,0,0,1,0,1,0,0,1,1,0,10519
0.055555555555555525,0.0043859649122807015,0.0,0.0072992700729927005,0.0,0.0,0.5,1,0,0,0,1,0,0,0,0,0,0,0,6669
0.44444444444444436,0.0021929824561403508,0.3333333333333333,0.014598540145985403,1.0,0.0,0.0,1,0,0,1,1,1,0,0,0,1,1,0,27661
0.4259259259259259,0.008771929824561403,0.3333333333333333,0.01251303441084463,1.0,0.8571428571428571,0.5,1,0,0,1,0,0,0,0,0,1,0,1,29126
0.5185185185185186,0.006578947368421052,0.0,0.004171011470281543,0.0,0.35714285714285715,0.125,1,0,1,0,0,0,1,0,0,1,0,0,17483
0.018518518518518545,0.0,0.0,0.004171011470281543,1.0,0.0,0.25,1,0,0,1,1,0,0,0,0,0,0,0,13356
0.24074074074074076,0.008771929824561403,0.0,0.006256517205422314,0.0,0.7857142857142857,0.0,0,0,0,1,0,0,0,0,1,0,1,0,12943
0.1111111111111111,0.0,0.6666666666666667,0.03336809176225235,0.0,0.0,0.5,0,0,1,0,1,0,0,1,0,0,0,0,7094
0.1296296296296296,0.0043859649122807015,1.0,0.10010427528675704,0.5,0.0,0.25,0,0,0,1,1,0,0,1,0,0,0,0,8830
0.574074074074074,0.010964912280701754,0.3333333333333333,0.02502606882168926,1.0,0.42857142857142855,0.25,1,0,0,1,0,0,0,0,1,0,1,0,29160
0.018518518518518545,0.0,1.0,0.07612095933263817,0.5,0.0,0.125,0,1,0,0,1,0,1,0,1,0,1,0,12503
0.49999999999999994,0.006578947368421052,0.6666666666666667,0.02502606882168926,0.5,0.35714285714285715,0.625,0,0,0,0,0,0,0,1,1,0,0,0,20055
0.7592592592592593,0.008771929824561403,0.6666666666666667,0.04066736183524505,1.0,0.42857142857142855,0.125,0,0,0,0,0,0,0,0,0,0,0,1,26978
0.1296296296296296,0.0021929824561403508,0.3333333333333333,0.021897810218978103,0.0,0.0,0.125,1,1,0,0,1,0,0,0,0,0,0,0,4656
0.14814814814814814,0.0,0.0,0.0031282586027111575,1.0,0.0,0.625,0,0,1,0,1,0,0,0,0,0,1,0,22585
0.037037037037037035,0.0,0.0,0.006256517205422314,0.0,0.0,0.125,0,0,0,1,1,0,0,1,1,0,0,0,6523
0.3333333333333333,0.006578947368421052,0.6666666666666667,0.029197080291970805,1.0,0.35714285714285715,0.25,1,0,0,0,0,0,0,0,1,0,1,0,25436
0.6296296296296295,0.0021929824561403508,0.0,0.0010427528675703858,0.5,0.42857142857142855,1.0,0,0,1,0,1,0,1,0,0,0,1,0,26861
0.7777777777777779,0.006578947368421052,1.0,0.09071949947862357,1.0,0.0,0.5,1,0,1,0,0,0,0,0,0,0,0,1,27251
0.5925925925925926,0.0,0.3333333333333333,0.016684045881126174,1.0,0.42857142857142855,0.25,1,1,0,0,1,0,0,0,0,1,0,1,30824
0.1296296296296296,0.0,1.0,0.04796663190823775,0.5,0.0,0.25,0,0,1,0,1,0,0,1,0,1,1,0,13626
0.018518518518518545,0.17105263157894735,1.0,0.10010427528675704,0.5,0.0,0.5,0,0,1,0,0,0,1,0,0,0,0,0,12281
0.7407407407407407,0.006578947368421052,0.0,0.0010427528675703858,0.5,0.42857142857142855,0.125,0,0,0,1,0,1,0,0,0,0,1,0,23763
0.2962962962962962,0.006578947368421052,0.0,0.0020855057351407717,0.0,0.5714285714285714,0.125,0,0,0,1,0,0,0,0,0,0,0,1,15041
0.18518518518518517,0.008771929824561403,0.6666666666666667,0.03336809176225235,0.5,0.8571428571428571,0.625,1,0,0,1,0,0,0,0,0,1,1,0,23941
0.055555555555555525,0.0,0.0,0.0010427528675703858,0.0,0.0,0.625,1,1,0,0,1,0,0,0,0,0,1,0,8347
0.5555555555555556,0.0043859649122807015,0.3333333333333333,0.009384775808133473,1.0,0.42857142857142855,0.125,0,0,0,0,0,0,0,0,1,0,0,1,27993
0.055555555555555525,0.0,0.6666666666666667,0.028154327424400417,0.0,0.0,0.625,0,0,0,1,1,0,0,0,0,0,0,0,8256
0.2962962962962962,0.0021929824561403508,0.3333333333333333,0.023983315954118876,0.0,0.42857142857142855,0.25,1,0,0,1,1,0,0,0,0,0,1,0,9900
0.5185185185185186,0.008771929824561403,0.3333333333333333,0.01772679874869656,1.0,0.42857142857142855,0.625,0,1,0,0,0,0,0,0,0,0,1,0,30858
0.7037037037037037,0.0021929824561403508,0.6666666666666667,0.028154327424400417,1.0,0.35714285714285715,0.625,0,0,0,1,1,0,1,0,0,0,0,1,32998
0.574074074074074,0.006578947368421052,0.6666666666666667,0.029197080291970805,1.0,0.35714285714285715,0.125,0,0,0,0,0,0,0,0,0,0,0,1,28427
0.574074074074074,0.0,0.0,0.00521376433785193,0.5,0.42857142857142855,0.625,0,0,1,0,1,1,0,0,0,0,1,0,26063
0.7592592592592593,0.006578947368421052,1.0,0.07716371220020855,1.0,0.42857142857142855,0.625,1,0,1,0,0,0,0,1,0,0,1,0,31054
0.574074074074074,0.0043859649122807015,0.0,0.008342022940563087,0.5,0.42857142857142855,0.5,0,1,0,0,0,0,0,0,0,0,1,0,20731
0.0,0.0,0.0,0.0031282586027111575,0.0,0.42857142857142855,0.25,0,0,1,0,1,0,0,0,0,1,0,0,11572
0.5925925925925926,0.0043859649122807015,0.0,0.0072992700729927005,0.5,0.42857142857142855,0.25,0,0,0,1,0,0,0,0,0,0,1,0,19619
0.7777777777777779,0.008771929824561403,0.0,0.0010427528675703858,0.5,0.42857142857142855,0.5,1,0,1,0,0,0,0,0,0,0,0,0,21371
0.037037037037037035,0.0021929824561403508,0.3333333333333333,0.01564129301355579,0.0,0.0,0.125,0,0,0,1,1,0,0,0,0,0,0,0,6191
0.46296296296296297,0.010964912280701754,0.3333333333333333,0.016684045881126174,0.5,0.42857142857142855,0.25,1,0,1,0,0,1,0,0,0,1,1,0,23774
0.7222222222222223,0.0043859649122807015,0.0,0.004171011470281543,0.0,1.0,1.0,0,0,1,0,0,0,0,0,0,0,1,0,20200
0.18518518518518517,0.006578947368421052,0.0,0.00521376433785193,0.0,0.42857142857142855,0.625,1,0,0,1,0,0,0,0,0,1,0,1,14686
0.1111111111111111,0.0021929824561403508,0.3333333333333333,0.02502606882168926,0.5,0.42857142857142855,0.25,0,0,0,0,1,0,0,0,0,0,1,0,12174
0.3518518518518518,0.0,1.0,0.04796663190823775,1.0,0.42857142857142855,0.25,0,0,0,1,1,0,0,0,0,1,1,0,27380
0.4259259259259259,0.0043859649122807015,0.3333333333333333,0.018769551616266946,0.5,0.42857142857142855,0.625,1,0,1,0,1,0,1,0,0,1,1,0,24230
0.037037037037037035,0.0043859649122807015,1.0,0.09906152241918666,0.5,0.0,0.625,1,0,0,0,1,0,0,0,0,0,0,1,11143
0.7037037037037037,0.010964912280701754,0.0,0.0020855057351407717,0.5,0.42857142857142855,0.125,0,0,0,1,0,0,0,0,1,0,1,0,20019
0.3888888888888889,0.006578947368421052,0.3333333333333333,0.021897810218978103,0.5,0.42857142857142855,1.0,1,0,0,0,0,0,1,0,0,1,1,0,25258
0.3703703703703704,0.008771929824561403,0.0,0.008342022940563087,0.0,0.42857142857142855,0.625,0,0,0,0,0,1,0,0,0,0,0,0,16928
0.574074074074074,0.006578947368421052,0.0,0.004171011470281543,0.5,0.42857142857142855,0.5,1,0,0,1,0,0,1,0,0,1,0,1,27160
0.1111111111111111,0.0,1.0,0.09280500521376434,0.5,0.0,0.25,1,1,0,0,1,0,1,0,0,1,0,0,14771
0.07407407407407407,0.0,0.3333333333333333,0.01772679874869656,0.5,0.0,0.25,1,0,1,0,1,0,0,0,0,0,1,0,9983
0.07407407407407407,0.0043859649122807015,0.3333333333333333,0.01564129301355579,0.0,0.42857142857142855,0.625,0,0,1,0,1,0,0,0,0,0,1,0,9307
0.5555555555555556,0.0021929824561403508,1.0,0.04796663190823775,1.0,0.42857142857142855,0.25,0,0,0,1,1,0,1,0,0,0,1,0,31031
0.6851851851851851,0.0,0.0,0.0,0.5,0.42857142857142855,0.125,0,0,0,1,1,0,0,0,0,0,0,0,19260
0.1296296296296296,0.0043859649122807015,0.6666666666666667,0.04066736183524505,0.0,0.0,0.25,0,0,0,1,1,0,0,0,0,0,0,0,6175
0.25925925925925924,0.006578947368421052,1.0,0.06256517205422316,1.0,1.0,0.25,1,0,1,0,0,0,0,0,0,1,0,0,30390
0.25925925925925924,0.0043859649122807015,0.0,0.008342022940563087,0.0,0.0,0.625,1,0,1,0,1,0,1,0,0,1,1,0,16096
0.18518518518518517,0.0021929824561403508,0.0,0.0020855057351407717,0.0,0.35714285714285715,1.0,0,0,1,0,1,0,0,1,1,0,1,0,16536
0.2962962962962962,0.0043859649122807015,0.6666666666666667,0.03336809176225235,1.0,0.0,0.25,1,0,1,0,0,0,0,0,0,0,0,1,21570
0.018518518518518545,0.0,1.0,0.05526590198123045,1.0,0.8571428571428571,1.0,0,0,1,0,1,0,0,0,0,0,1,0,19835
0.5925925925925926,0.0,0.3333333333333333,0.021897810218978103,1.0,0.42857142857142855,0.25,1,0,1,0,1,0,1,0,1,0,1,0,30465
0.2962962962962962,0.0021929824561403508,0.3333333333333333,0.01772679874869656,0.5,1.0,0.125,0,0,1,0,1,1,0,0,1,0,0,1,25265
0.0,0.0043859649122807015,1.0,0.05839416058394161,1.0,0.0,0.125,0,0,0,0,1,0,0,1,0,0,0,0,13484
0.16666666666666669,0.006578947368421052,0.3333333333333333,0.019812304483837334,0.5,0.42857142857142855,0.625,1,1,0,0,0,0,0,1,0,1,0,0,22347
0.018518518518518545,0.006578947368421052,0.3333333333333333,0.016684045881126174,0.0,1.0,0.5,0,0,0,1,0,0,0,0,0,0,0,0,12031
0.055555555555555525,0.006578947368421052,0.0,0.0020855057351407717,0.0,0.0,0.125,1,0,0,0,0,0,0,0,1,0,0,1,6947
0.7222222222222223,0.008771929824561403,0.0,0.004171011470281543,0.5,0.42857142857142855,0.25,0,0,1,0,0,0,1,0,0,0,1,0,21455
0.5555555555555556,0.0043859649122807015,0.3333333333333333,0.018769551616266946,1.0,1.0,0.125,0,0,1,0,1,1,0,0,0,0,0,1,36451
0.09259259259259262,0.0021929824561403508,0.0,0.0,0.0,0.0,0.25,1,0,1,0,1,0,1,0,0,1,1,0,10120
0.6481481481481481,0.006578947368421052,0.0,0.0020855057351407717,0.5,0.8571428571428571,0.125,1,0,1,0,0,1,0,0,0,0,0,1,26141
0.3888888888888889,0.0043859649122807015,1.0,0.07194994786235663,1.0,0.42857142857142855,0.25,0,0,1,0,1,0,1,0,0,0,0,0,25746
0.5555555555555556,0.006578947368421052,0.0,0.008342022940563087,0.5,1.0,0.125,1,0,0,1,0,0,1,0,0,0,0,1,26025
0.09259259259259262,0.0,0.3333333333333333,0.02085505735140772,0.0,0.0,0.5,0,0,0,1,1,0,0,1,0,0,1,0,6735
0.09259259259259262,0.0021929824561403508,0.3333333333333333,0.010427528675703858,0.0,0.0,0.625,1,0,1,0,1,0,1,0,0,0,1,0,8982
0.037037037037037035,0.0,0.0,0.00521376433785193,0.0,0.0,1.0,0,0,0,1,1,0,1,0,0,0,1,0,11281
0.48148148148148145,0.006578947368421052,0.0,0.0010427528675703858,0.0,0.42857142857142855,0.625,1,0,1,0,0,0,0,1,0,1,1,0,15464
0.7592592592592593,0.008771929824561403,0.0,0.0031282586027111575,0.5,0.42857142857142855,0.25,1,0,1,0,0,1,0,0,1,0,0,1,25367
0.055555555555555525,0.0021929824561403508,0.3333333333333333,0.013555787278415015,0.0,0.0,0.5,0,0,0,0,1,0,0,0,0,1,0,0,10774
0.9444444444444444,0.0043859649122807015,0.0,0.004171011470281543,0.5,0.5714285714285714,0.5,0,0,0,0,0,0,0,0,0,0,0,1,28919
0.5925925925925926,0.006578947368421052,0.3333333333333333,0.023983315954118876,1.0,0.35714285714285715,0.25,1,0,1,0,0,0,0,0,0,0,1,0,28485
0.18518518518518517,0.0043859649122807015,0.0,0.006256517205422314,0.0,1.0,1.0,0,1,0,0,0,1,0,0,0,0,0,1,21842
0.2962962962962962,0.0021929824561403508,0.0,0.0,0.5,0.0,0.625,1,0,0,1,1,0,1,0,0,1,0,0,22136
0.574074074074074,0.006578947368421052,0.3333333333333333,0.010427528675703858,1.0,0.42857142857142855,0.125,1,0,0,0,0,0,0,0,0,0,1,0,27075
0.27777777777777773,0.008771929824561403,0.0,0.0031282586027111575,0.0,0.42857142857142855,0.125,0,0,0,1,0,0,0,0,0,0,1,0,9662
0.6296296296296295,0.008771929824561403,0.0,0.006256517205422314,0.5,0.42857142857142855,0.25,1,1,0,0,0,0,1,0,0,1,1,0,25980
0.7407407407407407,0.006578947368421052,0.6666666666666667,0.03441084462982273,1.0,0.42857142857142855,0.125,0,0,0,0,0,0,0,0,0,0,0,1,28200
0.7037037037037037,0.0043859649122807015,0.0,0.0031282586027111575,1.0,0.35714285714285715,0.625,1,0,1,0,0,1,0,0,0,0,1,0,33371
0.6851851851851851,0.0021929824561403508,0.3333333333333333,0.018769551616266946,1.0,0.42857142857142855,0.25,1,0,0,1,1,0,0,0,0,0,0,1,28996
0.1296296296296296,0.0,0.0,0.0072992700729927005,0.0,0.0,0.25,1,0,1,0,1,0,0,0,0,0,0,0,5152
0.09259259259259262,0.0021929824561403508,0.0,0.0072992700729927005,0.0,0.0,0.625,0,0,0,1,1,0,1,0,0,0,1,0,10044
0.27777777777777773,0.008771929824561403,1.0,0.09280500521376434,1.0,0.35714285714285715,0.125,1,0,1,0,0,0,1,0,0,1,1,0,27243
0.4259259259259259,0.006578947368421052,0.3333333333333333,0.016684045881126174,0.5,0.42857142857142855,0.25,1,0,1,0,0,0,1,0,0,1,1,0,22876
0.6111111111111112,0.0043859649122807015,0.0,0.0031282586027111575,0.5,0.42857142857142855,0.25,0,0,1,0,0,0,0,0,0,0,0,1,19680
0.09259259259259262,0.0021929824561403508,1.0,0.056308654848800835,0.5,0.0,0.625,0,0,0,1,1,0,0,1,0,0,0,0,11854
0.20370370370370366,0.0,0.6666666666666667,0.03128258602711158,0.0,0.5714285714285714,0.0,1,1,0,0,1,0,1,0,0,1,0,0,19369
0.1296296296296296,0.0,1.0,0.08133472367049009,0.5,0.0,0.25,0,1,0,0,1,0,0,0,0,1,0,0,12843
0.037037037037037035,0.0,0.3333333333333333,0.02085505735140772,0.5,0.0,0.25,0,0,1,0,1,0,0,1,0,0,0,0,8919
0.44444444444444436,0.0043859649122807015,0.0,0.0,0.0,0.35714285714285715,0.625,0,0,0,1,0,0,1,0,0,1,1,0,17280
0.5185185185185186,0.006578947368421052,1.0,0.06777893639207508,1.0,0.35714285714285715,0.5,0,1,0,0,0,0,1,0,1,0,1,0,32283
0.3333333333333333,0.006578947368421052,0.0,0.0020855057351407717,0.5,0.5714285714285714,0.625,1,0,0,1,0,0,1,0,0,1,0,0,27790
0.16666666666666669,0.006578947368421052,0.3333333333333333,0.011470281543274244,0.5,0.42857142857142855,0.25,0,0,1,0,0,0,1,0,0,1,1,0,21852
0.0,0.0,0.6666666666666667,0.028154327424400417,0.0,0.0,0.25,1,0,1,0,1,0,0,0,0,0,0,0,5850
0.48148148148148145,0.006578947368421052,0.0,0.006256517205422314,0.5,0.0,0.25,0,0,0,1,0,0,1,0,0,0,0,1,17522
0.7222222222222223,0.008771929824561403,0.0,0.00521376433785193,0.5,0.42857142857142855,0.125,0,0,1,0,0,1,0,0,0,1,1,0,25758
0.2962962962962962,0.006578947368421052,0.6666666666666667,0.02606882168925965,0.5,0.42857142857142855,0.5,0,1,0,0,0,0,0,1,1,0,1,0,20212
0.0,0.0021929824561403508,0.0,0.004171011470281543,0.0,0.0,0.625,0,0,0,0,1,0,0,0,0,1,1,0,9711
0.037037037037037035,0.0,1.0,0.0740354535974974,0.5,0.0,1.0,0,0,1,0,1,0,0,0,0,0,1,0,13103
0.3888888888888889,0.0043859649122807015,0.3333333333333333,0.011470281543274244,0.5,0.5714285714285714,0.625,0,0,0,1,1,0,0,0,1,0,0,1,24493
0.7407407407407407,0.0043859649122807015,0.6666666666666667,0.027111574556830033,1.0,0.0,0.125,1,0,0,1,0,1,0,0,0,1,0,1,32402
0.24074074074074076,0.010964912280701754,0.0,0.004171011470281543,0.0,0.42857142857142855,0.625,1,0,0,0,0,1,0,0,0,1,1,0,19508
0.09259259259259262,0.0021929824561403508,0.3333333333333333,0.02085505735140772,0.0,0.0,0.625,1,0,1,0,1,0,0,0,0,1,1,0,10792
0.7592592592592593,0.006578947368421052,0.0,0.006256517205422314,0.5,0.42857142857142855,0.625,0,0,0,0,0,0,1,0,0,0,1,0,24510
0.09259259259259262,0.0,0.3333333333333333,0.02294056308654849,0.0,0.0,0.5,0,0,0,0,1,0,0,0,0,1,0,1,8916
0.6851851851851851,0.006578947368421052,0.3333333333333333,0.021897810218978103,1.0,0.8571428571428571,0.25,0,0,1,0,0,0,0,0,0,0,1,0,29813
0.5555555555555556,0.0043859649122807015,0.6666666666666667,0.03858185610010428,1.0,0.35714285714285715,0.25,1,0,1,0,0,1,0,0,1,0,1,0,32435
0.1296296296296296,0.0,0.0,0.0020855057351407717,0.0,0.0,0.625,0,0,1,0,1,0,0,0,0,0,0,0,6966
0.5555555555555556,0.0043859649122807015,0.0,0.004171011470281543,0.5,0.42857142857142855,0.625,0,0,0,0,0,0,1,0,0,0,1,0,24865
0.5555555555555556,0.0,0.6666666666666667,0.03962460896767466,1.0,0.35714285714285715,0.625,1,0,1,0,1,0,1,0,1,0,0,1,32985
0.4259259259259259,0.0,0.0,0.0031282586027111575,0.0,0.0,0.125,0,0,1,0,1,1,0,0,0,0,0,0,12099
0.5925925925925926,0.0043859649122807015,0.3333333333333333,0.01772679874869656,1.0,0.0,0.25,0,1,0,0,1,0,0,0,0,0,0,1,25350
0.22222222222222227,0.006578947368421052,0.6666666666666667,0.03649635036496351,1.0,0.42857142857142855,0.625,0,0,0,1,0,0,0,0,1,0,0,0,27450
0.49999999999999994,0.0043859649122807015,0.0,0.0020855057351407717,0.0,0.42857142857142855,0.0,1,1,0,0,0,0,0,0,1,0,1,0,10713
0.6851851851851851,0.006578947368421052,0.3333333333333333,0.010427528675703858,0.0,0.35714285714285715,0.5,1,0,0,1,0,0,1,0,0,1,0,1,19199
0.44444444444444436,0.0,1.0,0.10218978102189781,1.0,0.35714285714285715,0.625,0,0,1,0,1,0,0,1,0,0,1,0,26027
0.037037037037037035,0.0,0.6666666666666667,0.02606882168925965,0.0,0.0,0.125,1,0,0,1,1,0,0,0,1,0,1,0,7009
0.48148148148148145,0.0043859649122807015,0.0,0.0010427528675703858,0.5,0.42857142857142855,0.5,1,0,0,1,1,1,0,0,0,0,0,1,22706
0.18518518518518517,0.0,1.0,0.04171011470281544,1.0,0.42857142857142855,0.25,1,0,1,0,1,0,1,0,0,1,0,1,28875
0.4074074074074074,0.010964912280701754,0.3333333333333333,0.02502606882168926,0.5,0.35714285714285715,0.25,1,0,1,0,0,0,0,0,0,1,0,1,21044
0.09259259259259262,0.0021929824561403508,0.6666666666666667,0.030239833159541193,0.0,0.0,0.625,0,0,1,0,1,0,0,0,0,0,0,0,7309
0.7222222222222223,0.0043859649122807015,0.3333333333333333,0.01251303441084463,0.5,0.42857142857142855,1.0,1,1,0,0,0,1,0,0,1,0,1,0,28196
0.27777777777777773,0.006578947368421052,0.3333333333333333,0.010427528675703858,0.5,0.42857142857142855,0.25,1,1,0,0,0,0,0,0,0,1,1,0,20534
0.7222222222222223,0.008771929824561403,0.0,0.0010427528675703858,0.5,0.42857142857142855,0.125,0,1,0,0,0,0,0,0,1,0,0,1,19985
0.0,0.0,0.0,0.004171011470281543,0.0,0.0,0.25,1,0,0,1,1,0,0,1,0,1,1,0,9377
0.3148148148148148,0.006578947368421052,0.0,0.0031282586027111575,0.0,0.42857142857142855,0.125,0,0,1,0,0,0,0,1,0,0,1,0,9729
0.0,0.006578947368421052,1.0,0.04171011470281544,0.5,0.5714285714285714,0.5,0,0,1,0,0,0,0,0,0,0,0,0,16423
0.3518518518518518,0.008771929824561403,0.6666666666666667,0.028154327424400417,0.5,0.42857142857142855,0.125,0,0,0,1,0,1,0,0,1,0,0,0,22693
0.6851851851851851,0.0,0.0,0.008342022940563087,0.5,0.8571428571428571,0.25,0,1,0,0,1,0,1,0,0,0,1,0,23557
0.1296296296296296,0.0,0.0,0.0,0.0,0.7857142857142857,1.0,1,1,0,0,1,0,0,0,0,1,0,0,15477
0.09259259259259262,0.0,0.0,0.0020855057351407717,0.0,0.0,0.125,0,0,1,0,1,0,0,1,0,1,0,1,8697
0.018518518518518545,0.0021929824561403508,0.3333333333333333,0.016684045881126174,1.0,0.42857142857142855,0.25,0,0,1,0,1,0,0,0,0,0,0,0,13728
0.6111111111111112,0.006578947368421052,0.3333333333333333,0.02502606882168926,1.0,0.35714285714285715,0.5,0,0,0,1,0,0,0,0,0,0,1,0,29243
0.22222222222222227,0.0043859649122807015,0.0,0.0,0.0,0.7857142857142857,0.125,0,0,1,0,0,0,0,0,0,0,0,0,11991
0.1296296296296296,0.0,0.0,0.0010427528675703858,0.0,0.0,0.125,1,0,0,0,1,0,0,0,1,0,1,0,5570
0.20370370370370366,0.006578947368421052,0.3333333333333333,0.021897810218978103,1.0,0.35714285714285715,0.25,0,0,1,0,0,0,1,0,0,0,0,1,26061
0.48148148148148145,0.006578947368421052,0.3333333333333333,0.023983315954118876,0.5,0.7857142857142857,0.625,0,0,0,0,0,0,0,0,1,0,0,0,21581
0.018518518518518545,0.0,0.0,0.004171011470281543,0.0,0.0,0.0,1,0,0,1,1,0,0,0,0,0,0,0,5173
0.18518518518518517,0.008771929824561403,0.0,0.0020855057351407717,0.0,0.5714285714285714,0.625,0,0,1,0,0,1,0,0,0,1,1,0,22611
0.7407407407407407,0.006578947368421052,0.0,0.0,0.5,0.42857142857142855,0.125,1,0,0,1,0,0,0,0,0,0,0,1,20071
0.14814814814814814,0.008771929824561403,1.0,0.07194994786235663,1.0,1.0,0.25,0,0,0,1,0,1,0,0,0,0,1,0,31574
0.7777777777777779,0.010964912280701754,0.3333333333333333,0.011470281543274244,1.0,0.42857142857142855,0.625,0,1,0,0,0,0,0,0,0,0,0,1,30012
0.055555555555555525,0.0021929824561403508,0.0,0.00521376433785193,0.5,0.0,1.0,1,1,0,0,1,0,0,0,1,0,0,0,13362
0.3518518518518518,0.008771929824561403,0.0,0.00521376433785193,0.0,0.42857142857142855,0.625,1,1,0,0,0,1,0,0,0,1,0,1,20321
0.4074074074074074,0.0,0.3333333333333333,0.018769551616266946,0.5,0.5714285714285714,0.625,0,0,0,0,1,0,0,0,0,1,0,0,26650
0.18518518518518517,0.0043859649122807015,0.6666666666666667,0.03545359749739312,0.5,0.42857142857142855,0.5,0,0,0,0,0,0,0,1,0,0,1,0,18734
0.0,0.0,0.6666666666666667,0.03128258602711158,0.0,0.0,0.625,1,0,0,1,1,0,0,0,0,0,0,0,6948
0.0,0.0,0.3333333333333333,0.009384775808133473,0.0,0.0,0.625,0,0,1,0,1,0,0,0,0,0,0,0,7749
0.20370370370370366,0.0,0.3333333333333333,0.01251303441084463,1.0,0.7857142857142857,0.125,0,0,0,1,1,1,0,0,1,0,0,1,31096
0.3518518518518518,0.006578947368421052,0.6666666666666667,0.027111574556830033,0.5,0.42857142857142855,0.25,1,0,1,0,0,0,1,0,0,0,1,0,20183
0.2962962962962962,0.0043859649122807015,0.0,0.004171011470281543,0.0,0.42857142857142855,1.0,1,0,1,0,0,1,0,0,0,1,1,0,22176
0.20370370370370366,0.006578947368421052,0.0,0.0010427528675703858,0.0,0.5714285714285714,0.25,0,0,0,1,0,0,1,0,1,0,1,0,18672
0.07407407407407407,0.0,0.6666666666666667,0.029197080291970805,0.0,0.0,0.625,0,1,0,0,1,0,0,0,0,0,0,0,7775
0.46296296296296297,0.006578947368421052,0.0,0.006256517205422314,0.0,0.42857142857142855,0.125,1,0,1,0,0,1,0,0,0,0,1,0,14991
0.09259259259259262,0.0,0.3333333333333333,0.02085505735140772,0.0,0.0,0.25,0,0,0,1,1,0,1,0,0,0,1,0,7337
0.5555555555555556,0.010964912280701754,0.3333333333333333,0.009384775808133473,1.0,0.42857142857142855,0.625,0,0,1,0,0,1,0,0,0,1,0,0,37486
0.1111111111111111,0.006578947368421052,0.3333333333333333,0.019812304483837334,0.0,0.0,0.625,0,0,1,0,0,0,1,0,0,0,0,1,8746
0.6296296296296295,0.006578947368421052,0.6666666666666667,0.028154327424400417,0.5,0.5714285714285714,1.0,0,0,1,0,0,1,0,0,1,0,0,1,32353
0.48148148148148145,0.0,1.0,0.06152241918665277,1.0,0.42857142857142855,0.25,1,0,0,1,1,1,0,0,0,1,0,0,30430
0.6111111111111112,0.0021929824561403508,1.0,0.045881126173096975,0.0,0.0,0.125,1,0,0,1,1,1,0,0,0,0,0,1,13594
0.018518518518518545,0.0021929824561403508,0.6666666666666667,0.03128258602711158,0.0,0.42857142857142855,0.625,0,0,0,0,1,0,0,0,0,0,1,0,9808
0.2962962962962962,0.0043859649122807015,0.3333333333333333,0.013555787278415015,1.0,0.35714285714285715,0.25,0,1,0,0,0,0,1,0,0,0,0,1,25412
0.2962962962962962,0.0043859649122807015,0.0,0.0,0.0,0.5714285714285714,0.25,1,1,0,0,0,0,1,0,0,1,0,1,20391
0.1111111111111111,0.0043859649122807015,0.3333333333333333,0.016684045881126174,0.0,0.0,0.625,1,0,1,0,1,0,0,0,0,0,0,0,7144
0.48148148148148145,0.006578947368421052,0.0,0.00521376433785193,0.0,0.42857142857142855,0.25,0,0,0,1,0,0,0,0,1,0,1,0,11566
0.3333333333333333,0.008771929824561403,0.0,0.008342022940563087,0.0,0.5714285714285714,0.25,0,0,0,1,0,0,0,0,0,0,1,0,14842
0.018518518518518545,0.0021929824561403508,0.0,0.0,0.0,0.0,1.0,0,0,1,0,1,0,0,1,0,0,0,1,10315
0.7777777777777779,0.006578947368421052,0.3333333333333333,0.011470281543274244,1.0,0.42857142857142855,0.25,0,0,1,0,0,0,0,0,0,0,0,1,29110
0.6481481481481481,0.006578947368421052,0.0,0.004171011470281543,0.5,0.35714285714285715,0.25,0,1,0,0,0,1,0,0,0,0,0,1,24574
0.14814814814814814,0.010964912280701754,0.3333333333333333,0.018769551616266946,0.5,0.42857142857142855,0.125,0,0,1,0,0,0,0,0,1,0,0,0,16958
0.18518518518518517,0.006578947368421052,0.0,0.006256517205422314,0.0,0.42857142857142855,0.625,0,0,1,0,0,0,1,0,0,0,1,0,15051
0.14814814814814814,0.006578947368421052,0.0,0.0,0.5,0.35714285714285715,0.125,0,0,0,0,0,0,0,1,1,0,0,1,17485
0.018518518518518545,0.0021929824561403508,0.0,0.006256517205422314,1.0,0.0,0.125,1,0,0,1,1,0,0,0,0,0,0,0,12716
0.20370370370370366,0.0,0.3333333333333333,0.01564129301355579,1.0,0.42857142857142855,0.625,0,0,0,0,1,0,1,0,0,1,1,0,30420
0.3703703703703704,0.0,1.0,0.09697601668404589,1.0,0.42857142857142855,0.25,0,0,0,1,1,0,0,0,1,0,0,0,24703
0.4259259259259259,0.0,0.6666666666666667,0.02502606882168926,0.5,0.7857142857142857,0.25,0,0,0,1,1,0,1,0,0,1,1,0,25325
1.0,0.0021929824561403508,0.0,0.0,0.5,0.42857142857142855,0.125,1,0,0,0,0,1,0,0,0,1,0,1,30040
0.0,0.0,0.3333333333333333,0.02294056308654849,0.5,0.0,0.625,1,1,0,0,1,0,0,0,0,0,0,0,10396
0.018518518518518545,0.0,0.3333333333333333,0.009384775808133473,0.0,0.0,0.125,1,1,0,0,1,0,0,0,0,1,1,0,7836
0.16666666666666669,0.006578947368421052,0.6666666666666667,0.03753910323253389,1.0,0.0,0.625,0,0,0,1,0,0,1,0,1,0,1,0,26065
0.18518518518518517,0.0021929824561403508,0.3333333333333333,0.016684045881126174,0.5,0.35714285714285715,0.125,1,1,0,0,1,1,0,0,0,1,1,0,23873
0.48148148148148145,0.006578947368421052,0.0,0.008342022940563087,0.0,0.42857142857142855,0.625,0,1,0,0,0,0,0,1,0,0,1,0,12961
0.3518518518518518,0.006578947368421052,1.0,0.04483837330552659,1.0,0.0,0.125,0,0,0,1,0,0,0,0,0,1,1,0,24957
0.7037037037037037,0.0,0.3333333333333333,0.019812304483837334,1.0,0.42857142857142855,0.625,1,0,1,0,1,0,0,0,0,1,0,1,33232
0.018518518518518545,0.0021929824561403508,0.0,0.006256517205422314,0.5,0.0,0.25,1,1,0,0,1,0,0,0,0,0,0,0,10088
0.1111111111111111,0.0,0.6666666666666667,0.03128258602711158,0.5,0.0,0.625,1,0,1,0,1,0,0,0,0,0,0,0,10974
0.7592592592592593,0.006578947368421052,0.0,0.0010427528675703858,0.5,0.0,0.625,0,0,1,0,0,0,0,0,0,0,0,1,19446
0.7962962962962963,0.0043859649122807015,0.0,0.0072992700729927005,0.5,0.42857142857142855,0.125,0,1,0,0,0,0,0,0,0,0,0,1,23817
0.25925925925925924,0.008771929824561403,0.3333333333333333,0.02085505735140772,0.5,0.42857142857142855,0.25,1,0,0,1,0,0,0,0,1,0,1,0,17902
0.6111111111111112,0.006578947368421052,0.0,0.006256517205422314,0.5,0.35714285714285715,0.625,0,0,1,0,0,0,0,0,0,0,1,0,23153
0.4074074074074074,0.008771929824561403,0.0,0.006256517205422314,0.0,1.0,0.25,0,0,0,0,0,0,1,0,0,1,1,0,19656
0.49999999999999994,0.0043859649122807015,0.0,0.0031282586027111575,0.0,1.0,0.125,1,0,1,0,0,0,0,0,1,0,1,0,15337
0.44444444444444436,0.008771929824561403,1.0,0.09071949947862357,0.5,0.42857142857142855,0.125,0,0,0,1,0,0,0,0,0,1,1,0,19205
0.037037037037037035,0.0021929824561403508,0.6666666666666667,0.03962460896767466,0.5,0.0,0.25,1,0,0,1,1,0,0,0,0,0,0,0,9797
0.055555555555555525,0.0,0.0,0.008342022940563087,0.0,0.0,0.25,0,0,0,1,1,0,0,0,1,0,1,0,6710
0.09259259259259262,0.0,0.3333333333333333,0.021897810218978103,0.0,0.0,0.125,1,0,0,1,1,0,0,0,0,0,0,0,5899
0.055555555555555525,0.0021929824561403508,0.0,0.0072992700729927005,0.0,0.0,0.625,1,0,1,0,1,0,0,0,0,0,1,0,7693
0.018518518518518545,0.0043859649122807015,0.0,0.004171011470281543,0.0,0.0,0.25,0,0,0,1,1,0,0,1,0,0,0,0,6929
0.5185185185185186,0.008771929824561403,0.6666666666666667,0.03753910323253389,1.0,0.0,0.625,0,0,1,0,0,0,0,0,0,0,0,0,28817
0.1296296296296296,0.0,0.6666666666666667,0.030239833159541193,0.0,0.0,0.25,1,0,1,0,1,0,0,1,0,0,0,1,6280
1.0,0.0,1.0,0.08759124087591241,0.5,0.5714285714285714,0.125,0,0,1,0,1,0,0,1,0,0,0,1,27674
0.3703703703703704,0.0021929824561403508,0.3333333333333333,0.013555787278415015,0.5,0.5714285714285714,0.125,0,0,1,0,1,0,0,0,1,0,0,0,21637
0.4259259259259259,0.0043859649122807015,0.0,0.00521376433785193,0.0,0.42857142857142855,0.25,1,1,0,0,0,1,0,0,0,1,1,0,18056
0.055555555555555525,0.006578947368421052,1.0,0.1032325338894682,0.5,0.0,0.25,0,0,0,1,0,0,0,1,0,0,1,0,10524
0.037037037037037035,0.0021929824561403508,0.0,0.004171011470281543,0.0,0.0,0.25,0,0,0,1,1,0,0,0,0,0,1,0,4922
0.037037037037037035,0.006578947368421052,0.3333333333333333,0.02085505735140772,0.0,0.42857142857142855,0.5,0,0,1,0,0,0,0,0,0,0,0,0,8760
0.018518518518518545,0.0043859649122807015,0.6666666666666667,0.03545359749739312,0.5,0.0,1.0,0,0,1,0,1,0,0,0,0,0,0,1,12451
0.037037037037037035,0.0,0.0,0.0010427528675703858,0.0,0.42857142857142855,0.25,1,0,1,0,1,0,0,0,0,0,0,0,8304
0.3703703703703704,0.0043859649122807015,0.3333333333333333,0.014598540145985403,0.0,0.42857142857142855,0.625,0,1,0,0,0,1,0,0,1,0,1,0,17659
0.6666666666666667,0.006578947368421052,1.0,0.06047966631908238,1.0,0.42857142857142855,0.625,0,0,0,1,0,0,1,0,0,0,0,1,31849
0.1296296296296296,0.0021929824561403508,1.0,0.07924921793534932,0.5,0.0,0.125,0,0,0,1,1,0,0,0,0,0,1,0,7965
0.055555555555555525,0.0,1.0,0.08342022940563087,0.5,0.8571428571428571,0.125,0,1,0,0,1,0,0,1,0,0,1,0,12338
0.3333333333333333,0.006578947368421052,0.6666666666666667,0.04066736183524505,1.0,0.7857142857142857,0.625,1,0,1,0,0,0,0,0,0,1,0,1,31344
0.3518518518518518,0.006578947368421052,0.6666666666666667,0.02606882168925965,0.5,0.35714285714285715,0.625,0,0,0,1,0,0,1,0,0,0,0,1,21176
0.14814814814814814,0.0043859649122807015,0.3333333333333333,0.009384775808133473,0.5,0.5714285714285714,0.125,1,0,1,0,0,0,1,0,0,1,1,0,26200
0.09259259259259262,0.0021929824561403508,0.6666666666666667,0.030239833159541193,0.5,0.5714285714285714,0.5,0,0,0,1,1,0,0,0,0,0,0,0,15801
0.7407407407407407,0.010964912280701754,0.3333333333333333,0.019812304483837334,0.0,0.42857142857142855,1.0,0,0,0,1,0,0,0,0,0,0,0,0,15449
0.7592592592592593,0.0043859649122807015,0.6666666666666667,0.03858185610010428,1.0,0.5714285714285714,0.125,1,0,1,0,0,0,1,0,0,1,0,1,36349
0.018518518518518545,0.0,0.0,0.006256517205422314,1.0,0.0,0.5,1,0,0,1,1,0,0,0,0,1,0,0,17516
0.44444444444444436,0.006578947368421052,0.3333333333333333,0.01772679874869656,0.5,1.0,0.25,1,0,1,0,0,1,0,0,0,1,1,0,28985
0.14814814814814814,0.006578947368421052,0.6666666666666667,0.03545359749739312,0.5,0.0,0.25,1,0,1,0,0,1,0,0,0,1,1,0,22330
0.49999999999999994,0.008771929824561403,0.3333333333333333,0.02502606882168926,1.0,0.42857142857142855,0.625,0,0,1,0,0,0,0,0,1,0,1,0,25895
0.018518518518518545,0.0021929824561403508,0.3333333333333333,0.01564129301355579,1.0,0.0,1.0,1,0,1,0,1,0,0,1,0,0,1,0,16236
0.037037037037037035,0.0,0.0,0.00521376433785193,0.0,0.0,0.625,0,1,0,0,1,0,0,0,0,0,0,0,8370
0.6111111111111112,0.0,0.0,0.008342022940563087,0.5,0.35714285714285715,0.625,0,0,0,1,1,1,0,0,0,0,0,0,26571
0.7222222222222223,0.0043859649122807015,0.6666666666666667,0.02606882168925965,0.5,0.42857142857142855,0.125,0,0,1,0,0,0,1,0,1,0,1,0,22292
0.055555555555555525,0.0,0.0,0.0072992700729927005,0.5,0.0,0.625,0,0,0,1,1,0,0,1,0,1,0,0,14285
0.6296296296296295,0.006578947368421052,1.0,0.04483837330552659,1.0,0.8571428571428571,0.25,0,1,0,0,0,0,0,0,0,0,0,0,30332
0.3518518518518518,0.0021929824561403508,0.3333333333333333,0.019812304483837334,0.5,1.0,0.0,0,0,1,0,1,0,0,0,1,0,1,0,20709
0.16666666666666669,0.006578947368421052,0.3333333333333333,0.011470281543274244,0.5,0.7857142857142857,0.25,0,0,0,1,0,0,1,0,0,1,0,1,23533
0.574074074074074,0.008771929824561403,0.3333333333333333,0.011470281543274244,1.0,0.42857142857142855,0.25,1,1,0,0,0,1,0,0,0,1,0,1,34410
0.49999999999999994,0.0043859649122807015,0.0,0.008342022940563087,0.5,0.0,0.5,0,0,0,0,1,0,0,1,1,0,0,0,18970
0.018518518518518545,0.0,0.0,0.0020855057351407717,0.5,0.0,0.0,1,0,0,1,1,0,0,0,0,0,0,0,8246
0.27777777777777773,0.0043859649122807015,0.6666666666666667,0.03128258602711158,0.0,0.42857142857142855,0.625,1,1,0,0,0,0,1,0,0,0,0,1,14646
0.5925925925925926,0.0,0.3333333333333333,0.023983315954118876,1.0,0.35714285714285715,0.625,0,0,0,1,1,1,0,0,0,0,0,1,33384
0.25925925925925924,0.008771929824561403,0.6666666666666667,0.028154327424400417,0.5,0.35714285714285715,0.25,0,1,0,0,0,0,0,0,0,0,0,1,16343
0.7407407407407407,0.006578947368421052,0.3333333333333333,0.02294056308654849,1.0,0.42857142857142855,0.5,0,0,0,0,0,0,0,0,1,0,1,0,30195
0.09259259259259262,0.006578947368421052,1.0,0.09906152241918666,0.5,0.0,0.5,0,0,0,0,0,0,0,0,0,0,1,0,11173
0.6481481481481481,0.006578947368421052,0.0,0.00521376433785193,0.5,0.42857142857142855,0.625,0,1,0,0,0,1,0,0,1,0,1,0,27790
0.18518518518518517,0.008771929824561403,0.6666666666666667,0.028154327424400417,0.5,0.42857142857142855,0.625,0,0,0,1,0,0,1,0,0,0,0,1,20666
0.5925925925925926,0.0043859649122807015,0.3333333333333333,0.02294056308654849,1.0,0.42857142857142855,0.125,1,0,0,1,0,1,0,0,0,0,1,0,32041
0.0,0.0021929824561403508,0.6666666666666667,0.03232533889468196,0.0,0.42857142857142855,0.25,0,1,0,0,1,1,0,0,0,1,0,0,14667
0.037037037037037035,0.0021929824561403508,0.0,0.006256517205422314,0.0,0.0,0.125,1,0,0,1,1,0,0,0,0,0,0,0,5998
0.7222222222222223,0.006578947368421052,0.6666666666666667,0.03336809176225235,1.0,0.7857142857142857,0.25,0,1,0,0,0,1,0,0,0,0,0,1,33819
0.8333333333333333,0.0021929824561403508,1.0,0.04692387904066737,1.0,0.42857142857142855,0.125,1,0,0,1,0,0,0,0,0,0,0,1,32828
0.537037037037037,0.0,0.0,0.004171011470281543,1.0,0.0,0.625,0,0,1,0,1,1,0,0,0,0,1,0,32130
0.3518518518518518,0.0,0.6666666666666667,0.02606882168925965,0.5,0.35714285714285715,0.625,1,0,0,1,1,0,0,1,0,0,0,1,19396
0.3703703703703704,0.008771929824561403,0.0,0.0072992700729927005,0.5,0.42857142857142855,0.625,1,0,1,0,0,1,0,0,0,0,0,0,23389
0.1111111111111111,0.0,0.0,0.0010427528675703858,0.0,0.0,0.5,1,1,0,0,1,0,0,0,0,0,0,1,6015
0.16666666666666669,0.0043859649122807015,0.0,0.004171011470281543,0.0,0.42857142857142855,0.5,0,0,1,0,1,0,0,0,0,1,1,0,15864
0.4259259259259259,0.0043859649122807015,0.3333333333333333,0.02294056308654849,0.5,0.5714285714285714,1.0,1,0,0,0,0,1,0,0,0,1,1,0,31051
0.018518518518518545,0.0021929824561403508,0.6666666666666667,0.029197080291970805,0.0,0.0,0.625,1,0,1,0,1,0,0,0,1,0,0,0,7827
0.6481481481481481,0.006578947368421052,0.3333333333333333,0.013555787278415015,1.0,0.42857142857142855,0.625,1,1,0,0,0,0,1,0,0,1,1,0,34504
0.7592592592592593,0.006578947368421052,0.3333333333333333,0.023983315954118876,1.0,0.42857142857142855,0.625,1,0,1,0,0,0,1,0,0,0,0,1,31252
0.018518518518518545,0.0043859649122807015,0.0,0.0072992700729927005,1.0,0.0,0.625,0,0,1,0,1,0,0,0,0,0,0,0,14224
0.7592592592592593,0.006578947368421052,0.0,0.0072992700729927005,0.0,0.0,0.25,0,0,1,0,0,0,0,0,1,0,1,0,10332
0.4074074074074074,0.006578947368421052,0.0,0.004171011470281543,0.0,1.0,0.25,0,0,0,1,0,0,0,1,0,1,0,1,18921
0.07407407407407407,0.0,0.0,0.006256517205422314,0.0,0.0,1.0,1,0,1,0,1,0,0,0,1,0,0,0,9942
0.24074074074074076,0.0,1.0,0.06152241918665277,1.0,0.42857142857142855,1.0,1,0,1,0,1,0,0,1,0,1,0,1,30521
0.3888888888888889,0.0021929824561403508,0.6666666666666667,0.03545359749739312,0.5,0.42857142857142855,0.125,0,0,0,0,1,0,0,0,1,0,0,1,16828
0.3703703703703704,0.010964912280701754,0.3333333333333333,0.009384775808133473,0.5,0.0,1.0,0,0,0,0,0,0,1,0,1,0,0,0,21108
0.055555555555555525,0.0,0.3333333333333333,0.01564129301355579,0.0,0.0,0.125,1,0,0,1,1,0,1,0,0,0,1,0,7481
0.7592592592592593,0.0021929824561403508,1.0,0.09489051094890512,1.0,0.42857142857142855,0.125,0,0,0,1,1,1,0,0,0,0,1,0,32593
0.7777777777777779,0.006578947368421052,0.3333333333333333,0.010427528675703858,1.0,0.42857142857142855,0.625,0,0,1,0,0,0,0,0,0,0,0,1,30473
0.3148148148148148,0.006578947368421052,0.3333333333333333,0.023983315954118876,0.5,0.42857142857142855,0.625,1,0,1,0,0,0,1,0,0,1,1,0,24865
0.09259259259259262,0.0,0.3333333333333333,0.011470281543274244,0.0,0.0,0.0,1,0,0,0,1,0,0,0,0,0,0,1,5338
0.0,0.0043859649122807015,1.0,0.10010427528675704,0.5,0.0,0.0,0,0,0,1,1,0,0,0,0,0,0,1,7886
0.5185185185185186,0.006578947368421052,0.3333333333333333,0.01564129301355579,1.0,0.42857142857142855,0.5,1,0,1,0,0,0,0,0,0,1,1,0,32521
0.7407407407407407,0.006578947368421052,0.6666666666666667,0.02502606882168926,1.0,0.8571428571428571,0.5,0,0,0,0,0,0,0,0,0,0,0,1,30824
0.7777777777777779,0.006578947368421052,0.3333333333333333,0.011470281543274244,1.0,0.42857142857142855,0.625,0,0,0,0,0,0,0,1,0,0,0,1,30805
0.4074074074074074,0.006578947368421052,1.0,0.0959332638164755,1.0,0.42857142857142855,0.25,0,0,1,0,0,1,0,0,0,0,1,0,27094
0.3703703703703704,0.0,0.3333333333333333,0.01772679874869656,0.5,0.42857142857142855,0.25,0,0,0,1,1,0,1,0,0,0,0,1,19945
0.22222222222222227,0.0043859649122807015,0.3333333333333333,0.014598540145985403,1.0,0.42857142857142855,0.125,1,0,0,1,0,0,0,0,0,1,0,0,25838
0.3333333333333333,0.0043859649122807015,0.3333333333333333,0.023983315954118876,1.0,0.8571428571428571,0.125,0,1,0,0,0,0,0,0,1,0,0,1,25825
0.018518518518518545,0.0021929824561403508,0.6666666666666667,0.03962460896767466,0.0,0.0,0.5,0,0,0,0,1,0,0,0,0,0,0,0,6883
0.6111111111111112,0.0,0.3333333333333333,0.02294056308654849,1.0,0.5714285714285714,0.25,0,0,0,0,1,1,0,0,0,0,1,0,35648
0.055555555555555525,0.0,0.3333333333333333,0.010427528675703858,0.0,0.0,1.0,0,0,1,0,1,0,0,0,0,0,1,0,10449
0.49999999999999994,0.0,0.3333333333333333,0.016684045881126174,0.5,0.42857142857142855,0.5,1,0,1,0,1,1,0,0,0,0,1,0,23218
0.6481481481481481,0.006578947368421052,0.6666666666666667,0.02606882168925965,1.0,0.42857142857142855,0.125,0,0,0,0,0,0,0,0,0,0,0,1,26880
0.5925925925925926,0.008771929824561403,0.0,0.00521376433785193,0.0,0.42857142857142855,0.125,1,1,0,0,0,1,0,0,0,1,1,0,17833
0.7037037037037037,0.0,0.0,0.0,0.5,0.42857142857142855,0.25,1,0,1,0,1,0,1,0,0,0,1,0,21336
0.0,0.0021929824561403508,0.0,0.00521376433785193,0.0,0.0,0.625,1,1,0,0,1,0,0,0,0,0,0,0,6868
0.037037037037037035,0.0043859649122807015,1.0,0.06047966631908238,0.5,0.0,0.25,0,0,1,0,1,0,0,0,0,0,1,0,10122
0.22222222222222227,0.0043859649122807015,0.3333333333333333,0.016684045881126174,0.5,0.8571428571428571,0.25,0,0,1,0,0,1,0,0,0,0,1,0,22304
0.7592592592592593,0.0043859649122807015,1.0,0.09906152241918666,1.0,0.42857142857142855,0.625,1,0,0,1,0,1,0,0,0,0,0,0,33833
0.07407407407407407,0.0,0.3333333333333333,0.02085505735140772,1.0,0.0,0.125,1,0,1,0,1,0,0,0,0,0,0,1,11936
0.037037037037037035,0.0043859649122807015,1.0,0.09280500521376434,0.0,0.0,0.625,0,0,0,1,1,0,0,1,0,0,1,0,8709
0.7407407407407407,0.008771929824561403,0.3333333333333333,0.016684045881126174,0.0,0.5714285714285714,0.125,0,0,0,0,0,0,0,0,0,0,0,1,15513
0.25925925925925924,0.0,0.0,0.0010427528675703858,0.0,0.42857142857142855,0.125,1,0,0,0,1,0,0,0,0,0,1,0,10092
0.7222222222222223,0.0043859649122807015,0.6666666666666667,0.03336809176225235,1.0,0.35714285714285715,0.5,0,0,1,0,0,0,1,0,0,0,0,1,30695
0.018518518518518545,0.006578947368421052,0.0,0.00521376433785193,0.0,0.0,0.625,1,1,0,0,0,1,0,0,0,0,0,0,11944
0.055555555555555525,0.0,0.0,0.00521376433785193,0.0,0.42857142857142855,0.0,0,1,0,0,1,0,0,0,0,0,1,0,7302
0.055555555555555525,0.0,0.0,0.004171011470281543,0.0,0.0,0.25,0,0,0,1,1,0,0,1,0,0,1,0,6053
0.16666666666666669,0.006578947368421052,0.3333333333333333,0.02294056308654849,0.5,1.0,0.25,0,0,0,0,0,0,0,0,0,1,0,1,23588
0.3333333333333333,0.0043859649122807015,0.0,0.0020855057351407717,0.0,0.35714285714285715,0.625,0,0,0,1,0,0,1,0,0,1,0,1,17982
0.6296296296296295,0.0043859649122807015,0.6666666666666667,0.03336809176225235,1.0,0.42857142857142855,0.5,0,0,0,0,1,1,0,0,1,0,0,1,34147
0.24074074074074076,0.0,0.3333333333333333,0.02502606882168926,0.5,0.0,0.625,0,0,1,0,1,0,0,1,0,0,0,1,17315
0.3518518518518518,0.0043859649122807015,0.6666666666666667,0.03753910323253389,0.5,0.42857142857142855,0.5,0,0,0,1,0,0,0,1,0,0,1,0,18188
0.055555555555555525,0.0,0.0,0.00521376433785193,0.0,0.0,1.0,0,0,1,0,1,0,0,0,0,0,0,0,8877
0.44444444444444436,0.0,0.3333333333333333,0.010427528675703858,0.5,0.35714285714285715,1.0,1,0,1,0,1,1,0,0,0,1,1,0,28510
0.7777777777777779,0.008771929824561403,0.0,0.0010427528675703858,0.0,0.8571428571428571,0.625,0,1,0,0,0,0,0,0,0,0,0,1,15402
0.6481481481481481,0.0,0.6666666666666667,0.028154327424400417,0.5,0.42857142857142855,0.5,1,0,0,0,1,0,0,0,0,0,1,0,21851
0.6851851851851851,0.008771929824561403,1.0,0.06569343065693431,1.0,0.8571428571428571,0.25,0,0,1,0,0,0,0,0,0,0,1,0,31179
0.1296296296296296,0.006578947368421052,0.0,0.00521376433785193,0.0,0.0,0.125,0,0,0,1,0,0,0,0,0,1,0,1,7630
0.24074074074074076,0.0043859649122807015,0.6666666666666667,0.03232533889468196,0.5,0.0,0.25,0,0,1,0,0,0,0,0,0,1,0,1,17932
0.07407407407407407,0.0021929824561403508,1.0,0.08967674661105318,0.5,0.0,0.625,0,0,0,1,1,0,0,1,0,0,0,0,10979
0.6111111111111112,0.006578947368421052,0.0,0.0010427528675703858,0.5,0.35714285714285715,0.625,1,0,1,0,0,0,0,1,0,0,1,0,23482
0.7592592592592593,0.0043859649122807015,0.0,0.0072992700729927005,0.0,0.42857142857142855,0.625,1,1,0,0,0,1,0,0,0,1,1,0,21850
0.7777777777777779,0.010964912280701754,0.3333333333333333,0.014598540145985403,1.0,0.42857142857142855,0.25,0,0,1,0,0,0,0,1,0,0,1,0,29133
0.037037037037037035,0.0,0.6666666666666667,0.03962460896767466,0.0,0.0,0.625,0,1,0,0,1,0,0,0,0,0,1,0,8286
1.0,0.0021929824561403508,0.3333333333333333,0.013555787278415015,1.0,0.42857142857142855,0.25,1,0,1,0,0,0,0,0,0,1,0,1,36350
0.8518518518518519,0.0021929824561403508,0.3333333333333333,0.02502606882168926,0.0,0.42857142857142855,0.25,0,0,0,0,0,0,0,1,0,0,0,1,14444
0.6666666666666667,0.006578947368421052,0.0,0.0031282586027111575,0.5,1.0,0.625,1,0,0,1,0,0,1,0,0,0,1,0,28676
0.3703703703703704,0.006578947368421052,1.0,0.05735140771637122,0.5,0.42857142857142855,0.125,1,0,1,0,0,0,0,0,0,0,0,0,16517
0.7037037037037037,0.0043859649122807015,1.0,0.06047966631908238,1.0,1.0,0.625,0,0,1,0,0,0,1,0,0,0,0,1,35174
0.7592592592592593,0.010964912280701754,0.6666666666666667,0.02606882168925965,1.0,0.0,0.625,0,1,0,0,0,0,0,0,0,0,0,0,28895
0.3148148148148148,0.006578947368421052,0.0,0.0,0.0,0.0,0.25,0,0,0,0,0,0,0,0,0,0,1,0,9465
0.6481481481481481,0.006578947368421052,0.3333333333333333,0.018769551616266946,0.0,0.42857142857142855,0.125,0,0,1,0,0,1,0,0,0,0,0,1,15216
0.49999999999999994,0.0043859649122807015,0.3333333333333333,0.01772679874869656,1.0,0.42857142857142855,0.625,0,0,1,0,0,0,1,0,0,0,0,0,27543
0.1111111111111111,0.0,0.3333333333333333,0.02294056308654849,0.0,0.0,0.625,0,0,0,1,1,0,0,0,0,1,0,0,10577
0.4074074074074074,0.0043859649122807015,0.0,0.0010427528675703858,0.5,0.42857142857142855,0.625,0,0,0,1,0,0,0,0,1,0,1,0,19845
0.7222222222222223,0.006578947368421052,0.0,0.0031282586027111575,0.5,0.42857142857142855,0.625,0,1,0,0,0,0,0,0,0,0,1,0,22263
0.7222222222222223,0.010964912280701754,0.3333333333333333,0.021897810218978103,0.5,0.0,0.0,0,0,1,0,0,0,1,0,0,0,0,1,19291
0.7962962962962963,0.0043859649122807015,1.0,0.05318039624608968,1.0,0.8571428571428571,0.25,0,0,0,0,0,0,0,0,0,0,0,1,35345
0.14814814814814814,0.0021929824561403508,0.3333333333333333,0.019812304483837334,0.5,0.0,0.625,0,1,0,0,1,0,0,1,1,0,0,0,17804
0.46296296296296297,0.006578947368421052,0.3333333333333333,0.016684045881126174,1.0,0.0,0.0,1,0,1,0,0,1,0,0,0,1,1,0,27185
0.7222222222222223,0.0043859649122807015,0.6666666666666667,0.029197080291970805,1.0,0.42857142857142855,0.625,0,0,0,1,0,1,0,0,0,0,1,0,34837
0.44444444444444436,0.0,0.0,0.004171011470281543,0.0,0.42857142857142855,0.625,0,0,0,0,1,1,0,0,0,0,1,0,15951
0.09259259259259262,0.0,0.0,0.004171011470281543,0.0,0.0,0.25,1,0,0,1,1,0,0,1,0,0,1,0,7112
0.07407407407407407,0.17105263157894735,0.3333333333333333,0.021897810218978103,0.0,0.0,0.25,1,0,0,1,1,0,0,0,0,0,0,0,5318
0.20370370370370366,0.0043859649122807015,0.0,0.0072992700729927005,0.0,0.0,0.625,1,0,0,1,0,0,0,0,0,0,0,0,10411
0.1111111111111111,0.0,0.6666666666666667,0.03232533889468196,0.5,0.0,0.625,0,0,1,0,1,0,0,0,0,0,0,1,11220
0.3518518518518518,0.006578947368421052,0.3333333333333333,0.01772679874869656,0.5,0.5714285714285714,0.125,1,0,0,1,0,0,0,0,0,0,1,0,21189
0.6666666666666667,0.006578947368421052,0.0,0.006256517205422314,0.5,0.42857142857142855,0.0,0,1,0,0,0,0,1,0,0,0,1,0,21218
0.07407407407407407,0.0,0.0,0.0031282586027111575,0.5,0.0,0.625,0,0,0,0,1,0,0,0,0,0,0,0,10034
0.46296296296296297,0.0043859649122807015,1.0,0.0667361835245047,1.0,0.42857142857142855,0.625,1,0,0,1,0,0,0,1,0,0,0,1,26308
0.14814814814814814,0.0043859649122807015,0.0,0.006256517205422314,0.0,0.42857142857142855,0.0,0,0,0,0,1,0,0,0,0,0,0,0,9856
0.7777777777777779,0.006578947368421052,0.0,0.008342022940563087,0.5,1.0,0.5,0,0,0,1,0,0,0,0,0,0,1,0,26251
0.09259259259259262,0.0,0.6666666666666667,0.03441084462982273,0.0,0.0,0.125,1,0,0,1,1,0,0,0,0,0,0,0,5245
0.5925925925925926,0.008771929824561403,0.0,0.0031282586027111575,0.5,0.42857142857142855,0.25,0,0,1,0,0,1,0,0,0,0,0,1,25181
0.2962962962962962,0.006578947368421052,0.3333333333333333,0.01564129301355579,0.5,0.8571428571428571,0.25,0,1,0,0,0,0,1,0,0,1,1,0,24155
0.7777777777777779,0.0,0.0,0.0,0.5,0.35714285714285715,0.125,0,0,1,0,1,0,0,0,0,0,0,0,20529
0.09259259259259262,0.0021929824561403508,0.0,0.0031282586027111575,1.0,0.0,0.25,1,0,1,0,1,0,0,0,0,0,1,0,12293
0.1111111111111111,0.0021929824561403508,0.3333333333333333,0.021897810218978103,0.0,0.0,0.125,0,0,0,1,1,0,0,1,0,0,1,0,6396
0.25925925925925924,0.006578947368421052,0.0,0.008342022940563087,0.5,0.35714285714285715,0.0,0,0,0,1,0,0,1,0,0,0,0,0,17787
0.0,0.0,0.3333333333333333,0.014598540145985403,0.5,0.0,0.125,1,1,0,0,1,0,0,0,0,0,0,1,9189
0.6666666666666667,0.0043859649122807015,0.6666666666666667,0.03962460896767466,1.0,0.42857142857142855,1.0,1,1,0,0,0,0,0,0,0,1,1,0,33997
0.6666666666666667,0.008771929824561403,0.6666666666666667,0.03962460896767466,1.0,0.35714285714285715,0.625,0,0,0,0,0,0,0,0,0,0,1,0,29920
0.07407407407407407,0.006578947368421052,1.0,0.09384775808133473,0.5,0.0,0.125,0,1,0,0,0,0,0,1,0,1,0,0,11591
0.574074074074074,0.006578947368421052,0.0,0.0,0.5,0.7857142857142857,0.125,0,0,0,0,0,1,0,0,0,0,1,0,25881
0.7407407407407407,0.0,0.6666666666666667,0.03962460896767466,1.0,0.35714285714285715,0.0,0,0,0,1,1,0,0,0,0,0,1,0,27645
0.018518518518518545,0.0,0.0,0.0072992700729927005,0.0,0.0,0.625,0,0,1,0,1,0,0,1,0,1,1,0,11667
0.09259259259259262,0.0,0.3333333333333333,0.021897810218978103,0.0,0.0,0.25,0,0,1,0,1,0,0,1,0,0,0,0,5347
0.3703703703703704,0.006578947368421052,0.3333333333333333,0.02502606882168926,0.5,0.42857142857142855,0.0,0,0,0,0,0,0,0,0,1,0,0,1,16281
0.46296296296296297,0.010964912280701754,0.0,0.0010427528675703858,0.0,0.42857142857142855,0.25,0,0,1,0,0,0,0,1,0,1,1,0,13357
0.48148148148148145,0.0043859649122807015,0.3333333333333333,0.01772679874869656,0.5,0.35714285714285715,0.5,1,0,1,0,0,1,0,0,0,1,1,0,25078
0.25925925925925924,0.006578947368421052,0.0,0.0020855057351407717,0.0,0.7857142857142857,0.125,0,0,1,0,0,0,0,1,0,0,0,1,13109
0.1111111111111111,0.0,0.6666666666666667,0.029197080291970805,0.0,0.42857142857142855,0.125,1,0,0,1,1,0,0,1,0,0,0,0,7996
0.5185185185185186,0.0043859649122807015,0.0,0.0,0.5,0.42857142857142855,0.25,0,0,0,1,0,1,0,0,0,0,0,1,25157
0.018518518518518545,0.0,0.3333333333333333,0.01564129301355579,0.0,0.0,0.625,0,1,0,0,1,0,0,1,0,1,0,0,12134
0.5555555555555556,0.006578947368421052,0.3333333333333333,0.014598540145985403,1.0,0.42857142857142855,0.625,0,0,0,1,0,0,1,0,0,1,1,0,35698
0.09259259259259262,0.0021929824561403508,0.0,0.006256517205422314,0.0,0.0,0.625,0,0,0,1,1,0,0,0,0,0,0,1,7101
0.9444444444444444,0.0043859649122807015,0.3333333333333333,0.018769551616266946,1.0,0.42857142857142855,0.625,0,0,0,1,0,0,1,0,0,0,0,1,37947
0.6111111111111112,0.008771929824561403,0.0,0.004171011470281543,0.0,0.42857142857142855,0.25,0,0,1,0,0,0,0,0,0,0,1,0,12464
0.22222222222222227,0.008771929824561403,0.0,0.008342022940563087,0.0,0.35714285714285715,0.0,0,0,1,0,0,0,0,0,0,1,0,1,13257
0.09259259259259262,0.0,0.0,0.0,0.0,1.0,0.25,0,0,1,0,1,0,0,1,0,0,0,0,12382
0.6481481481481481,0.006578947368421052,0.0,0.0072992700729927005,0.5,0.42857142857142855,0.5,1,0,0,1,0,0,0,0,0,0,1,0,20787
0.7592592592592593,0.006578947368421052,0.0,0.0010427528675703858,0.5,0.42857142857142855,0.625,1,0,0,1,0,1,0,0,0,1,1,0,29044
0.055555555555555525,0.0,0.0,0.0,0.0,0.0,0.5,1,0,1,0,1,0,0,1,0,1,1,0,9474
0.44444444444444436,0.0,0.0,0.0072992700729927005,0.0,0.35714285714285715,0.625,1,0,0,1,1,1,0,0,0,1,1,0,20320
0.7777777777777779,0.006578947368421052,1.0,0.04796663190823775,0.5,0.42857142857142855,0.125,1,1,0,0,0,0,0,1,0,1,0,1,24065
0.5555555555555556,0.0043859649122807015,0.6666666666666667,0.027111574556830033,1.0,0.42857142857142855,0.625,1,0,0,1,0,0,0,0,0,1,0,1,32248
0.5185185185185186,0.006578947368421052,0.0,0.004171011470281543,0.5,1.0,0.125,0,0,1,0,0,0,0,0,0,0,0,1,24001
0.574074074074074,0.0043859649122807015,0.6666666666666667,0.02606882168925965,1.0,0.0,0.625,1,0,1,0,0,1,0,0,0,0,0,1,31158
0.5925925925925926,0.006578947368421052,0.0,0.0031282586027111575,0.0,0.0,0.125,0,0,1,0,0,1,0,0,0,0,1,0,14486
0.24074074074074076,0.0043859649122807015,0.0,0.0,0.0,0.8571428571428571,0.625,0,0,0,1,0,0,0,0,1,0,0,1,16135
0.055555555555555525,0.0,0.0,0.0020855057351407717,0.0,0.0,0.0,0,0,0,1,1,1,0,0,0,0,1,0,9289
0.5925925925925926,0.0,0.0,0.0,0.0,0.0,0.5,1,0,0,1,1,0,1,0,0,1,0,1,17422
0.6851851851851851,0.008771929824561403,0.6666666666666667,0.03962460896767466,1.0,0.42857142857142855,0.625,0,0,1,0,0,0,0,0,1,0,0,1,31726
0.44444444444444436,0.0021929824561403508,1.0,0.07299270072992702,0.5,0.8571428571428571,0.625,0,0,1,0,1,1,0,0,0,0,0,0,25368
0.3518518518518518,0.0,0.6666666666666667,0.027111574556830033,0.5,0.42857142857142855,0.625,0,1,0,0,1,0,0,0,0,0,0,1,19262
0.20370370370370366,0.006578947368421052,0.6666666666666667,0.02502606882168926,0.5,0.42857142857142855,0.125,1,0,0,1,0,0,1,0,1,0,0,0,20054
0.018518518518518545,0.006578947368421052,0.0,0.0,0.0,0.0,0.5,1,1,0,0,0,1,0,0,0,0,0,0,10156
0.0,0.0,0.0,0.0010427528675703858,0.0,0.0,0.125,0,0,0,1,1,1,0,0,0,0,0,1,9654
0.6481481481481481,0.008771929824561403,0.0,0.004171011470281543,0.5,0.5714285714285714,0.625,0,0,1,0,0,1,0,0,0,0,1,0,31063
0.5185185185185186,0.0043859649122807015,0.0,0.0020855057351407717,0.5,0.42857142857142855,0.125,0,0,1,0,0,0,1,0,0,0,0,0,21116
0.09259259259259262,0.0043859649122807015,0.6666666666666667,0.03128258602711158,0.0,0.42857142857142855,0.625,0,0,1,0,1,0,0,1,0,0,0,0,9821
0.16666666666666669,0.0021929824561403508,0.0,0.0020855057351407717,0.0,0.0,0.625,1,0,1,0,1,1,0,0,0,1,1,0,17817
0.44444444444444436,0.006578947368421052,0.3333333333333333,0.013555787278415015,1.0,0.42857142857142855,0.5,1,0,0,1,0,0,1,0,0,0,1,0,26347
0.7407407407407407,0.0043859649122807015,0.0,0.0010427528675703858,0.5,0.42857142857142855,0.25,1,0,0,1,1,0,1,0,0,1,1,0,26004
0.0,0.0021929824561403508,0.6666666666666667,0.03128258602711158,0.0,0.0,0.25,0,1,0,0,1,1,0,0,0,0,0,0,9357
0.1111111111111111,0.0043859649122807015,0.0,0.006256517205422314,0.0,0.0,0.25,0,1,0,0,0,0,0,0,0,0,1,0,4924
0.7777777777777779,0.0043859649122807015,0.3333333333333333,0.02502606882168926,1.0,0.42857142857142855,0.625,0,1,0,0,0,0,0,0,0,0,0,0,30952
0.7592592592592593,0.006578947368421052,0.0,0.0031282586027111575,0.5,0.42857142857142855,0.0,0,0,0,0,0,0,0,0,0,0,1,0,19078
0.18518518518518517,1.0,0.3333333333333333,0.02502606882168926,0.5,0.42857142857142855,0.625,0,0,0,0,0,0,0,0,0,0,0,1,19433
0.49999999999999994,0.0043859649122807015,0.3333333333333333,0.016684045881126174,0.5,0.42857142857142855,0.25,0,0,1,0,1,0,0,0,1,0,0,1,17385
0.7777777777777779,0.008771929824561403,0.6666666666666667,0.03962460896767466,1.0,0.0,0.25,0,0,0,1,0,0,1,0,0,0,1,0,27994
0.537037037037037,0.010964912280701754,0.3333333333333333,0.014598540145985403,1.0,0.35714285714285715,0.625,1,0,0,1,0,1,0,0,0,0,1,0,34199
0.25925925925925924,0.006578947368421052,0.3333333333333333,0.021897810218978103,0.5,0.42857142857142855,0.625,0,0,1,0,0,0,1,0,0,0,0,1,20251
0.3703703703703704,0.0021929824561403508,0.0,0.00521376433785193,0.0,0.5714285714285714,0.625,0,0,0,0,1,0,1,0,0,0,1,0,18768
0.24074074074074076,0.0,0.3333333333333333,0.019812304483837334,0.5,0.0,0.125,1,0,0,0,1,0,0,1,0,1,0,0,19022
0.018518518518518545,0.0,0.0,0.0072992700729927005,0.5,0.0,0.25,1,0,1,0,1,0,1,0,0,0,1,0,11176
0.1296296296296296,0.0021929824561403508,0.3333333333333333,0.010427528675703858,1.0,0.0,0.5,0,1,0,0,1,0,0,0,0,0,0,0,13425
0.7037037037037037,0.0021929824561403508,0.3333333333333333,0.011470281543274244,1.0,0.35714285714285715,0.25,1,0,1,0,1,1,0,0,0,1,1,0,35177
0.14814814814814814,0.0043859649122807015,0.3333333333333333,0.01251303441084463,0.5,0.42857142857142855,0.25,0,0,1,0,0,0,0,1,0,0,0,0,17765
0.6296296296296295,0.006578947368421052,0.0,0.0031282586027111575,0.5,0.42857142857142855,0.625,1,1,0,0,0,0,0,0,0,1,0,1,24763
0.0,0.0,0.6666666666666667,0.028154327424400417,0.0,0.0,0.25,0,0,1,0,1,0,0,0,0,0,0,0,5240
0.6111111111111112,0.008771929824561403,0.0,0.0072992700729927005,0.5,0.0,0.125,0,0,0,0,0,0,0,0,1,0,0,0,19339
0.22222222222222227,0.0043859649122807015,1.0,0.07612095933263817,1.0,0.42857142857142855,0.5,1,1,0,0,0,1,0,0,0,1,0,1,32423
0.6851851851851851,0.008771929824561403,0.0,0.0020855057351407717,0.0,0.8571428571428571,0.5,0,0,1,0,0,0,0,0,1,0,0,1,16528
0.49999999999999994,0.0,0.0,0.004171011470281543,0.0,0.0,0.25,0,0,1,0,1,0,0,1,0,0,0,1,9016
0.1296296296296296,0.0,0.3333333333333333,0.021897810218978103,0.0,0.0,0.625,1,1,0,0,1,0,0,0,1,0,0,0,8159
0.018518518518518545,0.0,0.6666666666666667,0.029197080291970805,0.5,0.0,0.625,0,0,0,0,1,0,0,0,0,0,0,1,10338
0.1111111111111111,0.006578947368421052,0.0,0.0031282586027111575,0.5,0.0,0.625,0,1,0,0,0,1,0,0,0,0,1,0,15723
0.6296296296296295,0.008771929824561403,0.0,0.004171011470281543,0.5,0.42857142857142855,0.25,0,0,1,0,0,0,1,0,0,0,0,1,22874
0.24074074074074076,0.0043859649122807015,0.6666666666666667,0.029197080291970805,0.5,0.0,0.625,1,0,0,1,1,0,0,0,0,0,0,1,16579
0.14814814814814814,0.0,1.0,0.05526590198123045,1.0,0.42857142857142855,0.5,0,0,1,0,1,0,0,1,0,1,0,0,27642
0.09259259259259262,0.0,0.3333333333333333,0.02294056308654849,0.0,0.0,0.25,0,0,0,1,1,0,0,1,0,0,0,1,7141
0.055555555555555525,0.0,0.0,0.0072992700729927005,0.0,0.0,0.625,0,0,0,1,1,0,0,0,1,0,0,1,8423
0.3518518518518518,0.0043859649122807015,0.3333333333333333,0.009384775808133473,1.0,1.0,0.5,1,0,0,1,0,0,1,0,1,0,0,1,32526
0.9074074074074074,0.0043859649122807015,0.0,0.0020855057351407717,0.5,0.42857142857142855,1.0,0,0,1,0,0,0,0,0,0,1,0,1,30157
0.037037037037037035,0.0,0.0,0.004171011470281543,0.5,0.0,0.125,0,0,0,1,1,0,0,0,0,1,1,0,10926
0.27777777777777773,0.0,0.0,0.00521376433785193,0.0,0.0,0.125,0,0,1,0,1,0,0,0,0,1,1,0,10413
0.7407407407407407,0.0,0.0,0.008342022940563087,0.5,0.8571428571428571,1.0,1,0,0,1,1,0,0,0,0,1,0,1,29678
0.055555555555555525,0.0021929824561403508,0.6666666666666667,0.03128258602711158,0.0,0.0,0.125,1,0,1,0,1,0,0,0,0,0,0,1,5319
0.25925925925925924,0.006578947368421052,1.0,0.0521376433785193,1.0,0.42857142857142855,0.5,0,0,1,0,0,0,1,0,1,0,1,0,27271
0.3703703703703704,0.006578947368421052,0.3333333333333333,0.018769551616266946,0.5,0.0,0.25,0,0,0,0,0,0,1,0,0,0,1,0,17114
0.962962962962963,0.0043859649122807015,1.0,0.09801876955161627,1.0,0.42857142857142855,0.125,0,1,0,0,0,0,0,0,0,0,0,1,33456
0.055555555555555525,0.0,0.3333333333333333,0.011470281543274244,0.0,0.0,0.125,0,1,0,0,1,0,0,1,0,0,0,0,5024
0.1111111111111111,0.0021929824561403508,0.3333333333333333,0.016684045881126174,0.0,0.0,0.625,0,0,1,0,1,0,0,1,0,0,1,0,8766
0.018518518518518545,0.0,0.0,0.0020855057351407717,0.5,0.0,0.625,0,0,0,0,1,0,1,0,0,0,1,0,13354
0.537037037037037,0.0,0.0,0.0031282586027111575,0.5,0.0,0.5,1,0,0,0,1,1,0,0,0,0,1,0,23543
0.3333333333333333,0.006578947368421052,0.0,0.0072992700729927005,0.5,0.42857142857142855,0.25,1,0,1,0,0,0,1,0,0,1,1,0,23120
0.7037037037037037,0.006578947368421052,0.6666666666666667,0.03545359749739312,0.5,0.35714285714285715,0.25,1,0,0,0,0,0,1,0,0,0,0,1,22517
0.09259259259259262,0.0,0.3333333333333333,0.014598540145985403,0.0,0.0,0.625,0,0,1,0,1,0,0,0,0,1,0,0,11285
0.7407407407407407,0.0043859649122807015,0.3333333333333333,0.013555787278415015,1.0,0.42857142857142855,0.25,1,1,0,0,1,0,1,0,1,0,1,0,32309
0.1296296296296296,0.0021929824561403508,0.3333333333333333,0.010427528675703858,0.0,0.0,0.125,0,1,0,0,1,0,0,0,0,0,0,1,4913
0.537037037037037,0.0043859649122807015,0.6666666666666667,0.03649635036496351,1.0,0.0,0.625,1,0,1,0,0,0,0,0,0,1,0,0,31275
0.5555555555555556,0.006578947368421052,0.0,0.0031282586027111575,0.0,0.5714285714285714,1.0,0,1,0,0,0,0,1,0,0,0,1,0,21367
0.3703703703703704,0.006578947368421052,0.3333333333333333,0.021897810218978103,0.5,0.42857142857142855,0.25,1,1,0,0,0,0,0,0,0,1,1,0,19558
0.14814814814814814,0.006578947368421052,0.3333333333333333,0.021897810218978103,0.5,0.42857142857142855,0.125,1,0,1,0,0,0,1,0,0,1,1,0,21666
0.018518518518518545,0.0,0.0,0.008342022940563087,0.0,0.0,0.125,1,1,0,0,1,0,0,0,0,1,0,1,8998
0.3518518518518518,0.0,1.0,0.06360792492179354,1.0,0.0,0.125,1,0,0,0,1,0,0,0,0,0,0,0,21021
0.537037037037037,0.008771929824561403,0.3333333333333333,0.019812304483837334,1.0,0.42857142857142855,0.25,0,1,0,0,0,0,0,0,0,0,0,1,28407
0.7592592592592593,0.006578947368421052,1.0,0.08446298227320126,1.0,0.5714285714285714,0.625,0,0,1,0,0,0,1,0,0,0,1,0,36176
0.3888888888888889,0.008771929824561403,0.0,0.0,0.0,0.0,0.625,1,1,0,0,0,0,1,0,0,1,1,0,16179
0.3148148148148148,0.008771929824561403,0.3333333333333333,0.010427528675703858,0.5,0.42857142857142855,0.25,1,0,1,0,0,0,0,0,0,1,1,0,20835
0.44444444444444436,0.0043859649122807015,0.3333333333333333,0.018769551616266946,0.5,0.35714285714285715,0.5,1,0,1,0,0,1,0,0,0,0,1,0,22019
0.5185185185185186,0.006578947368421052,0.0,0.006256517205422314,0.5,0.0,0.625,0,0,1,0,0,1,0,0,0,0,1,0,24701
0.5925925925925926,0.006578947368421052,1.0,0.08029197080291971,0.0,0.42857142857142855,0.625,1,0,1,0,0,1,0,0,0,1,0,0,21829
0.6481481481481481,0.0021929824561403508,0.6666666666666667,0.04066736183524505,1.0,0.35714285714285715,1.0,1,0,0,1,1,0,0,0,0,1,0,1,34602
0.5185185185185186,0.0043859649122807015,0.6666666666666667,0.02502606882168926,1.0,0.42857142857142855,0.625,1,0,0,1,0,0,1,0,0,0,0,0,31379
0.07407407407407407,0.0,0.3333333333333333,0.01251303441084463,0.5,0.0,0.25,0,0,0,1,1,0,0,0,0,0,0,0,8659
0.7037037037037037,0.010964912280701754,1.0,0.08029197080291971,1.0,0.0,0.625,1,0,1,0,0,1,0,0,0,0,0,1,32146
0.6111111111111112,0.0043859649122807015,0.3333333333333333,0.02502606882168926,1.0,0.42857142857142855,0.625,0,0,0,1,0,0,0,0,0,1,1,0,33647
0.574074074074074,0.008771929824561403,0.6666666666666667,0.028154327424400417,1.0,0.5714285714285714,0.125,0,0,1,0,0,0,0,0,1,0,0,1,31814
0.5555555555555556,0.0043859649122807015,0.0,0.0020855057351407717,0.5,0.0,0.25,0,0,1,0,0,0,1,0,0,0,0,1,20910
0.14814814814814814,0.0021929824561403508,0.0,0.0031282586027111575,0.0,0.42857142857142855,0.125,0,0,0,0,1,1,0,0,0,0,0,0,14709
0.20370370370370366,0.006578947368421052,0.3333333333333333,0.02085505735140772,0.5,0.7857142857142857,0.5,0,1,0,0,0,0,0,0,0,0,1,0,19551
0.574074074074074,0.006578947368421052,0.0,0.006256517205422314,0.5,0.35714285714285715,0.25,0,1,0,0,0,1,0,0,0,1,1,0,27994
0.49999999999999994,0.0043859649122807015,0.0,0.006256517205422314,0.0,0.42857142857142855,0.0,1,0,1,0,1,0,0,0,0,1,1,0,13580
0.037037037037037035,0.0,0.6666666666666667,0.029197080291970805,0.0,0.0,0.625,0,1,0,0,1,0,0,1,0,1,0,0,10203
0.49999999999999994,0.0043859649122807015,0.6666666666666667,0.02606882168925965,0.5,0.42857142857142855,0.625,0,0,0,1,0,1,0,0,0,1,0,1,26898
0.3333333333333333,0.0,0.0,0.00521376433785193,0.5,0.5714285714285714,1.0,1,0,0,1,1,0,0,1,0,1,0,0,28261
0.1111111111111111,0.0,1.0,0.05318039624608968,0.0,0.0,0.625,0,0,1,0,1,0,0,1,0,0,1,0,7272
0.07407407407407407,0.0021929824561403508,0.3333333333333333,0.01251303441084463,0.5,0.0,0.125,0,0,1,0,1,0,1,0,0,1,1,0,13677
0.1296296296296296,0.0021929824561403508,0.0,0.0010427528675703858,1.0,0.0,0.125,1,0,0,1,1,0,0,0,0,1,0,0,15768
0.018518518518518545,0.0,0.3333333333333333,0.02502606882168926,1.0,0.0,0.5,1,1,0,0,1,0,0,0,0,0,0,1,14729
0.7222222222222223,0.0043859649122807015,0.0,0.0010427528675703858,0.0,0.35714285714285715,0.25,0,0,1,0,0,1,0,0,0,0,1,0,16088
0.1296296296296296,0.0,0.6666666666666667,0.02606882168925965,0.0,0.0,0.125,1,0,0,1,1,0,0,0,0,0,0,0,4550
0.1111111111111111,0.0021929824561403508,0.3333333333333333,0.014598540145985403,0.0,0.0,0.625,0,0,1,0,1,0,0,0,0,1,0,0,11403
0.3888888888888889,0.0043859649122807015,1.0,0.09906152241918666,0.5,0.42857142857142855,0.625,1,1,0,0,0,0,0,0,0,1,0,1,21296
0.1111111111111111,0.0,0.0,0.0,0.0,0.0,0.25,0,0,0,1,1,1,0,0,0,0,0,0,9582
0.574074074074074,0.006578947368421052,0.0,0.004171011470281543,0.5,0.42857142857142855,0.25,0,1,0,0,0,0,0,0,0,0,1,0,21045
0.07407407407407407,0.0,0.0,0.0031282586027111575,0.0,0.0,0.625,1,0,0,0,1,0,0,0,0,0,1,0,7871
0.6666666666666667,0.006578947368421052,0.6666666666666667,0.03962460896767466,0.5,0.35714285714285715,1.0,0,0,1,0,0,1,0,0,0,0,0,0,28047
0.5555555555555556,0.008771929824561403,1.0,0.10114702815432743,1.0,0.5714285714285714,0.625,0,1,0,0,0,0,1,0,0,1,0,1,39378
0.7592592592592593,0.0043859649122807015,0.3333333333333333,0.021897810218978103,1.0,0.35714285714285715,0.625,1,0,1,0,0,1,0,0,0,1,0,1,37553
0.09259259259259262,0.0,1.0,0.04275286757038582,0.5,0.0,0.25,0,0,0,1,1,0,0,0,0,0,0,0,8871
0.5185185185185186,0.006578947368421052,0.0,0.004171011470281543,0.5,0.0,0.25,0,0,0,1,0,1,0,0,0,0,0,0,22299
0.7407407407407407,0.0043859649122807015,0.6666666666666667,0.03649635036496351,1.0,0.42857142857142855,0.5,1,1,0,0,0,0,1,0,0,1,0,1,35436
0.5185185185185186,0.0043859649122807015,0.3333333333333333,0.011470281543274244,1.0,0.42857142857142855,0.25,1,1,0,0,0,0,0,0,0,1,1,0,31962
0.46296296296296297,0.0043859649122807015,0.0,0.004171011470281543,0.5,1.0,0.125,0,0,0,1,0,0,1,0,0,0,1,0,22908
0.7777777777777779,0.006578947368421052,0.0,0.0031282586027111575,0.5,1.0,0.25,0,0,1,0,0,0,1,0,0,0,1,0,26345
0.0,0.0043859649122807015,0.3333333333333333,0.02502606882168926,0.0,0.0,0.5,0,0,1,0,0,0,0,0,0,0,0,0,6940
0.6481481481481481,0.010964912280701754,0.6666666666666667,0.03336809176225235,0.5,0.42857142857142855,0.5,0,0,0,1,0,0,0,0,0,1,0,1,24760
0.27777777777777773,0.006578947368421052,0.0,0.0010427528675703858,0.0,0.42857142857142855,0.5,0,0,0,1,0,0,0,1,0,0,1,0,12298
0.962962962962963,0.0021929824561403508,0.3333333333333333,0.010427528675703858,1.0,0.42857142857142855,0.25,0,0,1,0,0,0,0,0,0,0,0,1,34103
0.037037037037037035,0.0,0.3333333333333333,0.021897810218978103,0.0,0.0,0.25,1,0,0,1,1,0,0,0,1,0,0,0,7455
0.037037037037037035,0.0,0.6666666666666667,0.03649635036496351,1.0,0.0,0.25,1,0,1,0,1,0,0,1,0,0,0,0,12989
0.537037037037037,0.006578947368421052,0.0,0.00521376433785193,0.5,0.42857142857142855,0.25,1,0,1,0,0,0,1,0,0,1,1,0,25718
0.25925925925925924,0.0021929824561403508,1.0,0.08342022940563087,1.0,0.0,0.25,0,0,1,0,1,1,0,0,0,0,1,0,25692
0.3518518518518518,0.0021929824561403508,0.0,0.0010427528675703858,0.0,0.0,1.0,1,0,0,1,1,0,0,0,0,1,1,0,14512
0.537037037037037,0.008771929824561403,0.0,0.0010427528675703858,0.5,0.35714285714285715,0.5,0,0,0,1,0,0,0,0,0,1,0,1,24175
0.3518518518518518,0.0,0.0,0.006256517205422314,0.0,0.0,0.25,1,0,1,0,1,0,0,1,0,0,1,0,10072
0.6851851851851851,0.006578947368421052,0.6666666666666667,0.029197080291970805,1.0,0.42857142857142855,0.25,1,0,0,1,0,0,0,0,0,1,0,0,30325
0.6111111111111112,0.5043859649122807,0.0,0.0,0.5,0.42857142857142855,0.625,0,1,0,0,0,1,0,0,1,0,1,0,27560
0.5925925925925926,0.0043859649122807015,1.0,0.04066736183524505,1.0,0.0,0.25,1,0,1,0,0,0,1,0,0,1,0,1,31070
0.25925925925925924,0.0021929824561403508,0.3333333333333333,0.01564129301355579,0.5,0.42857142857142855,0.625,0,0,1,0,1,0,0,0,1,0,0,0,19310
0.037037037037037035,0.0,0.0,0.008342022940563087,0.0,0.0,0.25,1,0,0,0,1,0,0,0,0,0,1,0,6494
0.49999999999999994,0.0021929824561403508,1.0,0.10218978102189781,1.0,0.42857142857142855,0.625,0,0,0,1,1,1,0,0,1,0,1,0,30119
0.25925925925925924,0.006578947368421052,0.3333333333333333,0.010427528675703858,0.5,0.0,0.25,0,0,0,0,0,0,0,1,0,0,0,0,15082
0.07407407407407407,0.0021929824561403508,0.0,0.0010427528675703858,0.5,0.0,0.625,0,0,1,0,1,0,0,0,0,0,0,0,11471
0.037037037037037035,0.0021929824561403508,0.0,0.0,0.0,0.0,0.5,0,0,1,0,1,0,0,0,0,0,0,1,6717
0.3888888888888889,0.0,0.0,0.00521376433785193,0.0,0.0,0.25,0,0,1,0,1,1,0,0,0,0,1,0,13351
0.25925925925925924,0.006578947368421052,0.3333333333333333,0.014598540145985403,0.5,0.35714285714285715,1.0,1,1,0,0,0,0,0,0,0,0,0,1,20000
0.5925925925925926,0.006578947368421052,0.3333333333333333,0.01772679874869656,1.0,0.42857142857142855,0.25,0,0,0,0,0,1,0,0,1,0,0,0,33742
0.037037037037037035,0.0,0.0,0.0010427528675703858,0.0,0.0,0.625,0,0,0,1,1,1,0,0,0,1,0,0,14801
0.3333333333333333,0.0021929824561403508,0.3333333333333333,0.009384775808133473,0.5,1.0,0.125,0,1,0,0,1,0,0,0,0,0,0,1,21510
0.7777777777777779,0.008771929824561403,1.0,0.05735140771637122,1.0,0.35714285714285715,0.25,1,0,1,0,0,0,0,0,0,0,0,1,29304
0.22222222222222227,0.006578947368421052,0.0,0.006256517205422314,0.0,0.42857142857142855,0.625,1,0,1,0,0,0,0,0,0,1,1,0,14888
0.07407407407407407,0.0021929824561403508,0.6666666666666667,0.030239833159541193,0.0,0.42857142857142855,0.625,0,0,1,0,1,1,0,0,0,0,0,0,14472
0.4259259259259259,0.0021929824561403508,0.3333333333333333,0.02294056308654849,0.5,0.42857142857142855,0.25,1,0,0,1,1,0,0,0,1,0,1,0,17486
0.07407407407407407,0.0,0.6666666666666667,0.030239833159541193,0.5,0.0,0.125,1,0,0,1,1,0,0,0,0,0,1,0,8718
0.6851851851851851,0.0021929824561403508,0.0,0.0020855057351407717,0.5,0.42857142857142855,0.0,1,0,0,1,1,0,1,0,0,1,1,0,23844
0.574074074074074,0.0021929824561403508,0.0,0.0020855057351407717,0.5,0.42857142857142855,0.0,0,0,1,0,1,0,1,0,0,0,0,0,21561
0.3703703703703704,0.006578947368421052,0.3333333333333333,0.011470281543274244,0.5,0.0,0.625,1,1,0,0,0,0,0,1,0,1,0,1,20506
0.09259259259259262,0.0,0.3333333333333333,0.01772679874869656,0.0,0.0,0.625,0,0,1,0,1,0,0,1,0,1,1,0,11521
0.3148148148148148,0.006578947368421052,0.6666666666666667,0.03858185610010428,0.5,0.42857142857142855,0.625,0,0,0,0,0,0,0,1,1,0,0,1,20981
0.25925925925925924,0.008771929824561403,0.0,0.0072992700729927005,0.0,0.0,0.25,0,0,0,0,0,0,0,1,0,1,1,0,11407
0.7222222222222223,0.0043859649122807015,0.6666666666666667,0.028154327424400417,1.0,0.0,0.0,0,0,1,0,0,1,0,0,0,0,0,1,29367
0.574074074074074,0.006578947368421052,0.6666666666666667,0.03858185610010428,0.0,0.5714285714285714,0.25,0,1,0,0,0,0,0,0,0,0,0,1,15671
0.574074074074074,0.006578947368421052,0.6666666666666667,0.03962460896767466,1.0,0.35714285714285715,0.25,0,0,0,1,0,1,0,0,0,0,0,0,31936
0.1296296296296296,0.0,0.6666666666666667,0.03545359749739312,0.0,0.0,0.25,0,0,1,0,1,0,0,1,0,0,0,0,5616
0.5925925925925926,0.006578947368421052,0.0,0.004171011470281543,0.5,0.42857142857142855,0.125,0,0,0,1,0,0,1,0,0,0,1,0,21053
0.4259259259259259,0.008771929824561403,0.0,0.006256517205422314,0.0,0.0,0.625,0,0,1,0,0,0,0,0,0,1,0,0,12997
0.7222222222222223,0.006578947368421052,0.0,0.004171011470281543,0.5,0.42857142857142855,0.25,0,0,0,1,0,1,0,0,0,0,0,0,23671
0.24074074074074076,0.008771929824561403,0.0,0.008342022940563087,0.0,0.42857142857142855,0.25,1,1,0,0,0,0,1,0,0,0,0,1,12724
0.7222222222222223,0.006578947368421052,0.3333333333333333,0.02294056308654849,1.0,0.0,0.125,0,0,0,1,0,1,0,0,1,0,1,0,29824
0.6851851851851851,0.0043859649122807015,0.6666666666666667,0.03336809176225235,1.0,0.42857142857142855,0.25,0,0,1,0,0,0,0,0,1,0,0,0,29076
0.1296296296296296,0.0,0.3333333333333333,0.009384775808133473,0.0,0.0,0.625,1,0,1,0,1,0,0,1,0,0,0,0,7374
0.09259259259259262,0.0,0.0,0.0072992700729927005,0.0,0.0,0.125,0,0,0,1,1,0,0,0,1,0,0,0,6729
0.6296296296296295,0.008771929824561403,0.6666666666666667,0.03858185610010428,1.0,0.42857142857142855,0.25,1,0,0,0,0,0,1,0,0,0,0,1,29785
0.7037037037037037,0.0,0.3333333333333333,0.018769551616266946,1.0,0.0,0.5,0,0,0,1,1,0,0,0,0,0,1,0,28550
0.5555555555555556,0.008771929824561403,0.3333333333333333,0.011470281543274244,1.0,0.42857142857142855,0.125,1,0,0,0,0,0,0,0,0,1,0,0,29672
0.09259259259259262,0.0,0.3333333333333333,0.02085505735140772,0.0,0.0,1.0,1,0,0,1,1,0,0,1,0,0,1,0,9674
0.018518518518518545,0.0,0.3333333333333333,0.014598540145985403,1.0,0.8571428571428571,0.5,1,1,0,0,1,0,0,0,0,1,0,1,21662
0.3518518518518518,0.010964912280701754,0.0,0.006256517205422314,0.5,0.35714285714285715,0.125,1,0,1,0,0,0,0,0,0,1,0,0,19963
0.7777777777777779,0.010964912280701754,0.0,0.0020855057351407717,0.5,0.42857142857142855,0.25,0,0,0,1,0,0,0,0,0,0,0,1,19703
0.3148148148148148,0.0,0.0,0.006256517205422314,0.0,0.42857142857142855,0.25,0,0,1,0,1,0,0,0,1,0,1,0,12711
0.037037037037037035,0.0021929824561403508,1.0,0.09384775808133473,0.5,0.0,0.25,0,0,0,0,1,0,0,0,0,0,1,0,9451
0.2962962962962962,0.0021929824561403508,0.0,0.004171011470281543,0.5,0.0,0.25,0,0,0,0,1,0,0,1,0,0,1,0,16751
0.07407407407407407,0.0,0.0,0.004171011470281543,0.0,0.0,0.25,0,0,0,1,1,0,0,0,0,0,0,1,5709
0.574074074074074,0.0043859649122807015,0.0,0.0072992700729927005,0.5,0.0,0.625,1,0,1,0,0,0,1,0,1,0,0,1,22328
0.537037037037037,0.0,0.0,0.0031282586027111575,0.0,0.42857142857142855,0.5,0,0,0,0,1,1,0,0,1,0,0,1,18504
0.6111111111111112,0.0043859649122807015,0.0,0.0,0.5,0.35714285714285715,0.125,1,1,0,0,0,0,1,0,1,0,0,0,22070
0.6111111111111112,0.010964912280701754,0.0,0.004171011470281543,0.5,0.5714285714285714,0.625,1,0,0,0,0,0,0,0,0,1,1,0,29649
0.3148148148148148,0.006578947368421052,0.0,0.00521376433785193,0.0,0.42857142857142855,0.625,1,0,1,0,0,0,0,0,0,0,0,0,12242
0.6851851851851851,0.0021929824561403508,1.0,0.08133472367049009,1.0,0.0,1.0,0,0,0,1,1,1,0,0,0,0,0,1,34375
0.7222222222222223,0.008771929824561403,1.0,0.06777893639207508,1.0,0.42857142857142855,0.125,1,0,1,0,0,0,0,0,0,1,0,1,29788
0.6111111111111112,0.0043859649122807015,1.0,0.04171011470281544,0.5,0.42857142857142855,0.25,0,0,1,0,0,0,0,1,0,0,0,0,20042
0.3518518518518518,0.006578947368421052,0.0,0.0010427528675703858,0.0,0.0,0.625,0,0,0,1,0,0,0,0,0,0,1,0,9789
0.574074074074074,0.0043859649122807015,0.3333333333333333,0.013555787278415015,1.0,0.0,0.5,1,1,0,0,0,0,1,0,0,1,0,1,33404
0.7962962962962963,0.0021929824561403508,0.0,0.0,0.5,0.42857142857142855,0.25,0,0,1,0,0,0,0,0,0,0,0,1,25180
0.7222222222222223,0.006578947368421052,1.0,0.05839416058394161,1.0,0.5714285714285714,0.625,0,1,0,0,0,0,1,0,0,0,0,1,35331
0.24074074074074076,0.0043859649122807015,0.0,0.00521376433785193,0.0,0.35714285714285715,0.25,1,1,0,0,0,0,1,0,0,0,0,0,12726
0.27777777777777773,0.0043859649122807015,0.0,0.006256517205422314,0.0,0.42857142857142855,0.25,0,0,0,1,0,0,1,0,0,0,1,0,12798
0.25925925925925924,0.0043859649122807015,0.3333333333333333,0.02085505735140772,1.0,0.42857142857142855,0.25,0,0,0,1,0,1,0,0,0,1,1,0,31378
0.7962962962962963,0.0,1.0,0.09906152241918666,0.5,0.42857142857142855,0.5,1,0,0,0,1,0,0,1,0,0,0,1,25214
0.018518518518518545,0.0,0.6666666666666667,0.03336809176225235,0.0,0.0,0.625,1,0,1,0,1,0,0,0,0,1,0,1,11052
0.5555555555555556,0.008771929824561403,0.3333333333333333,0.02085505735140772,1.0,0.42857142857142855,0.25,0,0,0,1,0,0,1,0,0,1,0,0,34230
0.27777777777777773,0.008771929824561403,1.0,0.04796663190823775,0.5,0.42857142857142855,0.125,0,0,1,0,0,0,0,0,1,0,0,1,17670
0.9444444444444444,0.0021929824561403508,0.0,0.0,0.5,0.42857142857142855,0.25,0,0,0,1,0,0,1,0,0,0,0,1,26818
0.3518518518518518,0.008771929824561403,0.0,0.0010427528675703858,0.5,0.0,0.125,0,1,0,0,0,0,1,0,0,1,1,0,20092
0.3518518518518518,0.006578947368421052,0.3333333333333333,0.013555787278415015,0.5,0.42857142857142855,0.0,1,0,0,1,0,1,0,0,0,1,0,1,22885
0.25925925925925924,0.0043859649122807015,1.0,0.06152241918665277,1.0,0.42857142857142855,0.25,0,0,1,0,0,0,1,0,0,0,0,0,25000
0.055555555555555525,0.0,0.0,0.0010427528675703858,0.0,0.0,0.125,0,1,0,0,1,0,0,0,0,0,1,0,5470
0.574074074074074,0.006578947368421052,0.0,0.0072992700729927005,0.5,0.35714285714285715,0.625,0,0,0,1,0,1,0,0,1,0,1,0,27535
0.037037037037037035,0.006578947368421052,0.3333333333333333,0.019812304483837334,0.5,0.0,0.5,0,0,0,1,0,0,0,0,0,0,0,1,10129
0.24074074074074076,0.0,0.6666666666666667,0.03753910323253389,0.5,0.42857142857142855,0.625,1,0,0,1,1,0,0,0,0,1,0,1,22503
0.055555555555555525,0.0,0.0,0.00521376433785193,1.0,0.42857142857142855,0.5,0,0,0,1,1,1,0,0,0,0,0,0,19728
0.6296296296296295,0.006578947368421052,0.0,0.008342022940563087,0.5,0.42857142857142855,0.125,0,0,0,1,0,0,1,0,0,0,1,0,22459
0.49999999999999994,0.0043859649122807015,0.0,0.00521376433785193,0.0,0.42857142857142855,1.0,0,0,1,0,0,0,1,0,0,0,1,0,17106
0.49999999999999994,0.0043859649122807015,0.6666666666666667,0.02502606882168926,0.5,1.0,0.625,0,0,1,0,0,0,0,0,1,0,0,1,23966
0.6666666666666667,0.006578947368421052,0.6666666666666667,0.02502606882168926,1.0,0.42857142857142855,0.5,0,0,1,0,0,0,1,0,0,0,0,0,31694
0.48148148148148145,0.006578947368421052,0.6666666666666667,0.030239833159541193,0.5,0.35714285714285715,0.625,1,1,0,0,0,0,0,0,0,0,0,1,19896
0.07407407407407407,0.0,0.6666666666666667,0.02502606882168926,0.5,0.0,0.625,0,0,0,0,1,0,0,0,1,0,0,1,11481
0.3888888888888889,0.0,1.0,0.045881126173096975,1.0,0.35714285714285715,0.625,0,0,0,1,1,0,0,1,0,0,1,0,26085
0.8888888888888888,0.0021929824561403508,1.0,0.09906152241918666,1.0,0.42857142857142855,0.625,1,0,0,0,0,0,0,0,0,0,0,1,36067
0.09259259259259262,0.0,0.0,0.004171011470281543,0.0,0.0,0.5,0,1,0,0,1,0,0,0,0,1,0,0,9296
0.6666666666666667,0.006578947368421052,0.6666666666666667,0.02502606882168926,0.0,0.35714285714285715,0.25,0,1,0,0,0,0,0,0,0,0,0,1,13120
0.018518518518518545,0.0,0.0,0.0,0.0,0.0,0.625,0,0,0,0,1,0,0,1,0,0,0,0,8849
0.7777777777777779,0.006578947368421052,0.0,0.004171011470281543,0.5,0.42857142857142855,0.25,0,0,1,0,0,0,0,0,0,0,1,0,19455
0.1111111111111111,0.0,0.0,0.0020855057351407717,0.5,0.0,0.125,0,0,1,0,1,0,0,1,0,0,1,0,10076
0.537037037037037,0.0043859649122807015,0.3333333333333333,0.019812304483837334,0.0,0.8571428571428571,0.25,1,0,0,1,0,1,0,0,0,1,1,0,21728
0.055555555555555525,0.0021929824561403508,0.0,0.00521376433785193,0.0,0.0,0.25,1,0,1,0,1,0,0,0,0,0,0,0,6343
0.5185185185185186,0.0021929824561403508,0.3333333333333333,0.019812304483837334,1.0,0.42857142857142855,0.5,1,0,1,0,1,1,0,0,1,0,0,1,33465
0.16666666666666669,0.0043859649122807015,0.6666666666666667,0.03336809176225235,0.5,0.7857142857142857,0.5,0,0,1,0,0,0,1,0,1,0,0,0,24219
0.6111111111111112,0.0043859649122807015,0.3333333333333333,0.01564129301355579,1.0,0.35714285714285715,0.0,1,0,0,1,0,0,0,0,0,1,1,0,29475
0.20370370370370366,0.0,0.0,0.004171011470281543,0.0,0.0,0.25,1,0,1,0,1,0,0,0,0,0,1,0,9481
0.25925925925925924,0.008771929824561403,0.6666666666666667,0.02502606882168926,1.0,0.35714285714285715,0.25,1,1,0,0,0,1,0,0,1,0,1,0,28206
0.6481481481481481,0.0043859649122807015,0.0,0.0031282586027111575,0.5,0.35714285714285715,0.25,0,0,0,0,0,0,0,0,0,0,1,0,19588
0.3333333333333333,0.008771929824561403,0.6666666666666667,0.03962460896767466,0.5,0.8571428571428571,0.125,0,0,0,1,0,0,0,0,1,0,0,0,19403
0.49999999999999994,0.0043859649122807015,0.0,0.0031282586027111575,0.0,0.5714285714285714,0.5,1,0,0,0,0,0,0,1,0,1,1,0,19042
0.16666666666666669,0.006578947368421052,0.3333333333333333,0.010427528675703858,0.5,1.0,0.25,0,0,0,1,0,0,1,0,0,0,1,0,24244
0.3148148148148148,0.006578947368421052,0.0,0.00521376433785193,0.5,0.42857142857142855,0.125,0,0,0,0,0,1,0,0,0,0,1,0,21284
0.8703703703703705,0.0021929824561403508,0.6666666666666667,0.028154327424400417,1.0,0.42857142857142855,0.625,0,0,1,0,0,0,1,0,0,0,0,1,37812
0.44444444444444436,0.006578947368421052,0.0,0.00521376433785193,0.0,0.42857142857142855,0.625,1,0,1,0,0,0,1,0,0,0,1,0,14806
0.07407407407407407,0.0,0.6666666666666667,0.029197080291970805,0.0,0.8571428571428571,0.125,1,1,0,0,1,0,0,0,1,0,1,0,11069
0.5185185185185186,0.006578947368421052,1.0,0.08446298227320126,1.0,0.8571428571428571,0.5,1,1,0,0,0,0,1,0,0,1,1,0,35543
0.07407407407407407,0.006578947368421052,0.0,0.006256517205422314,0.0,0.42857142857142855,0.125,1,0,1,0,0,0,0,0,1,0,0,0,7387
0.9074074074074074,0.0021929824561403508,0.3333333333333333,0.01772679874869656,0.0,0.42857142857142855,0.125,0,0,0,0,0,0,0,1,1,0,0,1,15814
0.6111111111111112,0.010964912280701754,0.6666666666666667,0.03753910323253389,1.0,0.35714285714285715,0.25,1,0,1,0,0,1,0,0,0,0,0,1,32569
0.3518518518518518,0.006578947368421052,0.0,0.00521376433785193,0.0,0.8571428571428571,0.125,0,0,1,0,0,1,0,0,0,0,1,0,16189
0.018518518518518545,0.0,0.3333333333333333,0.02294056308654849,0.0,0.0,0.625,1,0,0,0,1,0,0,0,0,0,0,1,7168
0.7037037037037037,0.0043859649122807015,0.0,0.0,0.0,1.0,0.25,1,0,0,0,0,1,0,0,1,0,0,1,21243
0.574074074074074,0.0,0.3333333333333333,0.010427528675703858,1.0,0.5714285714285714,0.25,1,0,0,1,1,1,0,0,0,1,1,0,38412
0.4259259259259259,0.010964912280701754,0.0,0.0,0.5,0.42857142857142855,0.25,1,0,1,0,0,0,0,0,0,1,1,0,19720
0.18518518518518517,0.006578947368421052,0.0,0.0020855057351407717,0.0,0.35714285714285715,0.5,0,0,1,0,0,0,0,1,1,0,0,0,13406
0.018518518518518545,0.0,1.0,0.09489051094890512,1.0,0.42857142857142855,0.625,1,0,1,0,1,0,0,0,0,0,0,1,15804
0.22222222222222227,0.0,0.0,0.0010427528675703858,0.0,0.0,0.25,0,1,0,0,1,0,0,0,1,0,1,0,10427
0.48148148148148145,0.0,0.0,0.0072992700729927005,0.0,0.42857142857142855,0.25,0,1,0,0,1,0,0,0,0,0,0,0,9879
0.3888888888888889,0.0021929824561403508,0.0,0.0020855057351407717,0.0,1.0,0.25,0,0,0,1,1,0,1,0,0,0,0,1,16587
0.0,0.0,0.3333333333333333,0.02294056308654849,0.0,0.0,0.625,0,0,0,0,1,0,0,0,0,0,0,0,7132
0.2962962962962962,0.0,0.6666666666666667,0.029197080291970805,0.5,0.42857142857142855,0.125,0,0,1,0,1,0,1,0,0,0,0,1,18630
0.574074074074074,0.0043859649122807015,0.6666666666666667,0.03545359749739312,1.0,0.42857142857142855,0.5,0,0,1,0,0,0,0,0,0,0,0,1,28445
0.3518518518518518,0.008771929824561403,0.0,0.0020855057351407717,0.5,0.8571428571428571,0.125,0,0,1,0,0,0,1,0,0,1,1,0,23571
0.49999999999999994,0.008771929824561403,0.3333333333333333,0.016684045881126174,0.5,0.42857142857142855,0.5,1,0,0,1,0,0,0,0,0,1,0,1,22154
0.6666666666666667,0.010964912280701754,1.0,0.059436913451511995,0.5,0.42857142857142855,0.0,1,0,0,1,0,0,0,0,1,0,0,1,20785
0.6296296296296295,0.006578947368421052,1.0,0.09384775808133473,1.0,0.0,0.5,0,0,0,1,0,0,0,0,1,0,1,0,27749
0.44444444444444436,0.0043859649122807015,0.0,0.0010427528675703858,0.0,0.5714285714285714,0.25,0,0,0,1,0,0,0,0,0,0,0,0,14048
0.018518518518518545,0.0021929824561403508,1.0,0.08133472367049009,1.0,0.0,0.5,0,0,1,0,1,0,0,0,0,0,0,0,13945
0.5185185185185186,0.0,0.6666666666666667,0.03232533889468196,0.5,0.42857142857142855,0.125,0,0,1,0,1,1,0,0,0,0,0,1,23300
0.7037037037037037,0.010964912280701754,0.0,0.0,0.5,0.0,0.625,0,0,1,0,0,0,0,0,0,0,0,1,20019
0.1296296296296296,0.0,0.0,0.0020855057351407717,0.0,0.0,0.625,1,1,0,0,1,0,0,0,0,1,0,1,10511
0.6666666666666667,0.006578947368421052,0.3333333333333333,0.01564129301355579,1.0,0.42857142857142855,0.5,1,0,0,0,0,0,1,0,1,0,1,0,32555
0.3518518518518518,0.006578947368421052,0.0,0.006256517205422314,0.5,0.0,0.5,1,1,0,0,0,0,1,0,0,1,1,0,20618
0.037037037037037035,0.0,0.0,0.0072992700729927005,0.0,0.0,0.625,1,0,1,0,1,0,0,0,0,0,0,0,7443
0.09259259259259262,0.0021929824561403508,0.3333333333333333,0.009384775808133473,0.0,0.42857142857142855,0.5,0,0,0,0,1,0,0,0,0,0,1,0,9596
0.0,0.0,0.3333333333333333,0.02085505735140772,0.5,0.42857142857142855,1.0,1,0,1,0,1,0,0,1,0,0,1,0,15033
0.6296296296296295,0.006578947368421052,0.6666666666666667,0.03545359749739312,0.5,0.35714285714285715,0.25,1,0,0,1,0,0,1,0,0,1,0,1,25370
0.037037037037037035,0.0,1.0,0.04796663190823775,0.5,0.0,0.125,0,0,0,1,1,1,0,0,0,0,0,0,12281
0.5925925925925926,0.006578947368421052,1.0,0.09176225234619395,1.0,0.42857142857142855,0.25,0,0,1,0,0,1,0,0,0,0,0,1,32790
0.20370370370370366,0.008771929824561403,0.3333333333333333,0.023983315954118876,0.0,0.42857142857142855,0.25,1,0,1,0,0,1,0,0,0,0,0,1,14939
0.3333333333333333,0.0043859649122807015,0.3333333333333333,0.014598540145985403,0.5,0.42857142857142855,0.625,0,0,0,0,0,0,0,0,1,0,1,0,19165
0.6851851851851851,0.0,0.0,0.004171011470281543,0.5,0.42857142857142855,0.625,1,0,0,0,1,0,0,0,0,0,0,0,21168
0.3888888888888889,0.0043859649122807015,1.0,0.05005213764337852,1.0,0.0,1.0,1,0,0,0,0,0,0,0,1,0,0,1,26841
0.7592592592592593,0.0043859649122807015,0.0,0.0020855057351407717,0.5,0.0,0.625,0,0,1,0,0,0,1,0,0,0,0,0,22967
0.44444444444444436,0.006578947368421052,0.0,0.0010427528675703858,0.0,0.42857142857142855,0.5,0,1,0,0,0,0,1,0,1,0,1,0,15344
0.6851851851851851,0.010964912280701754,0.3333333333333333,0.019812304483837334,1.0,1.0,0.625,1,0,1,0,0,1,0,0,0,1,0,0,40662
0.24074074074074076,0.008771929824561403,0.3333333333333333,0.018769551616266946,0.0,0.7857142857142857,0.625,0,0,1,0,0,0,0,0,0,0,1,0,13815
0.037037037037037035,0.0021929824561403508,0.6666666666666667,0.04066736183524505,0.0,0.0,0.625,0,0,1,0,1,0,0,0,0,0,0,0,7122
0.22222222222222227,0.006578947368421052,0.0,0.004171011470281543,0.5,0.35714285714285715,0.625,0,0,0,0,0,0,0,0,0,0,1,0,19892
0.44444444444444436,0.0,0.0,0.00521376433785193,0.0,0.42857142857142855,0.125,0,0,1,0,1,0,0,0,1,0,1,0,10327
0.5925925925925926,0.006578947368421052,1.0,0.07090719499478623,1.0,0.42857142857142855,0.625,1,0,1,0,0,0,1,0,0,0,0,1,32239
0.09259259259259262,0.0043859649122807015,0.6666666666666667,0.04066736183524505,0.0,0.0,0.625,0,0,1,0,1,0,0,0,0,0,1,0,6945
0.4074074074074074,0.0043859649122807015,0.6666666666666667,0.02606882168925965,0.5,0.42857142857142855,0.625,0,0,1,0,0,1,0,0,0,0,1,0,22721
0.055555555555555525,0.0021929824561403508,0.3333333333333333,0.021897810218978103,0.0,0.0,0.625,1,0,1,0,1,0,0,1,1,0,1,0,9119
0.6481481481481481,0.006578947368421052,0.3333333333333333,0.02085505735140772,0.0,0.42857142857142855,0.5,1,0,0,1,0,0,1,0,0,1,0,1,18035
0.49999999999999994,0.008771929824561403,0.6666666666666667,0.02502606882168926,0.5,0.42857142857142855,1.0,1,0,0,0,0,1,0,0,0,1,0,1,27980
0.7037037037037037,0.006578947368421052,0.0,0.0031282586027111575,0.5,0.35714285714285715,0.625,0,0,0,1,0,0,0,0,0,0,0,0,22207
0.6296296296296295,0.0043859649122807015,0.0,0.0,0.5,0.42857142857142855,0.125,1,0,0,1,0,0,1,0,0,1,1,0,23863
0.7222222222222223,0.0043859649122807015,0.0,0.0031282586027111575,0.5,0.42857142857142855,0.125,1,0,1,0,1,0,1,0,0,1,1,0,24361
0.6666666666666667,0.008771929824561403,1.0,0.054223149113660066,1.0,0.42857142857142855,0.25,0,0,0,1,0,1,0,0,0,0,1,0,32580
0.5555555555555556,0.0021929824561403508,0.0,0.0031282586027111575,0.0,0.0,0.625,0,0,0,1,1,1,0,0,0,0,1,0,16820
0.44444444444444436,0.006578947368421052,0.3333333333333333,0.021897810218978103,0.5,0.42857142857142855,0.125,0,0,0,1,0,0,0,0,0,0,0,0,17620
0.055555555555555525,0.0,0.6666666666666667,0.04066736183524505,0.0,0.35714285714285715,0.125,0,0,0,1,1,0,1,0,1,0,0,0,10767
0.3518518518518518,0.006578947368421052,0.3333333333333333,0.019812304483837334,1.0,0.42857142857142855,0.25,1,0,1,0,0,0,1,0,0,1,1,0,28588
0.3148148148148148,0.008771929824561403,0.3333333333333333,0.02085505735140772,0.5,0.42857142857142855,1.0,1,0,1,0,0,0,0,1,0,1,0,1,24815
0.14814814814814814,0.0,0.0,0.0010427528675703858,0.0,0.42857142857142855,0.0,0,0,0,1,1,0,0,1,1,0,1,0,11353
0.7592592592592593,0.0043859649122807015,0.3333333333333333,0.01564129301355579,1.0,1.0,0.125,1,0,1,0,0,0,1,0,0,1,0,1,37364
0.14814814814814814,0.008771929824561403,0.0,0.008342022940563087,1.0,0.42857142857142855,0.125,0,1,0,0,0,1,0,0,0,1,1,0,30474
0.7592592592592593,0.008771929824561403,0.3333333333333333,0.023983315954118876,1.0,0.0,0.25,0,0,0,1,0,1,0,0,0,0,0,1,30601
0.09259259259259262,0.0021929824561403508,0.3333333333333333,0.010427528675703858,0.5,0.0,0.625,0,0,0,1,1,0,0,0,0,1,1,0,14212
0.5185185185185186,0.010964912280701754,0.0,0.0020855057351407717,0.5,0.42857142857142855,0.625,1,1,0,0,0,0,1,0,0,1,1,0,26383
0.7592592592592593,0.0043859649122807015,0.0,0.008342022940563087,0.5,0.5714285714285714,0.625,1,0,1,0,0,0,0,0,1,0,1,0,26343
0.018518518518518545,0.006578947368421052,0.0,0.0031282586027111575,0.0,0.42857142857142855,0.125,1,1,0,0,0,0,0,1,0,0,0,0,8221
0.1296296296296296,0.0021929824561403508,1.0,0.08029197080291971,0.5,0.8571428571428571,0.625,0,0,0,0,1,1,0,0,0,1,1,0,21322
0.8703703703703705,0.0043859649122807015,0.3333333333333333,0.013555787278415015,0.0,0.35714285714285715,0.625,0,0,0,0,0,0,1,0,0,1,0,1,20312
0.09259259259259262,0.0,0.0,0.008342022940563087,0.0,1.0,0.0,0,0,1,0,1,0,0,0,0,0,0,0,10293
0.6481481481481481,0.0043859649122807015,0.6666666666666667,0.03858185610010428,1.0,0.42857142857142855,0.125,0,0,0,0,0,0,0,0,0,0,0,1,27118
0.44444444444444436,0.0,0.3333333333333333,0.011470281543274244,0.5,0.42857142857142855,0.625,1,0,0,1,1,0,1,0,0,0,1,0,21213
0.2962962962962962,0.0,0.6666666666666667,0.027111574556830033,0.0,0.5714285714285714,0.5,1,0,1,0,1,0,1,0,0,1,0,0,21204
0.24074074074074076,0.006578947368421052,1.0,0.10010427528675704,1.0,0.42857142857142855,0.25,1,1,0,0,0,0,1,0,0,0,0,1,26394
0.3703703703703704,0.006578947368421052,0.0,0.004171011470281543,0.0,0.42857142857142855,0.25,0,0,0,1,0,0,0,0,0,0,1,0,9928
0.055555555555555525,0.006578947368421052,1.0,0.06882168925964546,0.5,0.35714285714285715,0.625,0,0,0,1,0,0,1,0,0,0,0,0,14296
0.14814814814814814,0.008771929824561403,0.3333333333333333,0.02502606882168926,0.5,0.0,0.625,1,0,0,1,0,1,0,0,0,1,0,1,24437
0.3703703703703704,0.0,0.0,0.00521376433785193,0.0,0.5714285714285714,0.25,0,0,0,1,1,0,1,0,0,0,0,0,17493
0.14814814814814814,0.008771929824561403,0.6666666666666667,0.028154327424400417,0.5,1.0,0.125,1,0,1,0,0,0,1,0,1,0,0,0,23303
0.25925925925925924,0.006578947368421052,1.0,0.06777893639207508,0.5,0.42857142857142855,0.625,1,0,1,0,0,0,0,1,0,1,0,0,23353
0.018518518518518545,0.0021929824561403508,1.0,0.06777893639207508,1.0,0.0,0.0,0,0,0,1,1,0,0,0,0,0,0,0,12137
0.09259259259259262,0.0043859649122807015,0.0,0.0020855057351407717,0.5,0.0,0.625,1,1,0,0,1,0,1,0,0,0,0,0,13319
0.46296296296296297,0.008771929824561403,1.0,0.06777893639207508,1.0,1.0,0.25,1,0,0,1,0,1,0,0,0,1,0,1,34945
0.44444444444444436,0.006578947368421052,0.0,0.008342022940563087,1.0,0.35714285714285715,1.0,1,0,0,1,0,1,0,0,0,0,0,1,31202
0.0,0.0,0.0,0.004171011470281543,1.0,0.0,0.125,1,0,0,1,1,0,0,0,0,0,0,0,12448
0.574074074074074,0.0043859649122807015,0.3333333333333333,0.021897810218978103,1.0,0.35714285714285715,0.5,1,0,0,1,0,1,0,0,1,0,1,0,33997
0.3888888888888889,0.0,0.3333333333333333,0.02294056308654849,0.5,0.42857142857142855,0.25,1,0,0,1,1,0,0,0,0,1,0,0,20437
0.055555555555555525,0.0043859649122807015,0.3333333333333333,0.02294056308654849,0.0,0.0,0.125,0,0,0,1,0,0,0,0,0,0,1,0,4372
0.574074074074074,0.0021929824561403508,0.3333333333333333,0.009384775808133473,1.0,0.0,0.5,0,0,0,1,1,1,0,0,0,0,1,0,32343
0.3333333333333333,0.006578947368421052,0.3333333333333333,0.01564129301355579,0.5,0.35714285714285715,0.625,0,0,1,0,0,0,0,0,0,0,0,0,19399
0.3148148148148148,0.0043859649122807015,0.0,0.0020855057351407717,0.0,0.0,0.25,0,0,0,1,0,0,0,0,0,1,1,0,12470
0.18518518518518517,0.008771929824561403,0.0,0.004171011470281543,0.5,0.42857142857142855,0.25,1,0,0,1,0,1,0,0,0,0,1,0,20729
0.1111111111111111,0.0021929824561403508,0.3333333333333333,0.02294056308654849,0.0,0.0,0.25,1,0,0,1,1,0,0,0,0,0,1,0,6517
0.1111111111111111,0.0,0.3333333333333333,0.016684045881126174,0.0,0.0,0.0,1,0,1,0,1,0,0,1,0,0,0,0,4493
0.07407407407407407,0.0021929824561403508,0.3333333333333333,0.019812304483837334,0.0,0.0,0.625,0,0,0,1,1,0,0,0,0,1,0,0,9689
0.1111111111111111,0.0,0.3333333333333333,0.01251303441084463,0.0,0.0,0.625,1,0,1,0,1,0,0,0,0,1,0,0,10046
0.46296296296296297,0.006578947368421052,0.6666666666666667,0.03545359749739312,0.5,1.0,0.25,1,0,0,1,0,0,1,0,0,0,1,0,23716
0.8148148148148149,0.0021929824561403508,0.3333333333333333,0.019812304483837334,1.0,0.42857142857142855,0.625,0,0,1,0,0,0,0,0,0,0,0,1,35892
0.7592592592592593,0.008771929824561403,0.0,0.008342022940563087,0.5,0.35714285714285715,0.25,0,0,0,1,0,1,0,0,0,0,1,0,25066
0.20370370370370366,0.008771929824561403,0.0,0.006256517205422314,0.0,0.42857142857142855,0.125,0,0,1,0,0,0,0,0,0,0,0,0,10327
0.0,0.0021929824561403508,0.6666666666666667,0.03649635036496351,0.0,0.0,0.625,1,0,0,0,1,0,0,0,0,0,1,0,7862
0.1296296296296296,0.0043859649122807015,0.0,0.0020855057351407717,0.0,0.0,0.25,1,0,1,0,0,0,0,0,0,0,0,0,6366
0.574074074074074,0.006578947368421052,0.0,0.0020855057351407717,0.0,0.42857142857142855,0.125,1,0,0,0,0,1,0,0,0,1,0,1,17671
0.09259259259259262,0.0,0.6666666666666667,0.03858185610010428,0.0,0.0,1.0,1,0,0,0,1,0,0,0,1,0,0,0,10808
0.14814814814814814,0.008771929824561403,0.3333333333333333,0.011470281543274244,1.0,0.8571428571428571,0.625,0,0,1,0,0,0,0,0,0,1,1,0,29911
0.22222222222222227,0.008771929824561403,0.0,0.00521376433785193,0.0,0.42857142857142855,0.125,0,0,0,1,0,0,0,1,0,0,1,0,9981
0.5185185185185186,0.0021929824561403508,0.0,0.0072992700729927005,0.5,0.42857142857142855,0.625,0,0,0,0,1,0,1,0,0,0,0,1,23239
0.6296296296296295,0.0043859649122807015,0.3333333333333333,0.014598540145985403,1.0,0.35714285714285715,0.25,1,1,0,0,0,0,1,0,0,0,0,1,29670
0.7222222222222223,0.006578947368421052,1.0,0.07612095933263817,1.0,0.0,0.625,0,0,0,1,0,1,0,0,0,0,1,0,31894
0.6296296296296295,0.0021929824561403508,0.0,0.0010427528675703858,0.5,0.42857142857142855,0.125,0,0,0,1,1,0,1,0,0,0,1,0,22311
0.6481481481481481,0.008771929824561403,0.6666666666666667,0.03441084462982273,1.0,0.42857142857142855,0.625,0,0,1,0,0,0,1,0,0,0,0,1,31055
0.5555555555555556,0.0043859649122807015,0.3333333333333333,0.01251303441084463,1.0,0.42857142857142855,0.625,1,0,0,1,0,0,1,0,0,0,1,0,31655
0.5555555555555556,0.0,0.3333333333333333,0.02502606882168926,1.0,0.42857142857142855,0.125,0,1,0,0,1,0,0,0,0,0,0,1,27941
0.3333333333333333,0.0,0.0,0.0072992700729927005,0.0,0.35714285714285715,0.125,0,0,1,0,1,0,0,1,1,0,1,0,12158
0.7037037037037037,0.0043859649122807015,0.6666666666666667,0.03753910323253389,1.0,0.42857142857142855,0.25,1,0,1,0,0,1,0,0,1,0,0,0,34022
0.27777777777777773,0.0043859649122807015,0.3333333333333333,0.019812304483837334,0.5,0.42857142857142855,0.625,0,0,0,0,0,0,0,0,0,0,1,0,19485
0.7222222222222223,0.006578947368421052,1.0,0.06569343065693431,0.0,0.42857142857142855,0.125,1,0,0,1,0,0,0,0,0,0,0,1,11369
0.25925925925925924,0.006578947368421052,0.0,0.0031282586027111575,0.0,0.42857142857142855,0.25,1,0,0,1,0,0,0,0,0,0,1,0,11202
0.18518518518518517,0.006578947368421052,0.6666666666666667,0.04066736183524505,0.5,0.42857142857142855,0.0,0,0,1,0,0,1,0,0,0,0,0,0,19329
0.24074074074074076,0.0043859649122807015,0.0,0.0072992700729927005,0.0,0.8571428571428571,0.625,0,1,0,0,0,0,0,0,0,0,0,1,15031
0.7592592592592593,0.008771929824561403,0.6666666666666667,0.03128258602711158,1.0,0.0,0.125,1,0,1,0,0,0,1,0,1,0,0,1,29127
0.7777777777777779,0.008771929824561403,0.3333333333333333,0.01564129301355579,1.0,0.42857142857142855,0.25,0,0,1,0,0,0,0,0,0,0,1,0,28449
0.3888888888888889,0.006578947368421052,0.0,0.0031282586027111575,0.0,0.42857142857142855,0.5,0,0,0,0,0,0,1,0,0,0,1,0,14542
0.018518518518518545,0.0043859649122807015,0.3333333333333333,0.014598540145985403,0.0,0.0,0.125,0,0,0,1,1,0,0,0,0,0,0,0,5683
0.5185185185185186,0.008771929824561403,0.0,0.0031282586027111575,0.0,0.42857142857142855,0.625,0,0,0,1,0,1,0,0,0,0,0,0,18024
0.3888888888888889,0.006578947368421052,0.0,0.004171011470281543,0.0,0.42857142857142855,0.625,0,0,1,0,0,1,0,0,0,0,1,0,16147
0.1296296296296296,0.0,0.0,0.004171011470281543,0.0,0.0,0.625,0,0,1,0,1,1,0,0,0,0,1,0,11885
0.1111111111111111,0.0021929824561403508,0.0,0.004171011470281543,0.0,0.0,0.25,0,0,1,0,1,0,0,1,0,1,1,0,10203
0.537037037037037,0.0043859649122807015,0.0,0.0,0.5,0.0,0.625,1,1,0,0,1,0,1,0,0,1,0,1,25382
0.25925925925925924,0.006578947368421052,0.6666666666666667,0.029197080291970805,0.5,0.42857142857142855,0.625,0,0,0,0,0,0,0,1,1,0,1,0,20901
0.25925925925925924,0.0,0.3333333333333333,0.014598540145985403,0.0,0.42857142857142855,0.125,0,0,1,0,1,0,0,0,1,0,1,0,10377
0.1296296296296296,0.0,0.3333333333333333,0.011470281543274244,0.5,0.0,0.625,1,0,1,0,1,0,0,1,0,0,0,0,11128
0.7037037037037037,0.006578947368421052,1.0,0.049009384775808136,1.0,0.42857142857142855,1.0,1,0,0,1,0,0,1,0,1,0,0,1,34207
0.055555555555555525,0.0021929824561403508,0.3333333333333333,0.009384775808133473,0.5,0.0,0.25,0,0,1,0,1,0,0,0,0,0,1,0,9024
0.6666666666666667,0.006578947368421052,0.3333333333333333,0.02502606882168926,0.0,0.42857142857142855,0.625,1,0,0,0,0,1,0,0,0,1,0,1,20881
0.7037037037037037,0.008771929824561403,0.6666666666666667,0.03858185610010428,1.0,0.0,0.5,0,0,0,1,0,1,0,0,0,0,1,0,30784
0.0,0.0,0.0,0.008342022940563087,0.5,0.35714285714285715,0.125,0,0,0,0,1,0,1,0,0,1,0,1,15122
0.5925925925925926,0.006578947368421052,0.3333333333333333,0.014598540145985403,1.0,0.42857142857142855,0.5,0,0,0,1,0,0,1,0,1,0,0,1,32446
0.5555555555555556,0.006578947368421052,0.3333333333333333,0.021897810218978103,1.0,0.42857142857142855,0.625,1,0,1,0,0,0,1,0,0,1,0,0,34160
0.14814814814814814,0.0043859649122807015,0.0,0.0020855057351407717,0.0,0.5714285714285714,0.5,0,0,0,1,0,0,0,0,0,0,0,1,16719
0.3703703703703704,0.008771929824561403,0.0,0.004171011470281543,0.0,1.0,0.625,0,0,1,0,0,1,0,0,1,0,0,1,22190
0.7777777777777779,0.006578947368421052,0.6666666666666667,0.03232533889468196,1.0,0.7857142857142857,0.625,1,1,0,0,0,0,0,0,0,0,0,1,31644
0.055555555555555525,0.0043859649122807015,0.0,0.0072992700729927005,0.0,0.0,0.125,0,0,1,0,1,0,0,0,0,0,1,0,5251
0.5185185185185186,0.0021929824561403508,0.0,0.006256517205422314,0.0,0.0,0.5,0,1,0,0,1,0,1,0,0,0,1,0,13083
0.6111111111111112,0.008771929824561403,0.0,0.008342022940563087,0.0,0.35714285714285715,0.625,0,0,0,1,0,1,0,0,0,0,0,1,17356
0.7777777777777779,0.008771929824561403,1.0,0.0667361835245047,1.0,0.42857142857142855,0.125,1,0,1,0,0,0,0,0,0,0,0,1,26804
0.1296296296296296,0.0,0.0,0.00521376433785193,0.0,0.42857142857142855,0.125,0,0,0,0,1,0,0,0,0,0,1,0,7981
0.018518518518518545,0.0043859649122807015,0.3333333333333333,0.02294056308654849,0.0,0.0,0.625,1,0,0,1,1,0,0,0,0,0,1,0,8635
0.6296296296296295,0.008771929824561403,0.0,0.0,0.5,0.35714285714285715,0.5,0,1,0,0,0,1,0,0,1,0,1,0,27099
0.0,0.0,1.0,0.08759124087591241,0.5,0.0,0.625,0,1,0,0,1,0,0,0,0,0,0,0,11981
0.25925925925925924,0.006578947368421052,0.0,0.0,0.0,1.0,0.125,0,1,0,0,0,0,1,0,1,0,0,0,17224
0.3333333333333333,0.006578947368421052,0.3333333333333333,0.014598540145985403,0.0,0.42857142857142855,0.125,0,0,1,0,0,1,0,0,0,1,1,0,18169
0.22222222222222227,0.0043859649122807015,1.0,0.0667361835245047,1.0,0.7857142857142857,0.625,0,1,0,0,0,0,0,1,0,0,0,0,27818
0.7777777777777779,0.006578947368421052,0.6666666666666667,0.02606882168925965,0.5,0.5714285714285714,0.625,1,0,0,1,0,0,0,1,0,0,0,1,25937
0.14814814814814814,0.006578947368421052,0.3333333333333333,0.014598540145985403,0.5,0.8571428571428571,0.5,0,0,0,1,0,1,0,0,0,0,0,0,24516
0.09259259259259262,0.0043859649122807015,0.0,0.0072992700729927005,0.0,0.0,0.25,0,1,0,0,1,0,0,0,0,1,0,0,9260
0.27777777777777773,0.008771929824561403,0.3333333333333333,0.01564129301355579,0.5,0.42857142857142855,0.625,1,0,0,0,0,0,1,0,0,1,0,0,24550
0.1296296296296296,0.0,0.0,0.008342022940563087,0.5,0.0,0.25,0,0,0,1,1,1,0,0,0,0,1,0,13178
0.1111111111111111,0.0,0.0,0.0010427528675703858,0.0,0.0,0.625,0,0,1,0,1,0,0,0,0,0,0,0,8214
0.3333333333333333,0.008771929824561403,0.6666666666666667,0.029197080291970805,0.5,0.42857142857142855,1.0,1,1,0,0,0,0,1,0,0,1,1,0,26377
0.3518518518518518,0.0,0.0,0.006256517205422314,0.0,0.42857142857142855,0.625,1,0,0,1,1,0,1,0,0,0,1,0,14093
0.25925925925925924,0.008771929824561403,0.3333333333333333,0.02085505735140772,1.0,0.7857142857142857,1.0,0,0,1,0,0,0,0,0,1,0,0,1,30143
0.07407407407407407,0.0,0.0,0.0,0.5,0.0,0.625,0,1,0,0,1,0,1,0,0,0,1,0,12927
0.20370370370370366,0.0043859649122807015,1.0,0.04796663190823775,0.5,0.42857142857142855,0.625,1,0,1,0,0,0,0,0,1,0,1,0,20549
0.07407407407407407,0.0,0.6666666666666667,0.028154327424400417,0.0,0.0,0.125,1,1,0,0,1,0,0,0,0,1,0,0,7418
0.22222222222222227,0.006578947368421052,0.0,0.006256517205422314,0.5,0.42857142857142855,0.25,0,0,0,1,0,0,0,0,0,1,0,1,20339
0.5925925925925926,0.0043859649122807015,0.0,0.004171011470281543,0.5,0.42857142857142855,0.25,0,0,1,0,0,1,0,0,1,0,0,0,24607
0.037037037037037035,0.0,0.0,0.0020855057351407717,0.0,0.0,0.5,1,0,1,0,1,0,1,0,0,0,0,1,8269
0.44444444444444436,0.006578947368421052,0.0,0.006256517205422314,0.0,0.42857142857142855,0.625,0,0,1,0,0,0,0,0,0,0,0,1,13203
0.7777777777777779,0.006578947368421052,0.3333333333333333,0.02294056308654849,0.5,0.0,0.625,0,0,0,1,0,0,0,0,0,0,0,1,19554
0.055555555555555525,0.0,0.3333333333333333,0.016684045881126174,0.0,0.0,1.0,1,1,0,0,1,1,0,0,0,0,1,0,12949
0.46296296296296297,0.0043859649122807015,0.6666666666666667,0.03336809176225235,0.5,0.42857142857142855,0.25,1,0,0,1,0,1,0,0,1,0,1,0,21651
0.16666666666666669,0.008771929824561403,0.6666666666666667,0.03128258602711158,0.5,0.42857142857142855,0.125,0,1,0,0,0,0,0,0,0,0,0,1,15760
0.018518518518518545,0.0,0.0,0.004171011470281543,0.0,0.0,0.625,0,0,1,0,1,0,0,1,0,0,0,1,8695
0.1296296296296296,0.0,0.0,0.006256517205422314,0.0,0.0,0.625,0,0,1,0,1,0,0,1,0,0,0,0,8430
0.46296296296296297,0.0,0.0,0.006256517205422314,0.0,0.35714285714285715,0.5,0,0,1,0,1,0,0,0,1,0,1,0,13803
0.7037037037037037,0.0043859649122807015,0.3333333333333333,0.01251303441084463,0.0,0.42857142857142855,0.0,0,0,0,1,0,1,0,0,0,0,0,1,14257
0.1296296296296296,0.0,0.6666666666666667,0.027111574556830033,0.0,0.0,0.625,0,0,0,0,1,1,0,0,0,0,0,0,11769
0.1111111111111111,0.0,0.0,0.0010427528675703858,0.0,0.0,0.625,1,0,1,0,1,0,0,0,0,1,0,0,11357
0.018518518518518545,0.0043859649122807015,0.0,0.0072992700729927005,0.0,0.0,0.625,0,0,1,0,1,0,0,0,0,0,0,1,8279
0.3703703703703704,0.0,0.6666666666666667,0.03336809176225235,0.5,0.42857142857142855,0.5,0,0,1,0,1,0,0,0,0,0,0,0,19091
0.27777777777777773,0.006578947368421052,0.3333333333333333,0.011470281543274244,1.0,0.0,0.25,1,0,0,0,0,0,1,0,0,1,1,0,27155
0.5185185185185186,0.0021929824561403508,0.3333333333333333,0.02294056308654849,1.0,0.7857142857142857,0.625,0,0,0,1,1,1,0,0,0,0,1,0,36358
0.018518518518518545,0.0,0.0,0.004171011470281543,0.0,0.0,0.625,1,0,1,0,1,0,0,0,0,0,0,0,7554
0.3888888888888889,0.006578947368421052,0.6666666666666667,0.03128258602711158,0.5,0.35714285714285715,0.125,0,0,0,1,0,0,0,0,1,0,0,0,16853
0.6111111111111112,0.008771929824561403,1.0,0.0740354535974974,1.0,0.42857142857142855,0.25,1,0,0,1,0,0,1,0,0,1,0,0,33368
0.0,0.0043859649122807015,0.0,0.004171011470281543,0.0,0.0,0.625,0,0,1,0,0,0,1,0,0,0,1,0,10536
0.49999999999999994,0.0021929824561403508,0.0,0.0020855057351407717,0.0,0.0,0.625,0,0,0,1,1,0,1,0,0,0,1,0,12016
0.9259259259259258,0.0021929824561403508,1.0,0.06465067778936393,1.0,0.42857142857142855,0.625,1,0,1,0,0,0,0,1,0,0,0,1,36306
0.3148148148148148,0.006578947368421052,1.0,0.08237747653806049,0.5,0.42857142857142855,0.5,0,0,0,1,0,0,0,1,1,0,1,0,20747
0.6296296296296295,0.008771929824561403,0.0,0.0020855057351407717,0.5,0.0,0.25,1,0,0,1,0,0,0,0,1,0,1,0,19375
0.14814814814814814,0.008771929824561403,0.0,0.0072992700729927005,0.0,0.42857142857142855,0.625,0,0,0,1,0,0,0,0,0,1,1,0,15464
0.25925925925925924,0.0043859649122807015,0.3333333333333333,0.016684045881126174,0.5,0.42857142857142855,0.125,0,0,0,0,0,0,0,0,0,0,1,0,16453
0.18518518518518517,0.0043859649122807015,0.6666666666666667,0.03858185610010428,0.5,0.42857142857142855,0.125,0,0,0,0,1,1,0,0,0,0,1,0,20274
0.27777777777777773,0.010964912280701754,0.6666666666666667,0.04066736183524505,0.5,0.42857142857142855,0.125,1,0,0,0,0,1,0,0,0,1,0,1,24678
0.055555555555555525,0.0021929824561403508,0.6666666666666667,0.03232533889468196,1.0,0.0,0.625,0,0,0,1,1,0,0,1,0,1,0,0,18132
0.44444444444444436,0.0,0.6666666666666667,0.02502606882168926,0.5,0.35714285714285715,0.25,0,0,0,0,1,0,0,0,0,0,1,0,17544
0.6666666666666667,0.0,0.0,0.0031282586027111575,0.5,0.0,0.625,1,0,1,0,1,0,0,0,0,0,1,0,20966
0.6111111111111112,0.006578947368421052,0.6666666666666667,0.03232533889468196,1.0,0.42857142857142855,0.25,0,0,0,1,0,1,0,0,1,0,0,1,32343
0.018518518518518545,0.0,0.6666666666666667,0.030239833159541193,0.5,0.0,0.125,0,1,0,0,1,0,0,1,0,0,0,0,9867
0.49999999999999994,0.006578947368421052,0.0,0.0031282586027111575,0.5,0.42857142857142855,0.625,1,0,1,0,0,0,0,0,0,0,1,0,18830
0.7592592592592593,0.010964912280701754,0.0,0.00521376433785193,0.5,0.42857142857142855,0.25,0,0,1,0,0,0,1,0,1,0,0,0,23913
0.574074074074074,0.006578947368421052,0.6666666666666667,0.03128258602711158,1.0,0.42857142857142855,0.125,1,0,1,0,0,0,1,0,0,0,0,1,29845
0.4259259259259259,0.0,0.0,0.008342022940563087,0.5,0.0,0.25,1,0,1,0,1,0,0,1,0,1,1,0,18646
0.8888888888888888,0.0021929824561403508,0.0,0.006256517205422314,0.5,0.42857142857142855,0.125,0,0,0,1,0,0,0,0,0,0,0,1,22852
0.1296296296296296,0.0,0.0,0.0031282586027111575,0.0,0.0,0.625,0,0,1,0,1,0,0,0,0,0,0,0,7736
0.0,0.0021929824561403508,0.3333333333333333,0.010427528675703858,0.0,0.0,0.125,0,0,1,0,1,1,0,0,0,0,1,0,9069
0.49999999999999994,0.0043859649122807015,0.0,0.0031282586027111575,0.0,0.42857142857142855,0.5,0,0,1,0,1,0,0,1,0,0,1,0,12096
0.49999999999999994,0.0043859649122807015,0.3333333333333333,0.019812304483837334,0.5,0.42857142857142855,0.5,1,0,0,1,0,1,0,0,0,0,0,1,22063
0.6111111111111112,0.008771929824561403,0.6666666666666667,0.03232533889468196,1.0,0.42857142857142855,0.125,1,0,1,0,0,0,0,0,0,0,0,0,27806
0.6666666666666667,0.0043859649122807015,1.0,0.08133472367049009,1.0,0.42857142857142855,0.625,0,0,1,0,0,0,0,0,0,0,0,1,29185
0.5185185185185186,0.006578947368421052,1.0,0.08446298227320126,1.0,0.0,0.5,1,0,0,0,0,1,0,0,0,0,0,1,31048
0.3333333333333333,0.008771929824561403,0.3333333333333333,0.018769551616266946,0.5,0.42857142857142855,0.25,0,0,0,1,0,0,0,0,0,0,0,1,16444
0.20370370370370366,0.008771929824561403,0.0,0.00521376433785193,0.0,0.42857142857142855,0.625,0,1,0,0,0,1,0,0,0,1,1,0,19200
0.1296296296296296,0.0021929824561403508,1.0,0.08654848800834203,1.0,0.0,0.25,0,0,0,1,1,0,1,0,1,0,1,0,15547
0.055555555555555525,0.0,0.6666666666666667,0.027111574556830033,0.5,0.0,0.25,1,1,0,0,1,0,0,0,0,0,0,0,10064
0.7222222222222223,0.006578947368421052,0.0,0.008342022940563087,0.5,1.0,0.625,0,1,0,0,0,1,0,0,0,1,0,1,32604
0.48148148148148145,0.0,1.0,0.056308654848800835,1.0,0.0,0.5,0,1,0,0,1,0,0,0,0,0,1,0,23100
0.018518518518518545,0.0,0.3333333333333333,0.01564129301355579,0.0,0.0,0.5,1,0,1,0,1,0,0,0,0,1,0,1,9292
0.055555555555555525,0.0043859649122807015,0.0,0.0072992700729927005,0.0,0.7857142857142857,1.0,0,0,0,1,0,0,0,0,0,0,0,0,12546
0.7777777777777779,0.0043859649122807015,0.0,0.006256517205422314,0.5,0.5714285714285714,0.125,1,0,1,0,0,0,1,0,0,0,0,1,25731
0.9444444444444444,0.0,0.3333333333333333,0.01251303441084463,0.0,0.35714285714285715,0.25,1,1,0,0,1,0,0,1,0,0,0,1,13935
0.5555555555555556,0.0043859649122807015,0.0,0.0072992700729927005,0.5,0.42857142857142855,1.0,1,1,0,0,1,0,1,0,1,0,0,0,26204
0.6111111111111112,0.0021929824561403508,0.3333333333333333,0.011470281543274244,1.0,0.42857142857142855,1.0,1,0,0,1,1,0,1,0,1,0,0,1,34069
0.27777777777777773,0.0043859649122807015,0.6666666666666667,0.030239833159541193,0.5,0.42857142857142855,0.25,1,0,1,0,0,0,1,0,0,0,1,0,19306
0.46296296296296297,0.006578947368421052,0.3333333333333333,0.02294056308654849,0.5,0.42857142857142855,0.125,1,1,0,0,0,0,0,1,0,0,0,1,16226
0.48148148148148145,0.0,0.6666666666666667,0.03232533889468196,0.5,0.42857142857142855,0.625,0,0,0,0,1,0,0,0,1,0,0,1,19323
0.7777777777777779,0.008771929824561403,0.6666666666666667,0.030239833159541193,1.0,0.35714285714285715,0.125,0,0,1,0,0,0,0,1,0,0,0,1,28680
0.09259259259259262,0.0,0.0,0.0020855057351407717,0.0,0.0,0.5,0,0,1,0,1,0,0,0,1,0,0,0,8756
0.24074074074074076,0.008771929824561403,0.3333333333333333,0.019812304483837334,0.5,0.42857142857142855,0.5,1,0,1,0,0,0,1,0,0,1,1,0,22550
0.7037037037037037,0.0,1.0,0.043795620437956206,1.0,0.5714285714285714,0.25,0,0,1,0,1,0,0,0,0,0,0,1,32767
0.1111111111111111,0.0,0.3333333333333333,0.01251303441084463,0.0,0.0,0.625,1,0,0,1,1,0,1,0,0,1,1,0,12285
0.3703703703703704,0.006578947368421052,0.0,0.0020855057351407717,0.0,1.0,0.0,1,0,0,1,0,0,1,0,0,0,0,1,15769
0.6666666666666667,0.008771929824561403,1.0,0.0667361835245047,0.0,0.42857142857142855,0.625,0,1,0,0,0,0,0,0,0,0,0,1,14737
0.1296296296296296,0.17105263157894735,0.6666666666666667,0.03441084462982273,0.0,0.0,0.625,0,0,0,1,1,0,0,0,0,0,0,1,8401
0.09259259259259262,0.0,1.0,0.043795620437956206,0.0,0.0,0.25,0,0,0,1,1,0,1,0,0,0,0,0,7614
0.07407407407407407,0.0,0.6666666666666667,0.028154327424400417,0.0,0.0,0.25,1,0,1,0,1,0,0,0,0,0,1,0,6122
0.49999999999999994,0.006578947368421052,0.0,0.0010427528675703858,0.5,0.0,0.125,1,1,0,0,0,0,0,0,0,0,1,0,14201
0.7407407407407407,0.006578947368421052,1.0,0.09071949947862357,1.0,0.42857142857142855,1.0,0,1,0,0,0,0,0,0,0,0,1,0,31218
0.09259259259259262,0.0043859649122807015,0.6666666666666667,0.027111574556830033,0.0,0.0,0.25,0,0,1,0,1,0,1,0,0,0,0,0,8535
0.16666666666666669,0.006578947368421052,0.3333333333333333,0.01772679874869656,1.0,0.42857142857142855,0.5,0,0,1,0,0,0,0,0,0,0,1,0,24421
0.3333333333333333,0.0,0.6666666666666667,0.03753910323253389,1.0,0.42857142857142855,0.25,0,0,1,0,1,0,0,0,0,1,1,0,27277
0.055555555555555525,0.0,0.0,0.004171011470281543,0.0,0.0,0.5,1,0,0,0,1,0,0,0,0,0,0,0,6886
0.055555555555555525,0.0021929824561403508,0.0,0.00521376433785193,0.0,0.5714285714285714,0.625,1,0,1,0,1,0,0,0,0,0,0,1,13162
0.3518518518518518,0.0043859649122807015,0.3333333333333333,0.014598540145985403,0.5,0.42857142857142855,1.0,1,0,0,0,1,0,0,1,0,1,1,0,23611
0.49999999999999994,0.006578947368421052,0.0,0.00521376433785193,0.0,0.8571428571428571,0.25,0,0,0,1,0,1,0,0,0,0,0,1,16571
0.4259259259259259,0.0043859649122807015,0.3333333333333333,0.011470281543274244,0.5,0.35714285714285715,0.25,0,1,0,0,0,0,1,0,1,0,0,1,21199
0.07407407407407407,0.0021929824561403508,0.3333333333333333,0.014598540145985403,0.0,0.0,0.5,0,0,0,0,1,0,0,0,0,0,0,0,7717
0.2962962962962962,0.17105263157894735,0.6666666666666667,0.03336809176225235,1.0,0.0,0.25,0,0,1,0,0,0,0,0,0,0,0,1,22101
0.018518518518518545,0.0,0.6666666666666667,0.04066736183524505,0.0,0.0,0.625,1,0,1,0,1,0,0,0,0,0,1,0,8021
0.6851851851851851,0.006578947368421052,0.0,0.0,0.5,0.35714285714285715,1.0,0,0,0,0,0,0,0,0,1,0,0,0,24789
0.537037037037037,0.008771929824561403,0.3333333333333333,0.01251303441084463,1.0,0.5714285714285714,0.25,0,0,0,0,0,1,0,0,0,0,0,0,35519
0.3518518518518518,0.0043859649122807015,0.0,0.0072992700729927005,0.0,0.0,0.25,1,0,1,0,1,0,0,0,0,0,1,0,7927
0.1111111111111111,0.0021929824561403508,0.0,0.008342022940563087,0.0,0.0,0.25,0,0,0,1,1,0,1,0,0,1,0,0,11056
0.7222222222222223,0.0,0.3333333333333333,0.013555787278415015,1.0,0.42857142857142855,0.25,0,0,0,1,1,0,1,0,1,0,0,1,30750
0.1111111111111111,0.0,0.3333333333333333,0.013555787278415015,0.0,0.0,0.625,1,0,1,0,1,0,0,1,0,0,0,0,7738
0.07407407407407407,0.0,0.0,0.0,0.0,0.0,0.5,0,0,1,0,1,0,1,0,1,0,0,0,10351
0.7222222222222223,0.0021929824561403508,0.3333333333333333,0.010427528675703858,1.0,0.42857142857142855,0.125,0,0,1,0,1,0,0,0,0,0,0,1,27194
0.5185185185185186,0.006578947368421052,0.3333333333333333,0.02085505735140772,1.0,0.35714285714285715,0.625,0,0,1,0,0,1,0,0,1,0,0,1,34378
0.5925925925925926,0.0043859649122807015,0.6666666666666667,0.03336809176225235,0.5,0.42857142857142855,0.25,0,1,0,0,0,0,1,0,0,0,1,0,23022
0.5555555555555556,0.008771929824561403,0.6666666666666667,0.03858185610010428,1.0,0.42857142857142855,0.25,1,0,0,1,0,0,1,0,0,1,0,1,33297
0.25925925925925924,0.0,1.0,0.05318039624608968,1.0,0.42857142857142855,0.25,0,0,0,1,1,0,0,0,0,0,0,1,24345
0.46296296296296297,0.006578947368421052,0.0,0.004171011470281543,0.0,0.42857142857142855,0.25,1,0,1,0,0,0,0,0,0,0,1,0,11310
0.6851851851851851,0.006578947368421052,0.0,0.00521376433785193,0.0,0.42857142857142855,0.25,0,0,0,1,0,1,0,0,0,0,1,0,15250
0.49999999999999994,0.0043859649122807015,0.0,0.0,0.0,1.0,0.25,0,0,0,0,0,0,0,0,0,0,0,1,15011
0.48148148148148145,0.0,0.3333333333333333,0.016684045881126174,1.0,0.0,0.25,0,0,1,0,1,0,0,1,1,0,0,0,23515
0.537037037037037,0.010964912280701754,0.3333333333333333,0.02502606882168926,0.0,1.0,0.125,0,1,0,0,0,0,0,0,0,0,1,0,14947
0.1296296296296296,0.0043859649122807015,0.3333333333333333,0.01772679874869656,0.5,0.5714285714285714,0.25,1,0,1,0,1,0,0,0,0,0,0,0,14584
0.4259259259259259,0.0021929824561403508,0.0,0.00521376433785193,0.0,0.42857142857142855,0.625,1,0,0,1,1,1,0,0,0,1,0,0,20510
0.055555555555555525,0.0,0.6666666666666667,0.03858185610010428,0.0,0.0,0.25,0,0,1,0,1,0,0,0,0,0,0,1,5907
0.7222222222222223,0.010964912280701754,0.6666666666666667,0.03962460896767466,1.0,0.42857142857142855,0.625,1,0,1,0,0,1,0,0,0,0,0,1,34539
0.7037037037037037,0.0021929824561403508,0.6666666666666667,0.03336809176225235,1.0,0.0,0.25,0,1,0,0,1,0,1,0,1,0,0,1,29183
0.18518518518518517,0.010964912280701754,0.6666666666666667,0.03962460896767466,0.5,0.7857142857142857,0.25,1,0,1,0,0,0,0,0,1,0,1,0,19390
0.09259259259259262,0.0,0.6666666666666667,0.03858185610010428,0.0,0.0,0.625,0,0,0,1,1,0,1,0,1,0,0,1,11415
0.14814814814814814,0.008771929824561403,1.0,0.06465067778936393,1.0,0.42857142857142855,0.25,1,0,0,1,0,0,1,0,0,1,1,0,28545
0.574074074074074,0.006578947368421052,1.0,0.056308654848800835,1.0,0.42857142857142855,0.625,0,1,0,0,0,1,0,0,0,0,0,1,33323
0.18518518518518517,0.0043859649122807015,0.3333333333333333,0.01251303441084463,0.5,0.42857142857142855,0.125,1,0,1,0,0,0,0,1,0,0,1,0,16467
0.055555555555555525,0.0,0.6666666666666667,0.028154327424400417,0.5,0.0,0.25,1,0,0,1,1,0,1,0,0,0,1,0,10237
0.1296296296296296,0.0021929824561403508,0.3333333333333333,0.019812304483837334,0.0,0.42857142857142855,0.25,0,0,0,1,1,0,0,1,0,0,0,0,8874
0.09259259259259262,0.0,0.0,0.004171011470281543,0.0,0.0,0.125,0,0,1,0,1,0,1,0,0,0,0,0,7783
0.7037037037037037,0.0043859649122807015,0.6666666666666667,0.02502606882168926,1.0,0.0,0.5,0,0,1,0,0,0,1,0,0,0,0,1,29855
0.574074074074074,0.008771929824561403,0.3333333333333333,0.019812304483837334,1.0,0.8571428571428571,0.625,1,1,0,0,0,0,1,0,0,0,0,0,33726
0.6481481481481481,0.006578947368421052,0.3333333333333333,0.011470281543274244,0.0,0.42857142857142855,0.25,1,0,0,1,0,0,1,0,0,1,0,1,17676
0.574074074074074,0.006578947368421052,0.3333333333333333,0.023983315954118876,1.0,0.42857142857142855,0.625,1,0,0,1,0,0,0,1,0,0,1,0,31191
0.1111111111111111,0.0021929824561403508,0.0,0.0010427528675703858,0.0,0.0,0.25,1,0,1,0,1,1,0,0,0,1,0,0,12606
0.1111111111111111,0.0,0.3333333333333333,0.014598540145985403,0.0,0.0,0.625,1,0,0,1,1,0,0,0,0,0,1,0,7408
0.037037037037037035,0.0043859649122807015,0.3333333333333333,0.018769551616266946,0.0,0.0,0.5,0,0,1,0,0,0,0,0,0,0,0,1,7432
0.7592592592592593,0.0,0.0,0.006256517205422314,0.5,0.42857142857142855,0.625,0,0,0,0,1,0,0,0,0,0,0,0,21247
0.0,0.0,0.6666666666666667,0.03336809176225235,0.0,0.0,0.5,1,0,1,0,1,0,0,0,0,1,1,0,10609
0.09259259259259262,0.0021929824561403508,0.6666666666666667,0.03336809176225235,0.0,0.0,0.25,0,0,0,1,1,0,0,0,0,0,0,0,5169
0.962962962962963,0.0,0.6666666666666667,0.030239833159541193,1.0,0.42857142857142855,1.0,0,1,0,0,1,0,0,0,0,0,0,1,37070
0.16666666666666669,0.0,0.0,0.00521376433785193,0.0,0.0,0.0,1,0,0,0,1,0,0,0,0,0,1,0,6872
0.055555555555555525,0.0021929824561403508,0.6666666666666667,0.027111574556830033,0.0,0.0,0.0,0,0,1,0,1,0,0,0,1,0,0,0,5864
0.1296296296296296,0.0,0.3333333333333333,0.011470281543274244,0.0,0.0,0.125,1,0,0,0,1,0,0,1,0,0,0,0,4849
0.1111111111111111,0.0,1.0,0.04066736183524505,0.0,0.0,0.125,1,0,0,0,1,0,1,0,0,0,0,0,6828
0.018518518518518545,0.0,0.0,0.0031282586027111575,0.0,0.0,0.625,1,0,1,0,1,0,0,0,0,0,0,0,7717
0.09259259259259262,0.006578947368421052,0.0,0.004171011470281543,0.0,0.42857142857142855,1.0,1,0,1,0,0,0,0,0,0,0,0,0,10965
0.18518518518518517,0.006578947368421052,0.3333333333333333,0.01564129301355579,0.5,0.35714285714285715,0.25,0,0,1,0,0,0,1,0,0,0,0,0,19488
0.6481481481481481,0.010964912280701754,0.0,0.006256517205422314,0.5,0.42857142857142855,0.125,0,0,1,0,0,1,0,0,0,0,1,0,23761
0.6111111111111112,0.010964912280701754,1.0,0.06256517205422316,0.5,0.42857142857142855,0.25,1,0,0,1,0,0,1,0,0,1,0,0,26142
0.6851851851851851,0.010964912280701754,0.6666666666666667,0.03232533889468196,1.0,0.42857142857142855,0.25,1,0,1,0,0,0,1,0,0,1,0,1,34228
0.3333333333333333,0.0043859649122807015,0.3333333333333333,0.02502606882168926,0.5,0.42857142857142855,0.25,1,0,1,0,0,0,0,1,0,1,0,1,19811
0.7222222222222223,0.008771929824561403,0.6666666666666667,0.03232533889468196,1.0,0.42857142857142855,0.5,1,0,1,0,0,1,0,0,0,1,1,0,36350
0.055555555555555525,0.0,0.3333333333333333,0.011470281543274244,0.0,0.0,0.125,0,0,0,1,1,0,0,0,0,0,0,0,4403
0.7037037037037037,0.0,0.6666666666666667,0.03128258602711158,0.5,0.35714285714285715,0.625,1,0,0,1,1,0,1,0,0,0,1,0,23578
0.5925925925925926,0.0043859649122807015,0.0,0.00521376433785193,0.5,0.42857142857142855,0.25,0,0,0,1,0,1,0,0,1,0,1,0,24926
0.7222222222222223,0.0,1.0,0.06777893639207508,1.0,0.42857142857142855,0.125,0,0,0,1,1,0,0,0,0,1,0,0,31303
0.7407407407407407,0.0043859649122807015,0.3333333333333333,0.01772679874869656,1.0,0.42857142857142855,0.25,1,0,1,0,0,1,0,0,0,1,1,0,35806
0.574074074074074,0.006578947368421052,0.6666666666666667,0.02502606882168926,1.0,0.42857142857142855,0.625,0,1,0,0,0,0,1,0,0,0,0,1,31774
0.3703703703703704,0.0,1.0,0.04796663190823775,1.0,0.35714285714285715,0.125,1,0,0,1,1,0,1,0,0,1,1,0,28085
0.7037037037037037,0.008771929824561403,0.0,0.004171011470281543,0.5,0.42857142857142855,0.125,1,0,1,0,0,1,0,0,1,0,0,0,24159
0.037037037037037035,1.0,0.0,0.0010427528675703858,0.5,0.0,0.125,0,0,0,0,0,0,0,0,0,1,0,0,11688
0.018518518518518545,0.0,0.0,0.0020855057351407717,0.0,0.0,0.25,0,0,0,1,1,0,0,0,0,0,0,0,4922
0.6851851851851851,0.0043859649122807015,1.0,0.08654848800834203,1.0,0.35714285714285715,0.625,0,0,0,1,0,0,0,0,1,0,0,1,30185
0.0,0.0,0.6666666666666667,0.04066736183524505,0.0,0.0,1.0,0,0,0,0,1,0,1,0,0,0,0,0,11185
0.9259259259259258,0.0021929824561403508,0.6666666666666667,0.04066736183524505,0.0,0.42857142857142855,0.5,0,0,1,0,0,0,0,1,0,0,0,1,15724
0.7407407407407407,0.0043859649122807015,1.0,0.08967674661105318,1.0,0.42857142857142855,0.625,0,0,0,1,0,0,1,0,0,0,1,0,31748
0.24074074074074076,0.008771929824561403,1.0,0.05735140771637122,1.0,0.42857142857142855,0.25,1,0,0,1,0,1,0,0,0,0,1,0,27936
0.1111111111111111,0.0021929824561403508,0.0,0.004171011470281543,0.0,0.0,0.5,1,1,0,0,1,0,0,1,0,0,0,0,7787
0.5185185185185186,0.0,0.3333333333333333,0.009384775808133473,1.0,0.42857142857142855,0.5,1,1,0,0,1,1,0,0,0,0,0,1,33139
0.5185185185185186,0.0043859649122807015,0.6666666666666667,0.027111574556830033,1.0,0.5714285714285714,0.25,1,0,1,0,0,1,0,0,0,1,0,1,38817
0.24074074074074076,0.006578947368421052,0.0,0.0020855057351407717,0.0,1.0,0.625,0,0,0,1,0,0,0,0,0,0,1,0,15844
0.5185185185185186,0.010964912280701754,0.6666666666666667,0.04066736183524505,1.0,0.5714285714285714,0.5,0,1,0,0,0,0,0,0,0,0,0,1,33496
0.055555555555555525,0.0021929824561403508,0.0,0.0020855057351407717,0.0,0.0,0.5,0,1,0,0,1,1,0,0,0,1,1,0,14831
0.037037037037037035,0.006578947368421052,0.6666666666666667,0.03962460896767466,0.0,0.0,0.25,1,0,1,0,0,0,0,0,0,1,0,0,8948
0.7037037037037037,0.006578947368421052,1.0,0.09071949947862357,1.0,0.42857142857142855,0.25,0,0,1,0,0,0,1,0,0,0,1,0,30535
0.6666666666666667,0.0043859649122807015,0.0,0.0020855057351407717,0.5,0.42857142857142855,0.25,1,0,1,0,0,0,0,0,0,0,0,1,20751
0.1296296296296296,0.0021929824561403508,0.3333333333333333,0.01251303441084463,0.0,0.35714285714285715,0.625,0,0,0,1,1,0,0,1,0,1,0,0,13559
0.20370370370370366,0.010964912280701754,0.3333333333333333,0.010427528675703858,0.5,0.7857142857142857,1.0,0,0,1,0,0,0,0,0,0,1,1,0,26551
0.5185185185185186,0.0043859649122807015,0.0,0.006256517205422314,0.0,0.42857142857142855,0.25,1,0,0,0,0,0,1,0,0,0,1,0,14353
0.6296296296296295,0.006578947368421052,0.0,0.006256517205422314,1.0,0.42857142857142855,0.5,0,0,1,0,0,0,1,0,1,0,0,0,31530
0.22222222222222227,0.006578947368421052,0.0,0.0072992700729927005,1.0,0.42857142857142855,0.125,1,1,0,0,0,0,0,0,0,1,0,0,26840
0.0,0.0,0.0,0.0,0.0,0.0,0.25,0,0,0,1,1,0,0,1,0,0,1,0,5975
0.2962962962962962,0.0,0.0,0.0010427528675703858,0.0,1.0,0.25,1,0,0,1,1,0,1,0,0,1,1,0,19912
0.09259259259259262,0.0021929824561403508,0.0,0.0020855057351407717,0.0,1.0,0.125,0,1,0,0,1,0,0,1,0,0,1,0,10925
0.7777777777777779,0.006578947368421052,0.3333333333333333,0.010427528675703858,1.0,0.42857142857142855,0.25,0,0,0,0,0,0,0,0,0,1,0,1,31228
0.3518518518518518,0.0021929824561403508,0.0,0.0010427528675703858,0.0,0.42857142857142855,0.625,0,0,1,0,1,1,0,0,0,1,0,0,20534
0.20370370370370366,0.0,1.0,0.06465067778936393,1.0,0.0,0.125,1,0,1,0,1,0,0,0,0,1,1,0,24066
0.037037037037037035,0.0021929824561403508,0.6666666666666667,0.03545359749739312,0.0,0.0,0.625,1,0,0,1,1,0,0,0,0,0,0,0,8307
0.574074074074074,0.006578947368421052,0.3333333333333333,0.01251303441084463,1.0,0.42857142857142855,0.5,0,0,1,0,0,1,0,0,0,0,1,0,33818
0.018518518518518545,0.0,0.0,0.006256517205422314,0.0,0.0,0.25,1,1,0,0,1,0,0,1,0,0,0,0,5810
0.055555555555555525,0.0,1.0,0.09906152241918666,0.5,0.0,0.25,1,0,1,0,1,0,1,0,1,0,0,0,13000
0.3148148148148148,0.0043859649122807015,1.0,0.04796663190823775,1.0,0.8571428571428571,0.125,1,0,1,0,0,0,1,0,0,0,0,0,27337
0.0,0.0,0.6666666666666667,0.03336809176225235,0.0,0.0,0.125,1,0,0,0,1,0,0,0,1,0,0,0,6006
0.2962962962962962,0.0021929824561403508,0.0,0.0072992700729927005,0.0,0.42857142857142855,0.25,0,0,1,0,1,0,0,0,0,0,1,0,11062
0.3148148148148148,0.0021929824561403508,0.3333333333333333,0.016684045881126174,0.5,0.42857142857142855,0.125,1,1,0,0,1,0,0,0,0,1,1,0,19667
0.18518518518518517,0.0043859649122807015,0.0,0.0010427528675703858,0.0,0.42857142857142855,0.625,0,0,1,0,1,0,1,0,0,0,0,1,15271
0.27777777777777773,0.006578947368421052,0.3333333333333333,0.01251303441084463,1.0,1.0,0.625,0,0,0,1,0,0,0,1,0,0,1,0,29872
0.3518518518518518,0.006578947368421052,0.0,0.0,0.0,0.42857142857142855,0.625,0,0,0,1,0,0,1,0,0,0,0,1,13967
0.16666666666666669,0.006578947368421052,0.0,0.00521376433785193,0.0,0.42857142857142855,0.125,0,0,1,0,0,0,1,0,0,0,1,0,11635
0.1296296296296296,0.0,1.0,0.06047966631908238,0.5,0.0,0.25,0,0,1,0,1,0,1,0,0,0,0,1,11008
0.6851851851851851,0.008771929824561403,0.6666666666666667,0.04066736183524505,1.0,0.42857142857142855,0.25,1,0,0,1,0,0,1,0,0,1,0,1,32890
0.037037037037037035,0.0021929824561403508,0.6666666666666667,0.03753910323253389,0.0,0.0,0.625,0,0,0,1,1,0,1,0,0,0,1,0,10087
0.4259259259259259,0.0,0.0,0.0010427528675703858,0.0,0.8571428571428571,0.625,1,0,0,1,1,1,0,0,0,1,1,0,21053
0.4259259259259259,0.006578947368421052,0.0,0.006256517205422314,0.0,0.0,0.5,0,0,1,0,0,0,0,0,1,0,0,0,10074
0.6481481481481481,0.0,1.0,0.10010427528675704,1.0,0.42857142857142855,0.625,0,0,0,1,1,0,0,1,0,0,1,0,31277
0.055555555555555525,0.0021929824561403508,0.6666666666666667,0.027111574556830033,0.0,0.0,0.125,0,0,0,1,1,1,0,0,0,1,0,0,12270
0.6851851851851851,0.006578947368421052,0.3333333333333333,0.02502606882168926,1.0,0.5714285714285714,0.25,1,0,1,0,0,0,1,0,0,0,1,0,34445
0.07407407407407407,0.0,0.0,0.0,0.0,0.0,0.625,1,0,1,0,1,0,0,0,0,0,0,0,8299
0.3148148148148148,0.0021929824561403508,0.3333333333333333,0.021897810218978103,0.5,0.42857142857142855,0.25,0,1,0,0,1,0,0,0,0,1,1,0,20174
0.537037037037037,0.006578947368421052,0.3333333333333333,0.010427528675703858,1.0,0.0,0.125,1,0,1,0,0,0,1,0,0,0,0,1,28365
0.7777777777777779,0.008771929824561403,0.3333333333333333,0.02502606882168926,1.0,0.42857142857142855,0.125,0,0,1,0,0,0,0,0,0,0,0,1,27072
0.6296296296296295,0.0043859649122807015,1.0,0.04483837330552659,0.0,1.0,1.0,0,1,0,0,0,0,1,0,0,0,0,1,22551
0.5555555555555556,0.0021929824561403508,0.3333333333333333,0.014598540145985403,1.0,0.0,0.5,0,0,1,0,1,0,0,1,0,0,0,1,27578
0.14814814814814814,0.006578947368421052,0.0,0.0031282586027111575,0.0,0.42857142857142855,0.5,0,0,0,1,0,0,0,1,1,0,1,0,12767
0.6481481481481481,0.006578947368421052,0.3333333333333333,0.011470281543274244,1.0,0.5714285714285714,0.125,1,0,0,1,0,0,1,0,1,0,1,0,35655
0.018518518518518545,0.0,0.6666666666666667,0.02502606882168926,0.0,0.0,0.625,0,0,0,0,1,0,0,0,0,0,0,1,7557
0.7592592592592593,0.0043859649122807015,0.6666666666666667,0.029197080291970805,1.0,0.42857142857142855,0.625,0,0,0,1,0,0,1,0,0,0,0,1,31541
0.5925925925925926,0.008771929824561403,0.6666666666666667,0.028154327424400417,1.0,0.42857142857142855,0.5,0,0,0,1,0,0,0,0,0,0,0,1,29330
0.0,0.0021929824561403508,1.0,0.04275286757038582,0.5,0.0,0.625,0,1,0,0,1,0,0,0,0,0,0,0,11266
0.1296296296296296,0.006578947368421052,0.6666666666666667,0.03962460896767466,0.0,0.0,0.25,0,0,0,0,0,0,0,0,0,0,1,0,5764
0.6296296296296295,0.006578947368421052,0.0,0.006256517205422314,0.5,0.42857142857142855,0.25,1,0,1,0,0,0,0,0,0,0,0,0,19996
0.24074074074074076,0.006578947368421052,0.0,0.008342022940563087,0.0,0.7857142857142857,0.25,1,0,1,0,0,0,1,0,0,0,1,0,14252
0.6111111111111112,0.006578947368421052,0.0,0.0010427528675703858,0.5,0.42857142857142855,0.25,0,0,1,0,0,0,0,0,0,0,1,0,19771
0.6296296296296295,0.006578947368421052,0.6666666666666667,0.03753910323253389,1.0,0.0,0.5,0,0,0,1,0,0,1,0,0,0,0,1,29978
0.48148148148148145,0.006578947368421052,0.0,0.006256517205422314,0.0,0.42857142857142855,0.625,0,0,0,1,0,0,0,0,0,0,1,0,11977
0.037037037037037035,0.0043859649122807015,1.0,0.06569343065693431,0.5,0.0,0.125,0,0,0,0,1,0,0,0,0,1,1,0,10795
0.5925925925925926,0.0043859649122807015,1.0,0.056308654848800835,1.0,0.42857142857142855,0.25,0,0,0,1,0,0,1,0,0,0,1,0,30156
0.018518518518518545,0.0,0.6666666666666667,0.03753910323253389,0.0,0.0,0.125,0,0,0,0,1,0,0,0,0,0,0,1,5722
0.574074074074074,0.0,0.3333333333333333,0.023983315954118876,1.0,0.42857142857142855,0.625,1,1,0,0,1,1,0,0,0,1,0,1,36846
0.6111111111111112,0.006578947368421052,0.6666666666666667,0.03545359749739312,1.0,0.42857142857142855,0.625,1,0,1,0,0,0,1,0,1,0,0,0,32144
0.20370370370370366,0.006578947368421052,0.0,0.0020855057351407717,0.5,0.35714285714285715,0.25,0,0,0,0,0,0,0,0,0,0,1,0,17454
0.1296296296296296,0.0021929824561403508,0.3333333333333333,0.011470281543274244,0.0,0.0,0.5,1,0,0,1,1,0,0,0,0,0,0,1,6833
0.6111111111111112,0.006578947368421052,0.0,0.008342022940563087,0.0,0.42857142857142855,0.25,1,1,0,0,0,1,0,0,1,0,0,0,17894
0.055555555555555525,0.0,0.3333333333333333,0.023983315954118876,0.0,0.0,0.625,0,0,0,0,1,0,0,0,0,0,0,1,7644
0.037037037037037035,0.0,0.3333333333333333,0.009384775808133473,0.5,0.0,0.5,0,0,1,0,1,0,0,0,0,0,1,0,9685
0.2962962962962962,0.006578947368421052,0.3333333333333333,0.01772679874869656,0.5,0.42857142857142855,0.625,0,0,1,0,0,1,0,0,0,1,0,1,26535
0.07407407407407407,0.0021929824561403508,0.0,0.0072992700729927005,0.0,0.0,0.625,0,1,0,0,1,0,0,0,0,0,0,0,6691
0.6111111111111112,0.006578947368421052,0.3333333333333333,0.02294056308654849,1.0,1.0,0.25,1,0,0,1,0,0,1,0,0,0,0,1,34812
0.6111111111111112,0.006578947368421052,1.0,0.07716371220020855,0.0,0.42857142857142855,0.25,1,1,0,0,0,0,0,1,0,1,1,0,16073
0.20370370370370366,0.0,0.0,0.0072992700729927005,0.0,0.35714285714285715,0.125,0,1,0,0,1,0,0,0,0,0,1,0,9903
0.5555555555555556,0.0043859649122807015,0.3333333333333333,0.01772679874869656,1.0,1.0,0.125,1,0,0,1,0,0,0,0,1,0,1,0,33348
0.27777777777777773,0.0,0.3333333333333333,0.01772679874869656,0.5,0.0,0.25,1,0,0,1,1,0,0,0,0,1,0,1,18283
0.1296296296296296,0.0043859649122807015,0.3333333333333333,0.01251303441084463,0.0,0.42857142857142855,0.125,0,0,0,0,1,0,0,0,0,0,1,0,7544
0.3703703703703704,0.0021929824561403508,0.3333333333333333,0.023983315954118876,0.5,0.7857142857142857,0.25,1,0,1,0,1,0,1,0,0,1,0,1,23965
0.25925925925925924,0.006578947368421052,0.0,0.0,0.0,0.5714285714285714,1.0,1,0,1,0,0,0,0,0,0,1,1,0,22019
0.44444444444444436,0.006578947368421052,0.0,0.0,0.5,1.0,0.5,0,0,0,1,0,0,0,1,1,0,1,0,24357
0.1296296296296296,0.0,0.0,0.006256517205422314,0.0,1.0,0.625,0,0,0,1,1,0,0,0,0,1,1,0,16475
0.4259259259259259,0.0,0.3333333333333333,0.014598540145985403,0.5,0.42857142857142855,0.125,1,0,0,1,1,1,0,0,0,1,1,0,23953
0.3703703703703704,0.008771929824561403,0.0,0.008342022940563087,0.0,1.0,0.625,0,0,0,0,0,0,1,0,0,1,1,0,21683
0.44444444444444436,0.0043859649122807015,1.0,0.08029197080291971,1.0,0.0,0.125,0,0,1,0,1,0,0,0,0,0,1,0,21923
0.7407407407407407,0.006578947368421052,0.3333333333333333,0.02085505735140772,0.0,0.42857142857142855,1.0,0,1,0,0,0,0,0,1,0,0,1,0,17160
0.018518518518518545,0.0,0.3333333333333333,0.009384775808133473,0.0,0.0,0.25,0,0,0,1,1,0,0,1,1,0,0,1,8174
0.6666666666666667,0.010964912280701754,1.0,0.08237747653806049,1.0,0.8571428571428571,0.5,1,0,0,1,0,0,1,0,0,1,0,1,36047
0.4074074074074074,0.006578947368421052,1.0,0.08133472367049009,1.0,0.42857142857142855,1.0,0,0,1,0,0,0,0,0,1,0,1,0,27623
0.055555555555555525,0.0021929824561403508,0.6666666666666667,0.03649635036496351,0.5,0.0,0.25,1,0,0,1,1,0,0,0,0,1,1,0,11311
0.5925925925925926,0.0043859649122807015,0.0,0.0010427528675703858,0.5,0.0,0.5,1,0,0,1,1,0,0,0,0,1,1,0,22265
0.24074074074074076,0.0043859649122807015,0.6666666666666667,0.03128258602711158,0.5,1.0,0.625,0,0,1,0,0,0,0,0,0,0,1,0,23184
0.1111111111111111,0.0,1.0,1.0,0.5,0.0,0.0,1,0,0,1,1,0,0,0,0,1,0,1,12119
0.7407407407407407,0.010964912280701754,0.0,0.008342022940563087,0.5,0.42857142857142855,1.0,1,0,0,0,0,0,1,0,0,1,1,0,28932
0.055555555555555525,0.0,0.3333333333333333,0.010427528675703858,1.0,0.0,0.25,0,0,0,1,1,0,0,0,0,0,0,0,12268
0.7777777777777779,0.008771929824561403,1.0,0.1032325338894682,1.0,0.42857142857142855,0.625,0,1,0,0,0,0,0,0,0,0,0,1,29818
0.7592592592592593,0.010964912280701754,0.0,0.0031282586027111575,0.5,0.42857142857142855,0.625,0,0,1,0,0,0,0,0,0,0,1,0,21502
0.09259259259259262,0.0021929824561403508,0.3333333333333333,0.02294056308654849,0.5,0.0,0.625,1,0,0,1,1,0,0,0,0,0,1,0,11844
0.1296296296296296,0.0,0.6666666666666667,0.03753910323253389,0.0,0.0,1.0,1,0,0,1,1,0,1,0,0,0,0,1,10945
0.1111111111111111,0.0021929824561403508,1.0,0.07612095933263817,0.0,0.0,0.625,1,0,0,1,1,0,0,0,0,0,0,1,8436
0.24074074074074076,0.006578947368421052,0.0,0.0010427528675703858,1.0,0.7857142857142857,0.5,1,0,0,1,0,0,0,0,1,0,1,0,27770
0.1296296296296296,0.0,0.3333333333333333,0.011470281543274244,0.0,0.0,0.125,0,0,0,1,1,0,0,0,0,0,0,0,5137
0.5555555555555556,0.006578947368421052,0.6666666666666667,0.028154327424400417,1.0,0.42857142857142855,0.125,1,0,0,0,0,0,1,0,0,0,0,0,29585
0.0,0.0021929824561403508,1.0,0.06360792492179354,0.5,0.0,0.25,0,1,0,0,1,0,0,0,0,1,0,0,11350
0.49999999999999994,0.0043859649122807015,1.0,0.09176225234619395,1.0,0.42857142857142855,0.5,1,0,0,1,0,0,0,0,0,0,0,1,25812
0.07407407407407407,0.0,1.0,0.0886339937434828,0.5,0.7857142857142857,0.5,0,0,0,1,1,0,0,1,0,1,0,0,18934
0.1296296296296296,0.0,0.6666666666666667,0.02502606882168926,0.5,0.0,0.125,0,0,1,0,1,0,1,0,0,0,0,0,10549
0.7777777777777779,0.0043859649122807015,0.3333333333333333,0.02294056308654849,1.0,0.5714285714285714,0.625,0,0,0,0,0,0,0,0,0,0,0,1,33504
0.055555555555555525,0.0043859649122807015,0.6666666666666667,0.02606882168925965,0.0,0.0,0.0,1,1,0,0,1,0,0,0,0,0,0,1,3582
0.5925925925925926,0.006578947368421052,0.0,0.004171011470281543,0.5,0.35714285714285715,0.0,0,1,0,0,0,1,0,0,0,0,0,1,22020
0.49999999999999994,0.0043859649122807015,0.0,0.006256517205422314,0.0,0.42857142857142855,0.125,0,0,0,1,0,0,0,1,0,0,1,0,10991
0.16666666666666669,0.006578947368421052,0.6666666666666667,0.03441084462982273,0.5,0.8571428571428571,0.125,0,1,0,0,0,1,0,0,0,1,1,0,26262
0.7777777777777779,0.010964912280701754,0.6666666666666667,0.03441084462982273,1.0,0.42857142857142855,0.125,0,0,0,1,0,0,1,0,0,0,0,1,29014
0.6111111111111112,0.0,0.3333333333333333,0.014598540145985403,1.0,0.42857142857142855,0.25,1,0,0,1,1,1,0,0,0,1,0,1,35437
0.22222222222222227,0.5043859649122807,0.0,0.0031282586027111575,0.0,0.42857142857142855,0.625,0,0,0,1,0,0,1,0,0,0,0,1,15352
0.7407407407407407,0.006578947368421052,0.0,0.006256517205422314,0.5,0.5714285714285714,0.25,0,0,1,0,0,0,0,0,0,0,0,1,24632
0.574074074074074,0.006578947368421052,0.3333333333333333,0.02294056308654849,0.0,0.35714285714285715,0.5,0,0,1,0,0,0,1,0,0,0,0,1,14870
0.6111111111111112,0.008771929824561403,1.0,0.08446298227320126,1.0,0.5714285714285714,0.625,0,0,0,1,0,0,0,1,0,1,0,0,36936
0.4259259259259259,0.0,0.0,0.00521376433785193,0.0,1.0,0.125,0,0,0,1,1,1,0,0,0,1,1,0,20840
0.6666666666666667,0.0021929824561403508,0.0,0.008342022940563087,0.5,1.0,0.25,0,0,0,0,1,0,0,0,1,0,1,0,25827
0.1296296296296296,0.0,0.0,0.0,0.0,0.0,0.25,0,1,0,0,1,0,1,0,0,0,0,0,8280
0.5555555555555556,0.0,0.0,0.0020855057351407717,0.5,0.42857142857142855,0.125,1,0,1,0,1,0,0,0,1,0,0,1,21144
0.46296296296296297,0.0043859649122807015,0.3333333333333333,0.02502606882168926,1.0,0.42857142857142855,0.625,1,0,0,0,0,0,0,0,0,1,1,0,27996
0.14814814814814814,0.010964912280701754,0.0,0.0,0.0,0.0,0.125,1,0,1,0,0,0,1,0,0,1,1,0,13314
0.09259259259259262,0.0043859649122807015,0.0,0.00521376433785193,0.0,0.0,0.5,1,0,1,0,1,0,1,0,0,0,0,0,8363
0.1296296296296296,0.0,0.3333333333333333,0.02502606882168926,0.0,0.0,0.5,0,0,0,1,1,0,0,0,0,0,1,0,7535
0.6851851851851851,0.010964912280701754,1.0,0.045881126173096975,1.0,0.5714285714285714,0.5,1,0,1,0,0,1,0,0,0,1,0,1,40060
0.16666666666666669,0.010964912280701754,0.6666666666666667,0.03649635036496351,0.5,0.35714285714285715,0.125,1,0,0,1,0,0,0,0,0,1,1,0,19540
0.6666666666666667,0.008771929824561403,0.0,0.008342022940563087,0.5,0.5714285714285714,1.0,0,0,0,0,0,1,0,0,0,0,0,0,31280
0.7407407407407407,0.006578947368421052,0.3333333333333333,0.01772679874869656,0.5,0.42857142857142855,0.0,0,0,1,0,0,0,0,0,0,0,0,1,18767
0.6666666666666667,0.010964912280701754,0.3333333333333333,0.021897810218978103,1.0,0.42857142857142855,0.625,0,1,0,0,0,1,0,0,0,0,0,1,33515
0.07407407407407407,0.0,0.6666666666666667,0.04066736183524505,0.0,0.0,0.625,0,1,0,0,1,0,0,1,0,0,0,0,7359
0.0,0.0,0.6666666666666667,0.030239833159541193,0.0,0.0,0.625,0,0,1,0,1,0,0,0,0,0,0,0,7469
0.16666666666666669,0.0,0.3333333333333333,0.02294056308654849,0.5,0.35714285714285715,0.25,0,1,0,0,1,1,0,0,0,0,1,0,20393
0.0,0.0021929824561403508,0.0,0.0072992700729927005,0.0,0.0,0.125,0,0,1,0,1,0,0,0,0,0,0,0,5594
0.037037037037037035,0.0,1.0,0.08342022940563087,0.5,0.42857142857142855,0.25,0,1,0,0,1,0,0,1,1,0,0,1,13127
0.14814814814814814,0.006578947368421052,0.3333333333333333,0.02085505735140772,0.5,0.35714285714285715,0.125,1,0,0,0,0,0,1,0,0,1,1,0,21233
0.7407407407407407,0.0043859649122807015,0.0,0.0031282586027111575,0.5,0.42857142857142855,0.25,1,0,1,0,0,1,0,0,0,1,1,0,27177
0.5925925925925926,0.008771929824561403,0.0,0.0072992700729927005,0.5,0.35714285714285715,0.25,0,0,0,1,0,0,0,0,0,0,1,0,20786
0.6666666666666667,0.0,0.6666666666666667,0.02502606882168926,1.0,0.42857142857142855,0.25,0,0,0,0,1,1,0,0,0,0,0,1,32119
0.537037037037037,0.006578947368421052,1.0,0.06256517205422316,0.0,0.42857142857142855,0.125,1,0,0,0,0,0,0,0,0,1,0,1,15424
0.037037037037037035,0.0,0.3333333333333333,0.009384775808133473,0.0,0.0,0.625,1,0,1,0,1,0,0,1,0,1,1,0,10185
0.6666666666666667,0.006578947368421052,0.3333333333333333,0.02502606882168926,0.0,0.42857142857142855,0.625,1,0,1,0,0,0,1,0,0,0,1,0,15408
0.018518518518518545,0.0,0.0,0.0072992700729927005,0.5,0.0,0.625,0,1,0,0,1,0,0,0,0,0,0,0,11210
0.3888888888888889,0.0021929824561403508,0.6666666666666667,0.03232533889468196,0.5,0.0,0.125,0,0,0,1,1,0,1,0,0,1,1,0,20326
0.07407407407407407,0.0,1.0,0.06047966631908238,0.5,0.0,0.5,0,0,1,0,1,0,0,0,0,0,1,0,11010
0.3148148148148148,0.0021929824561403508,1.0,0.08133472367049009,1.0,0.0,0.125,0,0,1,0,1,0,0,0,0,0,1,0,20318
0.5925925925925926,0.008771929824561403,0.0,0.0020855057351407717,0.0,0.0,0.5,0,0,0,1,0,0,0,0,0,0,1,0,10497
0.46296296296296297,0.008771929824561403,0.3333333333333333,0.02502606882168926,0.5,0.35714285714285715,0.125,1,0,1,0,0,0,1,0,0,1,0,0,21937
0.07407407407407407,0.0021929824561403508,0.0,0.008342022940563087,0.0,0.0,0.25,0,0,0,1,1,0,0,0,0,0,1,0,5024
0.1296296296296296,0.0,0.0,0.006256517205422314,0.0,0.0,0.25,0,0,0,0,1,0,0,0,0,1,0,0,8421
0.25925925925925924,0.006578947368421052,0.0,0.0010427528675703858,0.0,0.42857142857142855,0.0,0,0,0,1,0,0,0,1,0,1,0,1,12739
0.7407407407407407,0.010964912280701754,1.0,0.06882168925964546,1.0,0.42857142857142855,0.125,0,0,1,0,0,0,1,0,0,0,0,1,30226
0.574074074074074,0.006578947368421052,0.0,0.0020855057351407717,0.0,0.0,0.625,0,0,1,0,0,0,0,0,0,0,0,1,11029
0.27777777777777773,0.008771929824561403,0.0,0.006256517205422314,0.0,0.42857142857142855,1.0,1,0,1,0,0,1,0,0,0,1,0,1,20774
0.7777777777777779,0.006578947368421052,1.0,0.06986444212721585,1.0,0.35714285714285715,0.125,1,0,1,0,0,0,0,1,0,0,1,0,28139
0.6666666666666667,0.006578947368421052,0.0,0.0010427528675703858,0.5,0.42857142857142855,0.125,0,1,0,0,0,0,1,0,0,1,1,0,23930
0.055555555555555525,0.0021929824561403508,0.0,0.0020855057351407717,0.0,0.0,0.125,0,0,1,0,1,1,0,0,0,0,0,0,9917
0.7592592592592593,0.008771929824561403,0.0,0.0,1.0,0.42857142857142855,0.5,1,0,1,0,0,0,1,0,1,0,1,0,32978
0.09259259259259262,0.0,0.6666666666666667,0.02502606882168926,0.0,0.0,0.25,1,1,0,0,1,0,0,1,0,0,0,0,6916
0.7592592592592593,0.0043859649122807015,1.0,0.07924921793534932,1.0,0.42857142857142855,0.5,0,0,0,1,0,0,0,0,0,0,0,1,29376
0.3148148148148148,0.008771929824561403,1.0,0.05839416058394161,1.0,0.35714285714285715,0.25,0,0,0,1,0,0,0,0,1,0,0,0,25261
0.7037037037037037,0.0043859649122807015,1.0,0.059436913451511995,1.0,0.42857142857142855,0.25,0,0,0,0,0,0,1,0,0,0,0,1,30201
0.07407407407407407,0.0021929824561403508,0.3333333333333333,0.023983315954118876,0.0,0.0,0.125,0,1,0,0,1,0,1,0,0,0,0,0,7338
0.0,0.0,0.0,0.00521376433785193,0.0,0.0,0.625,0,0,0,1,1,0,0,1,0,0,0,1,7451
0.44444444444444436,0.0,0.3333333333333333,0.01772679874869656,0.5,0.0,0.25,0,0,1,0,1,0,0,0,1,0,1,0,15863
0.25925925925925924,0.0043859649122807015,0.0,0.0020855057351407717,0.0,0.42857142857142855,0.125,0,0,1,0,0,0,0,0,0,0,1,0,9461
0.7407407407407407,0.0021929824561403508,1.0,0.10114702815432743,1.0,0.35714285714285715,0.625,0,0,0,1,1,0,0,0,0,1,1,0,32976
0.7592592592592593,0.006578947368421052,0.3333333333333333,0.010427528675703858,1.0,0.35714285714285715,0.125,0,0,0,1,0,0,1,0,0,1,0,0,33561
0.20370370370370366,0.0,1.0,0.09697601668404589,1.0,0.42857142857142855,0.125,1,0,1,0,1,0,0,0,0,1,0,1,25881
0.1296296296296296,0.0043859649122807015,1.0,0.04796663190823775,1.0,0.0,0.25,1,0,0,0,1,0,0,0,0,0,0,0,13674
0.1111111111111111,0.0,0.0,0.00521376433785193,0.0,0.0,0.625,0,1,0,0,1,0,0,0,1,0,1,0,8248
0.1296296296296296,0.0021929824561403508,0.3333333333333333,0.021897810218978103,0.0,0.0,0.125,1,1,0,0,1,0,0,1,0,0,0,0,5555
0.6296296296296295,0.006578947368421052,0.6666666666666667,0.03336809176225235,0.5,0.42857142857142855,1.0,1,0,0,1,0,0,1,0,0,1,0,0,28639
0.1111111111111111,0.0,0.6666666666666667,0.03649635036496351,0.0,0.0,0.5,1,0,0,1,1,0,0,1,0,1,0,1,10677
0.7222222222222223,0.17105263157894735,0.0,0.0010427528675703858,0.5,0.42857142857142855,0.125,1,0,0,1,1,0,1,0,0,0,0,1,22685
0.055555555555555525,0.006578947368421052,0.3333333333333333,0.010427528675703858,0.5,0.0,0.625,1,0,0,1,0,0,1,0,0,0,1,0,13954
0.6666666666666667,0.0043859649122807015,0.6666666666666667,0.03753910323253389,1.0,0.42857142857142855,0.25,1,0,1,0,0,1,0,0,0,1,1,0,34484
0.07407407407407407,0.0,0.0,0.00521376433785193,0.0,0.7857142857142857,0.125,0,1,0,0,1,0,0,0,0,1,0,0,12783
0.6111111111111112,0.006578947368421052,1.0,0.06882168925964546,1.0,0.42857142857142855,0.25,1,0,1,0,0,0,1,0,0,1,0,1,33802
0.20370370370370366,0.006578947368421052,0.3333333333333333,0.009384775808133473,0.5,0.35714285714285715,0.625,0,0,1,0,0,0,0,0,0,1,0,1,22676
0.3333333333333333,0.006578947368421052,0.0,0.0,0.0,0.42857142857142855,0.625,0,0,0,1,0,0,0,0,1,0,1,0,13415
0.018518518518518545,0.0021929824561403508,0.6666666666666667,0.02606882168925965,0.0,0.35714285714285715,0.625,0,0,1,0,1,0,0,1,0,1,1,0,13715
0.46296296296296297,0.0021929824561403508,1.0,0.054223149113660066,1.0,0.0,0.625,1,0,0,1,1,0,1,0,0,1,0,1,28614
0.6481481481481481,0.010964912280701754,0.3333333333333333,0.023983315954118876,1.0,0.0,0.625,0,0,0,1,0,0,0,0,0,0,0,1,28286
0.09259259259259262,0.0,0.0,0.0072992700729927005,0.0,0.0,0.625,0,0,0,1,1,0,1,0,0,0,0,0,10120
0.14814814814814814,0.008771929824561403,0.3333333333333333,0.019812304483837334,0.5,0.5714285714285714,0.625,0,0,0,0,0,0,0,1,0,0,1,0,24306
0.4074074074074074,0.0043859649122807015,0.3333333333333333,0.014598540145985403,0.5,0.42857142857142855,0.125,0,0,0,0,0,0,0,0,1,0,1,0,18458
0.09259259259259262,0.006578947368421052,1.0,0.08967674661105318,0.5,0.0,1.0,1,1,0,0,0,0,1,0,0,0,0,0,14308
0.018518518518518545,0.0021929824561403508,0.0,0.00521376433785193,0.0,0.0,0.625,1,0,1,0,1,0,0,0,1,0,1,0,8961
0.3518518518518518,0.0043859649122807015,0.0,0.006256517205422314,1.0,0.42857142857142855,0.25,1,0,0,1,0,0,0,1,0,0,1,0,23478
0.6666666666666667,0.0043859649122807015,0.6666666666666667,0.03232533889468196,1.0,0.42857142857142855,0.25,1,0,0,0,0,1,0,0,0,0,0,1,32572
0.3518518518518518,0.0043859649122807015,0.3333333333333333,0.01772679874869656,0.5,0.42857142857142855,0.125,0,1,0,0,0,0,0,1,0,0,0,0,17457
0.24074074074074076,0.0,1.0,0.09280500521376434,1.0,0.0,0.625,0,0,1,0,1,0,0,0,0,1,1,0,27171
0.1111111111111111,0.0,0.3333333333333333,0.01772679874869656,0.0,0.7857142857142857,0.625,0,0,0,0,1,0,0,0,0,0,0,0,11860
0.3888888888888889,0.006578947368421052,0.0,0.0031282586027111575,0.0,0.35714285714285715,0.25,0,0,0,1,0,1,0,0,0,1,1,0,18474
0.3148148148148148,0.010964912280701754,0.3333333333333333,0.014598540145985403,0.5,0.5714285714285714,0.25,1,0,1,0,0,0,1,0,0,1,1,0,26939
0.6851851851851851,0.0,0.0,0.0020855057351407717,0.5,0.35714285714285715,0.0,1,0,1,0,1,0,1,0,0,1,0,1,24262
0.6851851851851851,0.008771929824561403,0.3333333333333333,0.02085505735140772,1.0,0.35714285714285715,0.625,0,0,0,0,0,1,0,0,0,0,0,1,34189
0.018518518518518545,0.0,1.0,0.09384775808133473,0.5,0.0,0.625,0,1,0,0,1,0,0,0,1,0,0,0,12407
0.7777777777777779,0.008771929824561403,0.6666666666666667,0.03336809176225235,1.0,0.35714285714285715,0.25,0,1,0,0,0,0,0,0,0,0,0,1,28583
0.3888888888888889,0.006578947368421052,0.0,0.0020855057351407717,0.0,0.0,0.25,1,0,0,1,0,0,1,0,0,1,0,0,12891
0.5925925925925926,0.0021929824561403508,0.3333333333333333,0.018769551616266946,1.0,0.42857142857142855,1.0,1,0,1,0,1,0,0,0,0,1,1,0,34369
0.3148148148148148,0.0021929824561403508,1.0,0.07820646506777894,1.0,0.35714285714285715,0.125,0,0,1,0,1,1,0,0,1,0,1,0,28071
0.07407407407407407,0.0021929824561403508,0.6666666666666667,0.03962460896767466,0.0,0.0,0.0,1,0,0,0,1,0,1,0,0,1,0,0,10354
0.27777777777777773,0.0021929824561403508,0.0,0.0072992700729927005,0.0,0.42857142857142855,0.25,0,0,0,1,1,0,1,0,1,0,1,0,14014
0.2962962962962962,0.010964912280701754,1.0,0.09384775808133473,1.0,0.42857142857142855,0.25,0,0,1,0,0,0,0,1,0,0,0,1,23810
0.22222222222222227,0.008771929824561403,0.3333333333333333,0.018769551616266946,0.5,0.35714285714285715,0.5,0,0,0,0,0,0,0,0,0,0,0,1,18289
0.24074074074074076,0.008771929824561403,0.3333333333333333,0.021897810218978103,0.5,0.8571428571428571,0.625,0,0,0,1,0,0,0,0,0,1,0,1,23574
0.24074074074074076,0.0043859649122807015,0.0,0.006256517205422314,0.0,0.35714285714285715,0.25,0,1,0,0,0,0,1,0,0,0,0,1,12364
0.0,0.0021929824561403508,0.3333333333333333,0.010427528675703858,0.0,0.0,0.625,0,1,0,0,1,1,0,0,1,0,0,0,11873
0.7222222222222223,0.008771929824561403,0.6666666666666667,0.03753910323253389,0.5,0.0,0.625,1,0,0,1,0,0,1,0,0,1,0,1,24354
0.5185185185185186,0.006578947368421052,0.6666666666666667,0.027111574556830033,0.5,0.0,0.125,0,1,0,0,0,0,0,0,0,0,0,1,18719
0.018518518518518545,0.0,0.3333333333333333,0.01251303441084463,0.0,0.42857142857142855,0.125,1,0,0,1,1,0,0,0,0,1,1,0,9493
0.3703703703703704,0.006578947368421052,0.0,0.0072992700729927005,0.0,0.42857142857142855,0.5,0,0,1,0,0,0,0,0,0,0,0,1,12608
0.22222222222222227,0.008771929824561403,0.0,0.00521376433785193,0.0,0.42857142857142855,0.625,0,0,0,1,0,0,0,0,0,0,0,1,13122
0.49999999999999994,0.006578947368421052,0.3333333333333333,0.01251303441084463,0.5,0.42857142857142855,0.25,1,0,0,0,0,1,0,0,0,1,1,0,25118
0.48148148148148145,0.0043859649122807015,0.6666666666666667,0.03232533889468196,0.5,0.5714285714285714,1.0,0,0,0,1,0,0,0,0,0,1,1,0,27159
0.1111111111111111,0.0021929824561403508,0.0,0.004171011470281543,0.0,0.0,0.125,1,1,0,0,1,0,0,0,0,0,1,0,5968
0.09259259259259262,0.006578947368421052,0.3333333333333333,0.018769551616266946,0.0,0.0,0.25,0,0,0,1,0,0,0,0,0,0,0,0,6292
0.16666666666666669,0.0,0.3333333333333333,0.019812304483837334,1.0,0.7857142857142857,0.125,0,0,1,0,1,0,0,0,1,0,0,1,26036
0.5555555555555556,0.0043859649122807015,0.6666666666666667,0.03441084462982273,1.0,0.42857142857142855,0.625,0,0,0,1,1,0,0,0,0,0,0,1,30155
0.018518518518518545,0.0,1.0,0.045881126173096975,1.0,0.0,0.625,0,0,1,0,1,0,0,0,0,0,0,0,14630
0.07407407407407407,0.0,0.3333333333333333,0.01564129301355579,0.5,0.0,0.625,0,0,1,0,1,0,0,0,0,0,0,0,10639
0.4259259259259259,0.006578947368421052,0.3333333333333333,0.014598540145985403,0.5,0.42857142857142855,1.0,1,0,1,0,0,0,0,0,0,1,0,1,23946
0.49999999999999994,0.0043859649122807015,1.0,0.04066736183524505,1.0,0.35714285714285715,0.25,0,0,0,1,0,0,1,0,0,0,0,0,26310
0.46296296296296297,0.008771929824561403,0.6666666666666667,0.03336809176225235,0.5,0.35714285714285715,1.0,1,1,0,0,0,0,1,0,0,1,1,0,25475
0.09259259259259262,0.0043859649122807015,0.6666666666666667,0.028154327424400417,0.0,0.0,0.125,1,0,1,0,1,0,0,1,0,1,0,0,9351
0.6666666666666667,0.006578947368421052,0.0,0.0010427528675703858,0.5,0.42857142857142855,1.0,1,1,0,0,0,0,0,0,1,0,1,0,25176
0.7592592592592593,0.0043859649122807015,0.3333333333333333,0.02502606882168926,1.0,0.0,0.625,1,0,0,0,0,0,1,0,0,0,1,0,30528
0.0,0.006578947368421052,0.0,0.004171011470281543,0.0,0.0,0.625,0,0,1,0,0,0,0,0,0,1,1,0,10002
0.4074074074074074,0.006578947368421052,0.6666666666666667,0.029197080291970805,0.5,0.5714285714285714,0.125,0,1,0,0,0,0,0,0,0,1,0,0,23855
0.5925925925925926,0.0043859649122807015,0.6666666666666667,0.03336809176225235,1.0,0.42857142857142855,0.125,1,0,0,1,0,0,1,0,0,1,0,1,32671
0.018518518518518545,0.0043859649122807015,0.0,0.004171011470281543,0.5,0.0,0.625,0,0,1,0,1,0,0,1,0,0,1,0,10638
0.48148148148148145,0.0043859649122807015,0.0,0.0072992700729927005,0.0,0.0,0.25,0,0,1,0,0,0,0,1,0,0,0,0,10173
0.7037037037037037,0.0021929824561403508,0.3333333333333333,0.010427528675703858,1.0,0.0,0.25,0,1,0,0,1,1,0,0,0,0,1,0,29948
0.018518518518518545,0.0,0.0,0.0020855057351407717,0.0,0.0,0.625,1,1,0,0,1,0,1,0,0,0,1,0,9710
0.7037037037037037,0.008771929824561403,0.6666666666666667,0.03962460896767466,1.0,0.42857142857142855,0.125,1,0,1,0,0,0,0,0,0,1,0,1,31278
0.3148148148148148,0.0043859649122807015,0.6666666666666667,0.03232533889468196,1.0,0.42857142857142855,0.25,1,0,0,0,0,1,0,0,0,1,0,0,30268
0.7037037037037037,0.0043859649122807015,0.6666666666666667,0.030239833159541193,1.0,0.42857142857142855,0.25,1,0,0,1,1,0,1,0,0,1,1,0,32719
0.6481481481481481,0.0043859649122807015,0.6666666666666667,0.03128258602711158,1.0,0.0,0.125,0,0,0,1,0,0,1,0,0,0,0,1,28227
1.0,0.0043859649122807015,0.6666666666666667,0.028154327424400417,0.5,0.42857142857142855,1.0,1,0,0,0,0,0,0,0,0,1,0,1,30572
0.6666666666666667,0.0043859649122807015,0.0,0.0,0.5,0.8571428571428571,0.625,0,0,0,1,0,0,0,0,0,0,0,1,23773
0.4259259259259259,0.0043859649122807015,0.0,0.0,0.0,0.35714285714285715,0.125,0,0,1,0,0,0,0,1,1,0,1,0,11250
0.2962962962962962,0.0043859649122807015,0.3333333333333333,0.023983315954118876,0.5,0.8571428571428571,1.0,1,0,0,1,0,0,0,1,0,0,1,0,24035
0.27777777777777773,0.006578947368421052,0.3333333333333333,0.019812304483837334,0.5,0.42857142857142855,0.625,0,0,1,0,0,0,0,0,0,0,1,0,19772
0.6296296296296295,0.006578947368421052,0.3333333333333333,0.014598540145985403,1.0,0.0,0.625,0,0,1,0,0,0,1,0,0,1,0,1,32720
0.018518518518518545,0.0,0.0,0.0020855057351407717,0.5,0.0,0.25,0,0,1,0,1,0,0,1,1,0,1,0,11304
0.48148148148148145,0.0043859649122807015,0.0,0.00521376433785193,0.0,0.42857142857142855,0.25,0,0,1,0,1,0,0,1,0,0,1,0,11181
0.7777777777777779,0.006578947368421052,1.0,0.07507820646506778,1.0,0.42857142857142855,0.25,1,0,0,1,0,0,0,0,0,0,0,1,27421
0.09259259259259262,0.0043859649122807015,0.3333333333333333,0.013555787278415015,0.0,0.0,0.125,1,0,0,1,0,0,1,0,0,0,0,0,8157
0.037037037037037035,0.006578947368421052,0.3333333333333333,0.018769551616266946,0.0,0.0,0.125,0,1,0,0,0,0,0,0,0,0,0,0,4569
0.09259259259259262,1.0,0.3333333333333333,0.009384775808133473,0.0,0.42857142857142855,0.25,0,0,0,1,1,0,0,0,0,0,0,0,7548
0.1296296296296296,0.0,0.6666666666666667,0.04066736183524505,0.0,0.0,0.25,0,0,0,1,1,0,0,0,0,0,0,0,6587
0.0,0.0043859649122807015,0.0,0.0020855057351407717,0.0,0.0,0.625,0,1,0,0,1,0,0,0,0,0,0,0,8089
0.5185185185185186,0.008771929824561403,1.0,0.07090719499478623,1.0,0.42857142857142855,0.25,0,0,0,1,0,1,0,0,0,1,1,0,35010
0.6481481481481481,0.006578947368421052,0.3333333333333333,0.02294056308654849,0.0,0.42857142857142855,0.125,0,0,1,0,0,0,0,0,0,0,1,0,12494
0.7222222222222223,0.006578947368421052,0.3333333333333333,0.018769551616266946,1.0,0.42857142857142855,0.625,1,0,0,1,0,0,0,1,0,1,0,1,33364
0.1296296296296296,0.0,0.6666666666666667,0.02606882168925965,0.0,0.0,1.0,1,0,1,0,1,0,1,0,0,0,0,0,10945
0.3148148148148148,0.006578947368421052,0.0,0.0010427528675703858,0.0,0.35714285714285715,0.5,1,1,0,0,0,0,0,1,0,1,1,0,15141
0.20370370370370366,0.006578947368421052,1.0,0.05735140771637122,1.0,0.42857142857142855,0.125,0,0,0,1,0,1,0,0,0,1,0,0,30401
0.18518518518518517,0.0043859649122807015,0.6666666666666667,0.03858185610010428,0.5,0.42857142857142855,0.5,1,0,0,1,0,0,0,0,0,0,0,1,18771
0.07407407407407407,0.0021929824561403508,0.0,0.004171011470281543,0.5,0.0,0.25,1,0,1,0,1,0,0,0,0,0,0,0,8413
0.0,0.0,0.0,0.006256517205422314,1.0,0.5714285714285714,0.625,1,1,0,0,1,0,0,0,0,1,0,0,22826
0.6851851851851851,0.0043859649122807015,0.3333333333333333,0.021897810218978103,1.0,0.42857142857142855,0.25,0,0,0,1,0,1,0,0,0,0,1,0,32428
0.5925925925925926,0.006578947368421052,0.0,0.0031282586027111575,0.5,0.8571428571428571,0.5,0,0,1,0,0,1,0,0,0,0,1,0,28119
0.22222222222222227,0.006578947368421052,0.3333333333333333,0.023983315954118876,0.5,0.42857142857142855,0.625,1,0,0,1,0,0,1,0,0,0,0,1,20524
0.7777777777777779,0.008771929824561403,0.6666666666666667,0.029197080291970805,1.0,0.42857142857142855,0.25,0,1,0,0,0,0,0,1,0,0,0,1,27751
0.6851851851851851,0.0043859649122807015,0.6666666666666667,0.04066736183524505,1.0,1.0,1.0,0,1,0,0,0,0,0,0,0,1,0,0,38660
0.1296296296296296,0.0021929824561403508,0.3333333333333333,0.009384775808133473,0.0,0.0,0.625,0,0,0,1,1,1,0,0,0,0,1,0,11900
0.537037037037037,0.008771929824561403,0.0,0.0010427528675703858,0.5,0.42857142857142855,0.625,1,0,1,0,0,0,0,0,0,0,0,1,21692
0.6111111111111112,0.006578947368421052,0.6666666666666667,0.029197080291970805,1.0,0.42857142857142855,0.625,1,0,1,0,0,0,0,0,1,0,0,1,31697
0.7222222222222223,0.006578947368421052,0.0,0.006256517205422314,0.0,0.42857142857142855,1.0,0,0,0,1,0,0,0,0,1,0,0,1,17836
0.27777777777777773,0.006578947368421052,0.0,0.0020855057351407717,1.0,0.5714285714285714,0.0,1,1,0,0,0,1,0,0,0,1,0,1,33800
0.5555555555555556,0.010964912280701754,0.0,0.004171011470281543,0.5,0.8571428571428571,0.625,0,0,1,0,0,0,0,0,0,0,1,0,24447
0.5185185185185186,0.008771929824561403,0.3333333333333333,0.01564129301355579,0.0,0.8571428571428571,0.25,0,0,1,0,0,0,0,0,0,0,1,0,15002
0.6666666666666667,0.0021929824561403508,0.3333333333333333,0.02294056308654849,1.0,0.42857142857142855,1.0,0,0,1,0,1,1,0,0,1,0,0,0,36498
0.22222222222222227,0.0021929824561403508,0.3333333333333333,0.011470281543274244,0.5,0.42857142857142855,0.125,0,0,1,0,1,1,0,0,0,1,1,0,24056
0.4074074074074074,0.006578947368421052,0.0,0.0,0.0,0.35714285714285715,0.25,0,0,1,0,0,0,0,0,1,0,0,1,11254
0.3703703703703704,0.0043859649122807015,0.3333333333333333,0.010427528675703858,0.0,0.0,0.25,0,0,0,1,1,0,0,0,0,1,1,0,12332
0.018518518518518545,0.0021929824561403508,0.0,0.00521376433785193,0.0,0.42857142857142855,0.25,1,0,0,1,1,0,0,0,0,1,0,0,11699
0.7777777777777779,0.006578947368421052,1.0,0.08654848800834203,0.5,0.42857142857142855,1.0,0,0,1,0,0,0,0,0,0,0,0,1,24239
0.3518518518518518,0.0043859649122807015,0.0,0.008342022940563087,0.0,0.35714285714285715,0.625,0,1,0,0,0,0,0,1,0,1,0,1,16973
0.3518518518518518,0.0,0.3333333333333333,0.010427528675703858,0.5,0.0,0.625,1,0,0,1,1,0,0,0,0,1,0,1,19092
0.4259259259259259,0.006578947368421052,0.3333333333333333,0.011470281543274244,0.5,0.42857142857142855,0.625,0,0,1,0,0,0,0,1,0,0,0,0,18807
0.7592592592592593,0.0043859649122807015,0.6666666666666667,0.02502606882168926,1.0,0.7857142857142857,1.0,1,0,0,1,0,0,0,0,0,1,0,1,36947
0.1296296296296296,0.0,0.6666666666666667,0.03336809176225235,0.0,0.35714285714285715,0.625,1,0,1,0,1,0,0,0,0,0,1,0,10361
0.3703703703703704,0.0,0.0,0.006256517205422314,0.0,0.42857142857142855,0.625,0,0,0,1,1,0,0,0,0,0,1,0,11935
0.3333333333333333,0.008771929824561403,0.0,0.0072992700729927005,0.0,0.42857142857142855,0.0,1,0,0,0,0,0,0,1,0,1,0,1,13439
0.09259259259259262,0.0021929824561403508,0.3333333333333333,0.02085505735140772,0.0,0.0,0.25,0,0,1,0,1,0,0,0,0,0,0,0,6196
0.7407407407407407,0.008771929824561403,0.6666666666666667,0.030239833159541193,1.0,0.35714285714285715,0.5,1,0,1,0,0,1,0,0,0,1,0,1,35620
0.7777777777777779,0.008771929824561403,0.3333333333333333,0.014598540145985403,1.0,0.42857142857142855,0.625,0,0,0,1,0,0,0,0,0,0,0,1,29095
0.055555555555555525,0.0,0.6666666666666667,0.03545359749739312,0.0,0.0,0.125,0,0,0,1,1,0,0,0,0,0,1,0,4897
0.1296296296296296,0.0021929824561403508,0.3333333333333333,0.01772679874869656,0.0,0.0,0.625,0,0,0,1,1,0,0,1,0,0,0,0,7347
0.8148148148148149,0.0021929824561403508,0.0,0.0,0.5,0.42857142857142855,0.625,0,0,0,1,0,0,0,0,0,0,0,1,25617
0.574074074074074,0.008771929824561403,0.0,0.00521376433785193,0.5,0.42857142857142855,0.25,1,1,0,0,0,0,0,0,0,1,0,1,23479
0.44444444444444436,0.006578947368421052,0.0,0.008342022940563087,0.0,0.42857142857142855,0.125,1,1,0,0,0,0,0,0,1,0,1,0,10250
0.4074074074074074,0.006578947368421052,0.0,0.008342022940563087,0.0,0.35714285714285715,0.625,0,0,1,0,0,0,0,1,0,1,0,0,16767
0.1111111111111111,0.0021929824561403508,0.3333333333333333,0.013555787278415015,0.0,0.0,0.5,0,0,1,0,1,0,0,1,0,0,0,1,7627
0.5925925925925926,0.0021929824561403508,0.3333333333333333,0.02502606882168926,1.0,0.42857142857142855,1.0,0,1,0,0,1,0,0,0,0,0,1,0,31480
0.44444444444444436,0.0021929824561403508,1.0,0.0521376433785193,1.0,0.42857142857142855,0.625,0,1,0,0,1,0,0,0,1,0,0,1,25973
0.1296296296296296,0.0,0.3333333333333333,0.02294056308654849,0.5,0.0,0.25,0,0,1,0,1,0,0,1,0,0,1,0,9244
0.055555555555555525,0.0021929824561403508,0.0,0.0020855057351407717,0.0,0.0,0.25,0,0,0,1,1,1,0,0,0,0,0,0,8964
0.6296296296296295,0.006578947368421052,0.6666666666666667,0.03962460896767466,0.5,0.42857142857142855,0.625,0,1,0,0,0,0,1,0,0,0,0,1,23661
0.7777777777777779,0.0043859649122807015,0.3333333333333333,0.02502606882168926,1.0,0.35714285714285715,0.5,1,0,0,1,0,0,0,0,0,1,0,1,33208
0.3888888888888889,0.010964912280701754,0.0,0.008342022940563087,0.0,1.0,0.625,0,1,0,0,0,0,1,0,1,0,1,0,20593
0.0,0.0021929824561403508,1.0,0.06569343065693431,0.5,0.0,0.625,0,0,0,1,1,0,0,0,0,0,1,0,10452
0.018518518518518545,0.0,0.0,0.0072992700729927005,0.0,0.0,0.125,0,0,0,1,1,0,0,1,0,0,0,1,5160
1.0,0.0043859649122807015,0.3333333333333333,0.02502606882168926,1.0,0.42857142857142855,0.625,1,0,1,0,0,0,0,1,0,0,0,1,36443
0.09259259259259262,0.0,0.6666666666666667,0.03649635036496351,0.0,1.0,0.625,0,0,1,0,1,0,0,1,0,0,0,0,14807
0.4074074074074074,0.0,0.6666666666666667,0.027111574556830033,0.5,0.42857142857142855,0.625,1,1,0,0,1,0,0,0,0,1,1,0,22131
0.3703703703703704,0.0,1.0,0.04796663190823775,0.5,0.42857142857142855,0.125,0,0,0,1,1,0,1,0,1,0,0,0,19771
0.6481481481481481,0.006578947368421052,0.6666666666666667,0.03753910323253389,1.0,0.42857142857142855,0.5,1,0,1,0,0,0,0,0,0,1,0,1,31617
0.037037037037037035,0.0,0.3333333333333333,0.01772679874869656,0.0,0.0,1.0,0,0,0,1,1,0,0,0,0,0,0,1,9690
0.44444444444444436,0.0043859649122807015,0.3333333333333333,0.010427528675703858,0.5,0.0,0.625,1,0,0,1,0,0,1,0,0,0,1,0,18578
0.6111111111111112,0.0043859649122807015,0.0,0.0010427528675703858,0.5,0.35714285714285715,0.25,0,0,1,0,0,1,0,0,0,0,0,0,23877
0.3518518518518518,0.0,0.3333333333333333,0.02085505735140772,0.5,0.35714285714285715,0.25,0,0,1,0,1,0,0,0,0,0,1,0,17169
0.037037037037037035,0.0021929824561403508,1.0,0.05839416058394161,0.5,0.0,0.625,0,0,0,1,1,0,0,0,0,0,1,0,12186
0.46296296296296297,0.006578947368421052,0.0,0.0020855057351407717,0.0,0.42857142857142855,0.25,0,0,0,1,0,0,0,0,1,0,0,1,11098
0.09259259259259262,0.006578947368421052,1.0,0.08029197080291971,0.0,0.7857142857142857,0.125,0,0,0,1,0,0,0,1,0,0,1,0,9109
0.1111111111111111,0.0,0.3333333333333333,0.01772679874869656,0.0,0.0,0.625,0,0,0,1,1,0,0,1,0,0,1,0,8414
0.1296296296296296,0.0,0.0,0.0031282586027111575,0.0,0.0,0.5,0,1,0,0,1,1,0,0,0,0,0,0,10205
0.49999999999999994,0.006578947368421052,0.3333333333333333,0.01564129301355579,0.5,1.0,0.625,1,0,0,0,0,0,0,0,0,1,1,0,26413
0.07407407407407407,0.0021929824561403508,0.3333333333333333,0.021897810218978103,0.0,0.0,0.25,0,0,0,1,1,0,0,0,0,0,0,0,6278
0.1296296296296296,0.0021929824561403508,0.3333333333333333,0.010427528675703858,0.0,0.0,0.125,1,0,1,0,1,0,0,0,0,1,1,0,7427
0.0,0.0043859649122807015,0.3333333333333333,0.02502606882168926,0.0,0.0,0.0,0,0,1,0,0,0,0,0,0,1,0,0,7937
0.7222222222222223,0.0021929824561403508,1.0,0.05318039624608968,1.0,0.35714285714285715,0.625,0,1,0,0,1,1,0,0,0,0,1,0,34084
0.4259259259259259,0.0043859649122807015,0.3333333333333333,0.02502606882168926,0.5,0.42857142857142855,0.25,1,1,0,0,0,0,1,0,0,1,0,1,22773
0.1296296296296296,0.0043859649122807015,1.0,0.08133472367049009,0.0,0.0,0.125,1,0,1,0,1,1,0,0,0,1,1,0,11602
0.5925925925925926,0.0021929824561403508,0.6666666666666667,0.03441084462982273,1.0,1.0,0.625,0,0,0,0,1,0,1,0,0,1,0,1,38762
0.018518518518518545,0.0,0.0,0.00521376433785193,0.0,0.0,0.125,1,1,0,0,1,0,0,1,0,0,1,0,5368
0.46296296296296297,0.0043859649122807015,0.3333333333333333,0.021897810218978103,1.0,0.0,0.625,0,0,1,0,1,0,0,0,0,1,0,1,27264
0.7037037037037037,0.0021929824561403508,0.0,0.0072992700729927005,0.5,0.42857142857142855,0.25,1,0,1,0,1,1,0,0,1,0,0,1,26161
0.6666666666666667,0.006578947368421052,0.6666666666666667,0.03441084462982273,1.0,0.35714285714285715,0.125,0,0,0,0,0,0,1,0,0,0,0,1,30056
0.6851851851851851,0.0043859649122807015,0.0,0.0,0.0,0.42857142857142855,0.25,1,0,1,0,1,1,0,0,1,0,1,0,16675
0.14814814814814814,0.0043859649122807015,0.6666666666666667,0.030239833159541193,0.5,0.35714285714285715,0.625,0,0,1,0,0,1,0,0,0,0,0,1,22481
0.07407407407407407,0.006578947368421052,0.6666666666666667,0.03232533889468196,0.5,0.0,0.625,1,0,0,1,0,0,0,0,0,1,0,1,13230
0.5185185185185186,0.0043859649122807015,0.3333333333333333,0.01564129301355579,1.0,0.5714285714285714,0.25,0,0,1,0,0,0,1,0,0,0,0,1,35250
0.4074074074074074,0.0043859649122807015,0.0,0.008342022940563087,0.0,0.0,0.25,1,0,0,0,0,0,1,0,0,1,1,0,14549
0.24074074074074076,0.006578947368421052,0.3333333333333333,0.01564129301355579,1.0,0.42857142857142855,0.25,1,0,1,0,0,1,0,0,0,1,1,0,30450
0.07407407407407407,0.0,0.3333333333333333,0.02294056308654849,0.0,0.0,0.25,0,0,0,1,1,0,0,0,0,0,0,0,4867
0.16666666666666669,0.006578947368421052,0.0,0.0072992700729927005,0.0,0.42857142857142855,0.125,0,1,0,0,0,0,0,1,1,0,0,0,12292
0.537037037037037,0.0043859649122807015,1.0,0.06465067778936393,0.5,0.35714285714285715,0.625,0,0,0,0,0,0,0,0,1,0,0,0,23116
0.6666666666666667,0.008771929824561403,0.0,0.004171011470281543,0.5,0.42857142857142855,0.25,1,0,0,0,0,0,0,0,0,0,1,0,20798
0.6111111111111112,0.0043859649122807015,0.0,0.0020855057351407717,0.0,0.5714285714285714,0.5,0,0,0,0,0,0,0,0,0,0,0,1,17842
0.20370370370370366,0.0,0.3333333333333333,0.02294056308654849,1.0,0.8571428571428571,1.0,1,0,1,0,1,0,0,1,0,1,1,0,32000
0.07407407407407407,0.0,1.0,0.06047966631908238,0.5,0.42857142857142855,0.5,0,0,1,0,1,0,0,0,0,0,0,0,13204
0.7777777777777779,0.008771929824561403,0.0,0.004171011470281543,0.5,0.42857142857142855,0.125,1,1,0,0,0,0,0,1,0,1,0,1,23609
0.7592592592592593,0.008771929824561403,0.0,0.006256517205422314,0.5,0.8571428571428571,0.25,1,0,0,0,0,0,1,0,0,0,0,1,25169
0.1296296296296296,0.0,0.6666666666666667,0.03545359749739312,0.0,0.0,0.25,1,0,1,0,1,0,0,0,0,0,0,0,6264
0.4074074074074074,0.010964912280701754,1.0,0.06047966631908238,1.0,0.35714285714285715,0.625,0,0,0,1,0,1,0,0,1,0,1,0,29856
0.7592592592592593,0.0,0.0,0.0072992700729927005,0.5,0.42857142857142855,0.25,0,0,1,0,1,1,0,0,0,0,1,0,23534
0.6851851851851851,0.006578947368421052,0.0,0.0020855057351407717,0.5,0.5714285714285714,0.125,0,1,0,0,0,0,0,0,0,0,0,1,23810
0.3703703703703704,0.0043859649122807015,1.0,0.05735140771637122,1.0,0.42857142857142855,0.125,1,1,0,0,0,0,0,0,0,1,0,1,25671
0.574074074074074,0.006578947368421052,0.0,0.006256517205422314,0.5,0.35714285714285715,0.125,0,0,0,1,0,0,1,0,0,0,0,0,21063
0.3148148148148148,0.0043859649122807015,0.0,0.008342022940563087,0.0,0.35714285714285715,0.125,1,1,0,0,0,0,0,0,0,1,0,0,13411
0.5925925925925926,0.006578947368421052,0.3333333333333333,0.01772679874869656,1.0,1.0,1.0,0,0,0,1,0,0,0,0,0,0,0,1,35873
0.0,0.0,0.0,0.0010427528675703858,0.0,0.0,0.25,0,1,0,0,1,0,0,0,1,0,1,0,6545
0.7037037037037037,0.0043859649122807015,0.6666666666666667,0.03232533889468196,1.0,0.5714285714285714,0.25,1,0,1,0,0,0,1,0,0,1,0,1,37317
0.1111111111111111,0.0,0.6666666666666667,0.03649635036496351,0.5,0.0,0.125,1,0,1,0,1,0,0,0,0,0,0,0,7694
0.055555555555555525,0.0,0.6666666666666667,0.03128258602711158,0.0,0.0,0.125,1,0,0,0,1,0,0,0,0,1,0,0,8899
0.48148148148148145,0.008771929824561403,0.6666666666666667,0.03962460896767466,0.5,0.35714285714285715,0.625,1,0,1,0,0,0,0,0,1,0,1,0,19596
0.3888888888888889,0.0043859649122807015,0.0,0.006256517205422314,0.0,0.8571428571428571,0.625,0,0,1,0,0,0,0,0,0,0,1,0,13698
0.2962962962962962,0.0043859649122807015,0.0,0.008342022940563087,0.0,0.7857142857142857,0.5,1,0,0,1,0,0,0,0,0,0,1,0,14893
0.0,0.0,0.3333333333333333,0.021897810218978103,0.0,0.0,0.0,0,0,0,0,1,0,0,0,0,0,1,0,5018
0.3888888888888889,0.008771929824561403,0.0,0.0,0.0,0.42857142857142855,0.625,1,0,0,0,0,1,0,0,0,0,0,0,17353
0.0,0.006578947368421052,0.6666666666666667,0.03128258602711158,0.0,0.42857142857142855,0.25,0,0,0,0,0,0,0,0,0,0,1,0,8395
0.3148148148148148,0.0,0.6666666666666667,0.03336809176225235,0.5,1.0,0.125,1,0,0,1,1,1,0,0,1,0,1,0,26499
0.055555555555555525,0.0,0.0,0.0010427528675703858,0.0,0.0,0.625,1,0,0,1,1,0,0,1,0,0,1,0,7462
0.6851851851851851,0.008771929824561403,0.0,0.006256517205422314,0.5,0.42857142857142855,0.125,1,1,0,0,0,0,1,0,0,1,1,0,25615
0.037037037037037035,0.0021929824561403508,0.0,0.0010427528675703858,1.0,0.0,0.625,1,0,0,1,1,0,0,0,0,1,0,0,17678
0.1296296296296296,0.006578947368421052,0.3333333333333333,0.023983315954118876,0.0,0.0,0.625,0,1,0,0,0,0,0,0,0,0,0,0,7450
0.09259259259259262,0.0021929824561403508,0.3333333333333333,0.009384775808133473,0.0,0.0,0.25,0,0,1,0,1,0,1,0,1,0,0,0,8341
0.7407407407407407,0.0021929824561403508,0.0,0.0072992700729927005,0.5,0.35714285714285715,0.625,0,1,0,0,1,0,0,1,0,0,1,0,22253
0.018518518518518545,0.0,0.6666666666666667,0.03753910323253389,0.0,0.0,1.0,1,0,1,0,1,0,0,0,0,0,0,0,8601
0.537037037037037,0.0021929824561403508,0.3333333333333333,0.021897810218978103,1.0,0.0,0.125,1,0,1,0,1,0,1,0,0,1,1,0,31282
0.16666666666666669,0.0043859649122807015,0.0,0.0020855057351407717,0.5,0.0,0.125,0,0,0,0,0,0,0,0,0,0,0,1,14380
0.6111111111111112,0.008771929824561403,0.0,0.0020855057351407717,0.5,0.42857142857142855,1.0,0,0,0,0,0,0,1,0,0,0,0,1,26776
0.1111111111111111,0.0,0.6666666666666667,0.03649635036496351,0.0,0.0,0.25,0,0,1,0,1,0,0,0,0,0,0,0,5035
0.09259259259259262,0.0,0.6666666666666667,0.03962460896767466,0.0,0.0,0.625,1,0,1,0,1,0,0,1,0,1,0,0,10647
0.037037037037037035,0.0,0.0,0.0072992700729927005,0.0,0.0,0.5,1,0,1,0,1,0,0,0,0,0,1,0,6120
0.24074074074074076,0.006578947368421052,0.6666666666666667,0.03128258602711158,0.5,0.42857142857142855,0.625,0,0,1,0,0,0,0,0,0,0,0,1,20194
0.16666666666666669,0.0043859649122807015,0.3333333333333333,0.010427528675703858,0.5,0.0,0.125,0,0,1,0,0,1,0,0,0,0,1,0,18539
0.6481481481481481,0.0043859649122807015,0.3333333333333333,0.013555787278415015,0.0,0.35714285714285715,0.625,1,0,0,0,0,0,0,0,1,0,0,0,14277
0.3148148148148148,0.010964912280701754,0.0,0.0020855057351407717,0.0,0.8571428571428571,0.625,0,1,0,0,0,0,0,0,1,0,1,0,14606
0.6111111111111112,0.0043859649122807015,0.0,0.006256517205422314,0.0,0.42857142857142855,0.125,1,0,1,0,0,0,1,0,0,0,0,0,13128
0.4074074074074074,0.006578947368421052,0.0,0.0010427528675703858,0.0,0.42857142857142855,0.125,1,0,1,0,0,0,0,0,1,0,1,0,10915
0.1111111111111111,0.0021929824561403508,1.0,0.08446298227320126,0.5,0.0,0.0,1,1,0,0,1,0,0,0,0,0,1,0,7761
0.1296296296296296,0.0021929824561403508,0.6666666666666667,0.03649635036496351,0.0,0.0,1.0,0,0,1,0,1,0,0,0,0,1,0,1,11994
0.018518518518518545,0.0,0.0,0.0072992700729927005,0.5,0.0,0.25,0,0,1,0,1,0,0,0,0,0,0,0,8340
0.20370370370370366,0.006578947368421052,0.3333333333333333,0.023983315954118876,0.5,0.42857142857142855,0.0,1,0,1,0,0,0,0,0,0,1,1,0,19822
0.18518518518518517,0.008771929824561403,0.3333333333333333,0.016684045881126174,0.5,0.42857142857142855,0.625,0,0,0,1,0,0,0,1,1,0,1,0,20833
0.09259259259259262,0.0,0.3333333333333333,0.02294056308654849,0.0,0.0,0.125,0,0,0,0,1,0,0,1,0,0,1,0,6286
0.25925925925925924,0.010964912280701754,0.3333333333333333,0.010427528675703858,0.5,0.35714285714285715,0.625,1,0,0,0,0,0,1,0,0,1,0,1,23275
0.0,0.0,0.3333333333333333,0.02294056308654849,0.5,0.0,0.625,0,1,0,0,1,0,0,0,1,0,0,0,12505
0.1296296296296296,0.0,0.3333333333333333,0.01772679874869656,0.0,0.0,0.5,1,0,0,1,1,0,0,0,0,0,1,0,6537
0.7777777777777779,0.006578947368421052,0.3333333333333333,0.02502606882168926,1.0,0.35714285714285715,0.0,0,0,1,0,0,0,0,0,0,0,0,1,27757
0.6851851851851851,0.0,0.3333333333333333,0.010427528675703858,1.0,0.42857142857142855,0.125,1,0,1,0,1,0,1,0,0,1,0,1,32355
0.055555555555555525,0.0,0.0,0.00521376433785193,0.0,0.0,0.625,0,0,0,1,1,0,1,0,0,0,0,0,9617
0.962962962962963,0.0021929824561403508,0.0,0.004171011470281543,0.5,0.35714285714285715,0.625,0,0,0,1,0,0,0,0,0,0,0,1,25569
0.16666666666666669,0.010964912280701754,0.3333333333333333,0.02502606882168926,1.0,0.42857142857142855,0.125,1,0,1,0,0,0,0,0,0,1,0,1,26878
0.6111111111111112,0.008771929824561403,0.0,0.008342022940563087,0.5,0.42857142857142855,0.125,0,0,1,0,0,1,0,0,0,0,1,0,23871
0.0,0.0,0.3333333333333333,0.02294056308654849,0.5,0.0,0.25,1,0,0,1,1,0,0,1,1,0,0,0,10284
0.0,0.0043859649122807015,0.3333333333333333,0.01564129301355579,0.0,0.0,0.25,0,0,0,1,1,0,0,0,0,0,0,0,4708
0.2962962962962962,0.006578947368421052,0.0,0.00521376433785193,0.0,0.7857142857142857,0.125,0,0,0,1,0,0,0,0,0,0,0,0,12770
0.18518518518518517,0.006578947368421052,0.3333333333333333,0.021897810218978103,0.5,0.42857142857142855,0.5,0,0,0,1,0,1,0,0,0,0,0,1,22765
0.4074074074074074,0.006578947368421052,0.3333333333333333,0.02085505735140772,0.5,0.42857142857142855,0.25,0,0,0,0,0,0,0,0,0,0,0,1,17340
0.5925925925925926,0.006578947368421052,0.0,0.0020855057351407717,0.5,0.42857142857142855,0.25,0,0,0,1,0,0,0,0,0,0,1,0,19699
0.7592592592592593,0.010964912280701754,0.0,0.00521376433785193,0.5,0.42857142857142855,0.25,0,0,0,0,0,0,0,0,0,0,0,1,19776
0.5555555555555556,0.006578947368421052,0.0,0.0072992700729927005,1.0,0.42857142857142855,0.25,0,0,1,0,0,0,1,0,0,0,0,1,31065
0.6851851851851851,0.0,0.3333333333333333,0.016684045881126174,1.0,0.42857142857142855,0.25,0,0,1,0,1,0,1,0,0,0,0,1,29913
0.5925925925925926,0.008771929824561403,0.0,0.00521376433785193,0.0,0.42857142857142855,0.25,1,0,0,1,0,0,0,0,0,1,0,1,15500
0.1111111111111111,0.0043859649122807015,0.3333333333333333,0.009384775808133473,0.0,0.0,0.0,1,1,0,0,1,0,0,0,0,0,1,0,4209
0.07407407407407407,0.0043859649122807015,0.0,0.0072992700729927005,0.5,0.0,0.625,0,0,1,0,1,0,0,1,0,0,1,0,12663
0.7777777777777779,0.006578947368421052,0.0,0.0010427528675703858,0.5,0.42857142857142855,0.625,0,1,0,0,0,0,0,0,0,0,0,1,21135
0.09259259259259262,0.0,0.6666666666666667,0.030239833159541193,0.5,0.0,0.5,1,0,1,0,1,0,0,1,0,1,0,1,13445
0.46296296296296297,0.0,0.6666666666666667,0.03753910323253389,0.5,1.0,0.625,0,0,1,0,1,0,1,0,0,0,0,0,24398
0.6481481481481481,0.006578947368421052,0.0,0.0020855057351407717,0.0,0.42857142857142855,0.625,0,1,0,0,0,1,0,0,0,1,0,1,21781
0.037037037037037035,0.0,0.6666666666666667,0.030239833159541193,0.0,0.42857142857142855,0.25,1,0,0,1,1,0,0,1,0,0,0,0,7480
0.4259259259259259,0.0043859649122807015,0.0,0.0010427528675703858,0.0,0.42857142857142855,0.5,1,0,0,1,1,0,0,0,0,1,0,0,14929
0.9444444444444444,0.0021929824561403508,0.3333333333333333,0.019812304483837334,1.0,0.42857142857142855,0.25,0,0,0,0,0,0,0,1,0,0,0,1,35693
0.5555555555555556,0.006578947368421052,0.0,0.00521376433785193,1.0,0.42857142857142855,0.125,0,1,0,0,0,0,1,0,0,0,1,0,30253
0.055555555555555525,0.0043859649122807015,0.3333333333333333,0.01772679874869656,0.5,0.0,0.0,1,0,0,1,1,0,0,0,0,1,0,0,10235
0.3333333333333333,0.0021929824561403508,0.0,0.008342022940563087,0.0,0.0,0.125,0,0,0,1,1,0,1,0,0,0,0,0,10868
0.055555555555555525,0.0,1.0,0.06777893639207508,0.5,0.0,0.625,1,0,0,0,1,0,0,0,0,0,0,0,10106
0.0,0.0,1.0,0.06465067778936393,0.5,0.0,0.25,0,1,0,0,1,0,0,1,0,0,1,0,8957
0.4259259259259259,0.0,0.0,0.0031282586027111575,0.0,0.0,0.25,0,1,0,0,1,1,0,0,0,1,0,1,14877
0.7222222222222223,0.006578947368421052,0.0,0.0020855057351407717,0.5,1.0,0.125,1,1,0,0,0,0,1,0,0,0,1,0,25002
0.09259259259259262,0.0,1.0,0.10114702815432743,0.5,0.0,1.0,0,0,0,1,1,0,0,0,0,0,0,0,12495
0.4259259259259259,0.0043859649122807015,0.3333333333333333,0.023983315954118876,0.5,0.42857142857142855,0.625,0,1,0,0,0,0,0,0,0,0,0,0,18242
0.44444444444444436,0.008771929824561403,0.6666666666666667,0.03232533889468196,0.5,0.35714285714285715,0.25,0,0,1,0,0,0,0,0,0,0,1,0,16922
0.49999999999999994,0.006578947368421052,0.0,0.006256517205422314,0.5,0.42857142857142855,0.25,0,0,0,0,0,0,1,0,0,0,1,0,19623
0.3888888888888889,0.0,0.0,0.0010427528675703858,0.0,0.0,0.25,0,0,1,0,1,0,0,0,0,0,1,0,8234
0.5555555555555556,0.0,0.3333333333333333,0.01564129301355579,1.0,0.42857142857142855,1.0,0,0,0,1,1,0,0,0,0,0,0,1,31975
0.0,0.0,0.6666666666666667,0.03128258602711158,0.0,0.0,0.625,0,0,0,1,1,0,0,0,0,0,0,0,6791
0.7962962962962963,0.0021929824561403508,0.6666666666666667,0.03545359749739312,1.0,0.5714285714285714,1.0,0,0,0,0,0,0,0,0,0,0,0,1,42512
0.6296296296296295,0.0043859649122807015,0.3333333333333333,0.01251303441084463,1.0,0.5714285714285714,0.125,1,0,0,1,0,1,0,0,1,0,0,1,36031
0.7777777777777779,0.008771929824561403,0.3333333333333333,0.021897810218978103,1.0,1.0,0.5,1,0,1,0,0,0,0,1,0,1,0,1,37208
0.14814814814814814,0.006578947368421052,0.0,0.0010427528675703858,0.5,0.42857142857142855,0.0,0,0,1,0,0,0,0,1,0,0,1,0,16692
0.6296296296296295,0.0043859649122807015,0.3333333333333333,0.018769551616266946,1.0,0.42857142857142855,0.25,1,0,0,1,0,0,0,0,0,1,1,0,31563
0.037037037037037035,0.0,0.6666666666666667,0.027111574556830033,0.0,0.0,0.125,0,0,0,1,1,0,1,0,0,0,0,0,6446
0.1296296296296296,0.0,0.0,0.006256517205422314,0.5,0.0,0.625,0,0,0,1,1,0,0,0,0,0,0,0,12076
0.7407407407407407,0.0043859649122807015,0.0,0.0010427528675703858,0.5,0.5714285714285714,0.625,0,0,1,0,0,1,0,0,0,0,1,0,30517
0.18518518518518517,0.0043859649122807015,1.0,0.09489051094890512,1.0,0.42857142857142855,0.25,1,0,1,0,0,1,0,0,0,1,0,1,30262
0.037037037037037035,0.0043859649122807015,0.0,0.0031282586027111575,0.0,0.42857142857142855,0.125,0,0,0,1,0,0,0,0,0,0,1,0,7667
0.4259259259259259,0.0043859649122807015,0.0,0.0072992700729927005,0.0,0.0,0.25,0,0,1,0,0,0,0,0,0,0,1,0,9091
0.055555555555555525,0.0,0.3333333333333333,0.02294056308654849,0.5,1.0,0.625,0,0,0,1,1,1,0,0,0,0,0,0,21731
0.018518518518518545,0.0,0.3333333333333333,0.013555787278415015,0.5,0.0,0.625,0,0,1,0,1,0,0,0,0,0,1,0,10783
0.037037037037037035,0.0021929824561403508,0.0,0.00521376433785193,0.0,0.0,0.125,1,0,1,0,1,0,0,0,0,1,0,0,8754
0.6666666666666667,0.0043859649122807015,0.6666666666666667,0.02606882168925965,1.0,0.42857142857142855,0.625,0,1,0,0,0,1,0,0,0,0,0,0,34188
0.1296296296296296,0.0043859649122807015,0.0,0.006256517205422314,0.0,0.0,0.25,1,0,0,0,1,0,1,0,0,0,0,0,8419
0.1296296296296296,0.0021929824561403508,0.3333333333333333,0.014598540145985403,0.0,0.0,0.5,1,0,1,0,1,0,0,1,0,1,1,0,9904
0.25925925925925924,0.0,0.0,0.008342022940563087,0.5,0.42857142857142855,0.625,0,0,1,0,1,0,0,1,1,0,0,0,19624
0.6666666666666667,0.0,0.6666666666666667,0.03753910323253389,0.0,0.35714285714285715,0.25,1,0,0,0,1,0,0,0,0,0,1,0,13260
0.07407407407407407,0.0021929824561403508,1.0,0.05005213764337852,0.5,0.0,0.125,0,0,0,0,1,0,0,1,0,0,0,0,8810
0.7037037037037037,0.0,0.0,0.0072992700729927005,0.5,0.42857142857142855,0.125,0,0,0,1,1,0,1,0,0,0,1,0,22522
0.7777777777777779,0.006578947368421052,1.0,0.08342022940563087,1.0,0.42857142857142855,0.25,0,0,0,1,0,0,0,0,0,0,0,1,28335
0.5925925925925926,0.0043859649122807015,1.0,0.09489051094890512,1.0,0.42857142857142855,0.625,1,0,1,0,0,0,1,0,1,0,0,1,32147
0.14814814814814814,0.006578947368421052,0.6666666666666667,0.03858185610010428,0.5,0.42857142857142855,0.625,1,1,0,0,0,0,0,0,0,1,0,1,23024
0.7592592592592593,0.006578947368421052,1.0,0.07194994786235663,0.5,1.0,0.625,1,0,0,0,0,0,1,0,0,0,0,1,28852
0.7592592592592593,0.006578947368421052,0.3333333333333333,0.011470281543274244,1.0,0.42857142857142855,0.625,0,0,0,0,0,0,0,0,0,0,0,1,29354
0.574074074074074,0.006578947368421052,0.0,0.0020855057351407717,0.5,0.0,0.5,1,0,0,1,0,0,0,0,0,1,0,0,23430
0.537037037037037,0.008771929824561403,1.0,0.09489051094890512,1.0,0.35714285714285715,0.25,0,0,1,0,0,1,0,0,1,0,1,0,32646
0.037037037037037035,0.0021929824561403508,0.3333333333333333,0.009384775808133473,0.0,0.0,1.0,1,0,0,1,1,0,0,0,0,0,0,0,9812
0.0,0.0,0.3333333333333333,0.023983315954118876,0.5,1.0,0.25,1,0,1,0,1,0,0,0,0,0,0,0,14632
0.037037037037037035,0.0,0.0,0.0031282586027111575,0.0,0.0,0.125,0,0,1,0,1,0,0,0,0,0,0,0,6084
0.3888888888888889,0.010964912280701754,1.0,0.0886339937434828,0.0,0.35714285714285715,0.625,1,0,0,0,0,1,0,0,0,1,1,0,19717
0.1111111111111111,0.006578947368421052,0.0,0.0,0.0,0.0,0.625,0,0,1,0,0,0,0,1,0,0,1,0,8745
0.3703703703703704,0.0043859649122807015,1.0,0.09280500521376434,1.0,0.0,0.5,1,0,0,1,0,0,0,0,0,1,1,0,25772
0.09259259259259262,0.0021929824561403508,0.6666666666666667,0.028154327424400417,1.0,0.0,0.25,1,0,0,0,1,0,0,0,0,0,1,0,12396
0.14814814814814814,0.006578947368421052,0.0,0.0020855057351407717,0.0,0.8571428571428571,0.125,1,0,1,0,0,0,1,0,0,1,1,0,17575
0.6851851851851851,0.008771929824561403,1.0,0.07924921793534932,1.0,0.42857142857142855,0.25,1,0,1,0,0,0,0,1,0,1,1,0,32371
0.037037037037037035,0.0,0.3333333333333333,0.02294056308654849,0.0,0.0,0.25,0,1,0,0,1,0,0,0,0,0,0,0,6153
0.1296296296296296,0.0,0.6666666666666667,0.03128258602711158,0.5,0.0,0.125,0,0,1,0,1,0,0,0,0,0,1,0,8885
0.22222222222222227,0.0021929824561403508,0.3333333333333333,0.01564129301355579,1.0,0.42857142857142855,0.5,1,0,0,0,1,0,0,0,1,0,0,1,25698
0.537037037037037,0.006578947368421052,0.0,0.0072992700729927005,0.0,0.42857142857142855,0.125,0,0,0,0,0,0,0,0,0,0,1,0,12474
0.7592592592592593,0.0043859649122807015,0.6666666666666667,0.03962460896767466,1.0,0.42857142857142855,0.125,0,1,0,0,1,0,0,0,1,0,0,0,28199
0.4074074074074074,0.0043859649122807015,0.0,0.0072992700729927005,0.0,0.42857142857142855,0.125,0,0,0,0,1,0,0,1,1,0,1,0,12339
0.1111111111111111,0.0021929824561403508,0.0,0.00521376433785193,0.0,0.0,0.625,0,1,0,0,1,0,0,0,0,0,0,0,7163
0.16666666666666669,0.008771929824561403,0.0,0.006256517205422314,0.0,0.42857142857142855,0.125,1,1,0,0,0,0,0,0,0,1,0,1,12343
0.7407407407407407,0.0,1.0,0.04692387904066737,0.0,0.5714285714285714,0.125,1,0,0,1,1,0,1,0,0,1,0,1,20964
0.018518518518518545,0.0021929824561403508,0.3333333333333333,0.011470281543274244,0.0,1.0,0.25,0,0,0,0,1,0,1,0,0,0,0,0,13333
0.0,0.0043859649122807015,0.0,0.008342022940563087,0.0,0.0,0.625,0,0,0,0,1,0,0,0,0,0,1,0,7520
0.44444444444444436,0.006578947368421052,0.3333333333333333,0.010427528675703858,0.5,0.0,0.5,0,0,1,0,0,0,0,0,1,0,0,0,16917
0.7777777777777779,0.0043859649122807015,0.6666666666666667,0.03649635036496351,1.0,0.5714285714285714,0.5,1,0,0,1,0,0,0,1,0,0,0,1,33986
0.1296296296296296,0.0,0.3333333333333333,0.016684045881126174,0.0,0.0,0.0,1,0,0,0,1,0,0,0,0,0,1,0,4977
0.018518518518518545,0.0,0.3333333333333333,0.01772679874869656,0.0,0.42857142857142855,0.25,0,1,0,0,1,0,1,0,1,0,1,0,10122
0.14814814814814814,0.0043859649122807015,0.0,0.0010427528675703858,0.0,0.42857142857142855,0.625,0,0,0,1,0,0,0,0,0,1,0,0,15508
0.7222222222222223,0.0043859649122807015,0.6666666666666667,0.03232533889468196,1.0,0.42857142857142855,0.25,0,1,0,0,1,0,0,0,0,0,1,0,29169
0.09259259259259262,0.0021929824561403508,0.3333333333333333,0.019812304483837334,0.0,0.0,0.5,1,0,1,0,1,0,0,0,0,0,0,0,6210
0.07407407407407407,0.0021929824561403508,0.3333333333333333,0.02085505735140772,0.0,0.0,0.25,1,0,1,0,1,0,0,1,0,1,1,0,8753
0.7777777777777779,0.008771929824561403,0.0,0.004171011470281543,0.5,1.0,0.5,1,0,1,0,0,0,0,0,0,0,0,1,24835
0.22222222222222227,0.006578947368421052,0.3333333333333333,0.018769551616266946,0.5,0.42857142857142855,0.25,0,0,0,0,0,0,1,0,0,0,1,0,19432
0.09259259259259262,0.0021929824561403508,0.0,0.0010427528675703858,0.0,1.0,0.25,1,1,0,0,1,0,0,0,0,0,0,0,11246
0.537037037037037,0.0,0.6666666666666667,0.027111574556830033,1.0,0.0,0.5,1,1,0,0,1,1,0,0,0,1,0,1,35348
0.7037037037037037,0.0043859649122807015,0.0,0.0010427528675703858,0.5,0.42857142857142855,0.125,0,1,0,0,0,0,0,0,0,0,1,0,20226
0.037037037037037035,0.006578947368421052,1.0,0.06360792492179354,0.5,0.0,0.25,0,1,0,0,0,0,0,1,0,0,0,0,10385
0.1111111111111111,0.0021929824561403508,0.0,0.00521376433785193,0.0,0.0,0.625,0,0,0,0,1,1,0,0,0,0,1,0,11106
0.4074074074074074,0.0043859649122807015,0.3333333333333333,0.02294056308654849,0.5,0.35714285714285715,0.625,1,0,0,1,0,0,1,0,0,1,1,0,23646
0.018518518518518545,0.0021929824561403508,1.0,0.07924921793534932,0.5,0.8571428571428571,0.25,0,0,0,1,1,0,0,0,0,1,0,0,15811
0.3148148148148148,0.006578947368421052,1.0,0.05839416058394161,1.0,0.0,0.0,1,0,0,1,0,0,0,0,0,0,0,0,20458
0.3888888888888889,0.006578947368421052,0.3333333333333333,0.019812304483837334,0.5,0.42857142857142855,0.125,1,0,1,0,0,0,0,0,0,0,1,0,17550
0.18518518518518517,0.008771929824561403,0.0,0.0031282586027111575,0.5,0.42857142857142855,0.25,0,0,0,1,0,0,0,0,0,1,1,0,19771
0.07407407407407407,0.0,0.0,0.0,0.0,0.0,0.25,1,0,0,0,1,0,0,0,0,1,0,0,7810
0.5185185185185186,0.0,0.0,0.0031282586027111575,0.5,0.8571428571428571,0.625,0,0,0,1,1,1,0,0,0,0,0,1,27689
0.3148148148148148,0.010964912280701754,0.3333333333333333,0.01564129301355579,0.5,0.35714285714285715,0.625,0,0,0,1,0,0,0,0,0,1,1,0,21684
0.3333333333333333,0.008771929824561403,0.0,0.0010427528675703858,0.0,0.42857142857142855,0.5,0,0,0,1,0,1,0,0,0,1,0,0,18515
0.20370370370370366,0.0043859649122807015,0.0,0.004171011470281543,0.0,0.42857142857142855,0.25,0,0,0,1,0,0,1,0,1,0,0,0,14431
0.5925925925925926,0.0043859649122807015,0.6666666666666667,0.03441084462982273,1.0,0.35714285714285715,0.25,0,1,0,0,0,0,0,0,0,0,0,0,28284
0.6111111111111112,0.006578947368421052,0.6666666666666667,0.03441084462982273,1.0,0.42857142857142855,1.0,1,0,1,0,0,0,0,0,0,1,0,1,35333
0.22222222222222227,0.0021929824561403508,0.0,0.0010427528675703858,0.0,0.8571428571428571,0.125,1,1,0,0,1,1,0,0,0,1,1,0,19902
0.49999999999999994,0.0043859649122807015,0.0,0.0031282586027111575,0.0,0.5714285714285714,0.25,0,1,0,0,0,0,1,0,0,1,1,0,18947
0.4074074074074074,0.0021929824561403508,0.0,0.0072992700729927005,0.0,0.42857142857142855,0.625,0,0,1,0,1,0,1,0,0,0,1,0,14418
0.6296296296296295,0.006578947368421052,0.0,0.0,0.5,0.0,1.0,1,0,1,0,0,0,0,0,0,0,0,1,22536
0.2962962962962962,0.006578947368421052,0.0,0.00521376433785193,0.0,0.0,0.625,0,1,0,0,0,1,0,0,0,1,1,0,18334
0.1111111111111111,0.006578947368421052,0.0,0.0020855057351407717,0.0,0.5714285714285714,0.125,0,0,0,0,0,0,0,0,0,0,0,0,10595
0.2962962962962962,0.008771929824561403,0.3333333333333333,0.02294056308654849,0.5,1.0,0.625,1,0,1,0,0,1,0,0,0,0,1,0,26166
0.48148148148148145,0.006578947368421052,1.0,0.045881126173096975,1.0,0.35714285714285715,0.25,0,0,1,0,0,0,1,0,0,0,1,0,25538
0.6296296296296295,0.0043859649122807015,0.0,0.0031282586027111575,0.5,0.42857142857142855,0.625,1,0,1,0,0,0,0,0,0,1,0,1,24252
0.018518518518518545,0.0021929824561403508,0.3333333333333333,0.023983315954118876,0.0,0.0,0.125,0,1,0,0,1,0,0,0,0,0,0,0,4465
0.3703703703703704,0.008771929824561403,0.3333333333333333,0.018769551616266946,0.5,0.42857142857142855,0.125,1,0,0,1,0,0,1,0,0,1,0,1,20722
0.3148148148148148,0.006578947368421052,1.0,0.08550573514077164,1.0,0.0,0.25,1,1,0,0,0,0,0,0,0,1,1,0,24149
0.1296296296296296,0.0021929824561403508,0.3333333333333333,0.019812304483837334,0.0,0.0,0.125,0,1,0,0,1,0,0,0,0,0,1,0,5812
0.1111111111111111,0.0043859649122807015,0.3333333333333333,0.009384775808133473,1.0,0.0,0.5,1,1,0,0,1,0,0,0,0,0,1,0,14513
0.1296296296296296,0.0021929824561403508,0.0,0.0020855057351407717,0.5,0.0,0.25,1,0,0,0,1,0,0,0,0,0,0,0,8361
0.037037037037037035,0.006578947368421052,0.3333333333333333,0.021897810218978103,1.0,0.42857142857142855,0.25,1,0,0,0,0,0,0,0,0,0,0,1,15594
0.0,0.0021929824561403508,1.0,0.08237747653806049,1.0,1.0,0.5,1,1,0,0,1,0,0,0,0,0,1,0,19713
0.27777777777777773,0.006578947368421052,0.3333333333333333,0.01251303441084463,0.5,0.35714285714285715,0.25,1,0,1,0,0,0,0,0,0,1,1,0,19321
0.2962962962962962,0.006578947368421052,0.0,0.00521376433785193,0.0,0.42857142857142855,0.25,0,0,0,1,0,0,0,0,1,0,0,1,11128
0.6481481481481481,0.006578947368421052,0.3333333333333333,0.014598540145985403,1.0,0.42857142857142855,0.125,0,0,1,0,0,1,0,0,1,0,1,0,32074
0.4074074074074074,0.0021929824561403508,0.3333333333333333,0.014598540145985403,0.5,0.0,0.125,1,0,0,0,1,0,0,0,0,1,1,0,17668
0.037037037037037035,0.0021929824561403508,0.6666666666666667,0.02606882168925965,0.0,0.35714285714285715,0.25,1,0,0,1,1,1,0,0,0,0,0,0,11855
0.3518518518518518,0.0021929824561403508,0.0,0.0031282586027111575,0.5,0.42857142857142855,0.625,1,0,0,1,1,0,0,0,0,1,1,0,21809
0.018518518518518545,0.0,1.0,0.08237747653806049,1.0,0.0,0.25,0,0,0,1,1,0,0,0,0,0,0,1,13490
0.1111111111111111,0.0,0.0,0.0020855057351407717,0.5,0.0,0.0,1,0,0,0,1,0,0,0,0,1,0,0,10765
0.1111111111111111,0.0021929824561403508,0.0,0.0,0.0,0.0,0.125,1,0,0,0,1,0,0,1,0,0,0,0,6411
0.6111111111111112,0.008771929824561403,0.3333333333333333,0.01772679874869656,1.0,0.0,0.25,0,0,1,0,0,1,0,0,0,0,0,0,30127
0.574074074074074,0.0043859649122807015,0.6666666666666667,0.027111574556830033,0.0,0.42857142857142855,0.625,0,0,0,1,0,0,1,0,0,0,1,0,15941
0.3518518518518518,0.006578947368421052,0.0,0.008342022940563087,0.0,0.0,0.0,1,0,1,0,0,0,1,0,0,0,1,0,8990
0.3703703703703704,0.010964912280701754,0.3333333333333333,0.011470281543274244,0.5,0.42857142857142855,0.5,1,0,0,1,0,0,0,1,0,0,1,0,18129
0.3888888888888889,0.006578947368421052,1.0,0.09176225234619395,1.0,0.42857142857142855,0.5,1,0,0,0,0,0,1,0,0,0,0,1,26025
0.18518518518518517,0.010964912280701754,0.0,0.0020855057351407717,0.0,0.5714285714285714,0.0,0,0,0,1,0,0,1,0,0,1,0,1,18144
0.07407407407407407,0.0,0.0,0.0020855057351407717,0.0,0.0,0.0,0,0,1,0,1,0,0,1,0,0,1,0,4278
0.5555555555555556,0.0043859649122807015,1.0,0.0886339937434828,1.0,0.8571428571428571,0.625,1,0,1,0,1,0,0,0,0,0,1,0,32214
0.48148148148148145,0.0,0.3333333333333333,0.014598540145985403,0.5,0.42857142857142855,0.125,0,0,1,0,1,0,0,1,1,0,1,0,17200
0.1111111111111111,0.0,0.0,0.004171011470281543,0.5,0.0,0.625,1,0,0,0,1,0,0,0,0,0,1,0,11060
0.6481481481481481,0.0,1.0,0.07820646506777894,1.0,0.0,0.625,0,0,1,0,1,0,1,0,0,0,0,1,30883
0.6851851851851851,0.0,0.6666666666666667,0.028154327424400417,1.0,0.42857142857142855,0.625,0,1,0,0,1,0,0,1,1,0,1,0,31620
0.018518518518518545,0.0,0.0,0.0010427528675703858,0.0,0.0,0.25,0,1,0,0,1,1,0,0,0,0,1,0,9086
0.20370370370370366,0.0043859649122807015,0.6666666666666667,0.04066736183524505,0.5,0.42857142857142855,0.25,0,1,0,0,0,1,0,0,0,1,0,1,23278
0.018518518518518545,0.0021929824561403508,0.6666666666666667,0.028154327424400417,0.0,0.0,0.625,0,0,1,0,1,0,0,0,0,0,0,1,7632
0.5555555555555556,0.006578947368421052,1.0,0.05526590198123045,1.0,0.35714285714285715,1.0,0,0,0,0,0,0,0,0,0,0,0,1,32129
0.09259259259259262,0.0043859649122807015,0.3333333333333333,0.013555787278415015,0.0,0.0,0.25,1,0,0,1,1,1,0,0,0,0,1,0,9846
0.46296296296296297,0.0,1.0,0.04483837330552659,0.5,0.42857142857142855,1.0,0,1,0,0,1,0,0,0,1,0,1,0,21178
0.7037037037037037,0.006578947368421052,0.3333333333333333,0.019812304483837334,1.0,0.8571428571428571,0.25,1,0,0,1,0,0,0,0,0,0,1,0,31251
0.16666666666666669,0.0,1.0,0.04066736183524505,1.0,0.0,0.625,1,0,0,0,1,1,0,0,0,1,0,1,30097
0.6851851851851851,0.0043859649122807015,0.3333333333333333,0.011470281543274244,1.0,0.42857142857142855,0.25,1,0,0,0,0,0,1,0,1,0,0,1,31369
0.055555555555555525,0.0,0.6666666666666667,0.03336809176225235,0.0,0.42857142857142855,0.125,0,0,0,0,1,0,0,0,0,0,0,1,6184
0.27777777777777773,0.0,0.3333333333333333,0.014598540145985403,0.5,0.0,1.0,1,0,1,0,1,1,0,0,0,1,1,0,26922
0.037037037037037035,0.0021929824561403508,0.0,0.0020855057351407717,0.0,0.0,0.5,1,0,1,0,1,0,0,0,0,0,0,0,6960
0.09259259259259262,0.0,1.0,0.09801876955161627,1.0,0.0,0.0,0,0,0,1,1,0,1,0,0,0,1,0,14515
0.14814814814814814,0.008771929824561403,0.3333333333333333,0.021897810218978103,0.5,0.0,0.125,1,0,0,0,0,1,0,0,0,1,0,1,21275
0.5555555555555556,0.0043859649122807015,0.6666666666666667,0.03128258602711158,1.0,0.35714285714285715,0.125,1,0,0,1,0,1,0,0,0,1,1,0,34288
0.20370370370370366,0.0,0.3333333333333333,0.01251303441084463,0.5,0.0,0.625,1,0,0,1,1,0,0,0,1,0,0,0,17817
0.6851851851851851,0.0,0.0,0.0010427528675703858,0.5,0.35714285714285715,0.625,0,0,0,1,1,1,0,0,0,0,0,0,27040
0.24074074074074076,0.006578947368421052,0.0,0.0020855057351407717,0.0,0.35714285714285715,0.25,0,1,0,0,0,0,0,1,0,1,1,0,13309
0.20370370370370366,0.006578947368421052,0.3333333333333333,0.023983315954118876,0.5,0.42857142857142855,0.25,0,1,0,0,0,0,0,0,0,1,1,0,20093
0.22222222222222227,0.010964912280701754,0.3333333333333333,0.02502606882168926,0.5,0.35714285714285715,0.25,1,0,0,1,0,0,0,0,0,1,0,1,20899
0.574074074074074,0.0043859649122807015,0.3333333333333333,0.01772679874869656,1.0,0.35714285714285715,0.25,0,0,1,0,0,0,0,0,0,0,1,0,28054
0.24074074074074076,0.0043859649122807015,1.0,0.04275286757038582,1.0,0.35714285714285715,0.125,0,0,0,1,0,0,0,0,0,0,0,0,22561
0.07407407407407407,0.0,0.0,0.004171011470281543,0.0,0.0,0.0,0,0,0,1,1,0,1,0,0,0,0,0,7498
0.7592592592592593,0.0043859649122807015,1.0,0.04796663190823775,0.5,0.42857142857142855,0.5,0,0,1,0,0,1,0,0,0,0,0,1,24827
0.055555555555555525,0.0,0.3333333333333333,0.016684045881126174,1.0,0.0,0.25,1,0,0,1,1,0,0,0,0,1,1,0,15889
0.574074074074074,0.006578947368421052,0.3333333333333333,0.01772679874869656,0.0,0.8571428571428571,0.125,0,0,1,0,0,1,0,0,0,1,1,0,20324
0.037037037037037035,0.0043859649122807015,0.6666666666666667,0.02606882168925965,0.0,0.0,0.25,0,0,0,0,1,0,0,0,0,0,1,0,5727
0.5185185185185186,0.006578947368421052,0.3333333333333333,0.02502606882168926,1.0,0.42857142857142855,1.0,1,1,0,0,0,0,0,0,0,0,0,1,31166
0.3703703703703704,0.008771929824561403,0.0,0.006256517205422314,0.0,0.7857142857142857,0.625,0,0,1,0,0,0,0,0,0,1,1,0,17413
0.7592592592592593,0.0043859649122807015,0.0,0.0031282586027111575,0.5,0.42857142857142855,0.25,0,0,0,0,0,1,0,0,0,1,0,0,27923
0.09259259259259262,0.0,1.0,0.0667361835245047,0.5,0.42857142857142855,0.0,0,0,0,0,1,0,0,1,0,0,1,0,9886
0.537037037037037,0.006578947368421052,1.0,0.043795620437956206,1.0,1.0,0.25,0,0,1,0,0,0,0,0,1,0,1,0,33612
0.1296296296296296,0.0021929824561403508,0.0,0.006256517205422314,0.0,0.0,1.0,0,0,1,0,1,0,0,0,0,0,1,0,10315
0.537037037037037,0.0,0.3333333333333333,0.02294056308654849,0.0,0.42857142857142855,0.125,1,0,1,0,1,0,0,0,0,0,1,0,11945
0.09259259259259262,0.006578947368421052,0.0,0.004171011470281543,0.0,0.0,0.625,1,0,1,0,0,0,0,1,0,0,0,0,7131
0.1111111111111111,0.006578947368421052,0.6666666666666667,0.03545359749739312,0.0,0.0,0.625,0,1,0,0,0,1,0,0,0,0,1,0,10701
0.537037037037037,0.006578947368421052,0.0,0.006256517205422314,0.5,0.42857142857142855,0.5,1,0,0,1,0,0,0,0,0,1,1,0,25323
0.537037037037037,0.008771929824561403,0.3333333333333333,0.01564129301355579,1.0,0.35714285714285715,0.5,1,1,0,0,0,0,1,0,0,0,0,1,31051
0.3703703703703704,0.006578947368421052,0.3333333333333333,0.023983315954118876,0.5,0.35714285714285715,0.5,1,0,0,1,0,1,0,0,0,1,1,0,25978
0.7222222222222223,0.008771929824561403,0.3333333333333333,0.013555787278415015,1.0,0.35714285714285715,0.0,0,0,1,0,0,1,0,0,0,0,0,1,31441
0.2962962962962962,0.008771929824561403,0.3333333333333333,0.011470281543274244,0.5,0.42857142857142855,0.625,1,0,1,0,0,0,0,0,1,0,1,0,20404
0.09259259259259262,0.0021929824561403508,1.0,0.09384775808133473,1.0,0.0,0.625,0,0,1,0,1,0,0,0,0,0,0,0,14178
0.27777777777777773,0.008771929824561403,0.0,0.0031282586027111575,0.0,0.8571428571428571,0.625,0,0,0,1,0,0,0,0,0,0,0,1,14703
0.5555555555555556,0.006578947368421052,1.0,0.04066736183524505,1.0,0.5714285714285714,0.25,1,1,0,0,0,0,0,0,1,0,0,1,34317
0.25925925925925924,0.0043859649122807015,0.0,0.0,0.0,0.42857142857142855,0.125,1,1,0,0,0,1,0,0,0,0,1,0,13924
0.27777777777777773,0.008771929824561403,0.6666666666666667,0.03649635036496351,0.5,0.8571428571428571,0.625,1,0,0,1,0,0,1,0,0,0,1,0,22108
0.5185185185185186,0.006578947368421052,0.3333333333333333,0.01772679874869656,1.0,0.42857142857142855,0.25,0,0,1,0,0,0,0,0,1,0,0,1,28287
0.055555555555555525,0.0,0.6666666666666667,0.03649635036496351,0.0,0.0,0.25,0,1,0,0,1,0,0,1,0,0,0,0,7352
0.20370370370370366,0.006578947368421052,0.0,0.0020855057351407717,0.0,0.42857142857142855,0.25,1,0,0,1,0,1,0,0,0,1,1,0,18610
0.46296296296296297,0.0021929824561403508,1.0,0.07924921793534932,1.0,0.42857142857142855,0.125,0,0,0,1,1,1,0,0,0,0,0,0,26735
0.6296296296296295,0.0043859649122807015,0.6666666666666667,0.027111574556830033,0.5,0.42857142857142855,0.125,0,0,1,0,0,0,1,0,0,0,0,1,22151
0.7407407407407407,0.010964912280701754,0.6666666666666667,0.027111574556830033,1.0,0.42857142857142855,0.25,1,0,0,1,0,0,1,0,0,1,0,1,33424
0.1111111111111111,0.0,0.0,0.0,0.5,0.0,0.125,0,0,0,0,1,0,0,0,0,0,1,0,8245
0.46296296296296297,0.006578947368421052,0.3333333333333333,0.01772679874869656,0.5,0.0,1.0,0,1,0,0,0,0,0,0,0,0,1,0,18007
0.6481481481481481,0.0043859649122807015,0.0,0.00521376433785193,0.5,0.42857142857142855,0.125,0,0,1,0,0,1,0,0,0,0,1,0,22855
0.24074074074074076,0.006578947368421052,0.3333333333333333,0.009384775808133473,0.5,0.35714285714285715,0.625,0,0,0,1,0,1,0,0,1,0,0,0,24014
0.0,0.0021929824561403508,0.6666666666666667,0.03649635036496351,0.5,0.0,0.625,1,0,1,0,1,0,0,1,0,1,0,0,15589
0.037037037037037035,0.0021929824561403508,0.3333333333333333,0.01251303441084463,0.0,0.0,0.25,1,0,0,1,1,0,0,1,0,0,1,0,7213
0.6481481481481481,0.0043859649122807015,0.0,0.0020855057351407717,0.0,0.42857142857142855,0.25,0,0,0,0,0,1,0,0,0,0,1,0,17173
0.3518518518518518,0.0021929824561403508,0.6666666666666667,0.03232533889468196,0.5,0.5714285714285714,0.125,1,0,1,0,1,0,0,0,0,0,0,0,21190
0.22222222222222227,0.0,0.3333333333333333,0.02502606882168926,0.5,0.42857142857142855,0.25,1,0,1,0,1,0,0,0,0,1,1,0,19812
0.6296296296296295,0.006578947368421052,0.0,0.00521376433785193,0.0,0.42857142857142855,1.0,0,0,0,1,0,0,1,0,0,0,0,1,18567
0.018518518518518545,0.0,0.3333333333333333,0.01772679874869656,0.0,0.0,0.25,0,0,1,0,1,0,0,0,0,0,1,0,4937
0.46296296296296297,0.006578947368421052,1.0,0.06152241918665277,1.0,0.42857142857142855,0.25,0,0,0,1,0,0,0,0,1,0,1,0,24374
0.6481481481481481,0.0043859649122807015,0.0,0.0,0.5,0.42857142857142855,0.625,1,0,1,0,1,0,1,0,0,1,0,1,27271
0.2962962962962962,0.0,0.3333333333333333,0.021897810218978103,0.5,0.42857142857142855,0.25,0,0,1,0,1,0,0,0,0,0,0,0,17168
0.5925925925925926,0.006578947368421052,0.3333333333333333,0.018769551616266946,1.0,0.8571428571428571,0.25,0,0,0,0,0,1,0,0,0,0,0,0,34308
0.8888888888888888,0.0043859649122807015,1.0,0.08133472367049009,0.5,0.42857142857142855,0.625,0,0,0,1,0,0,0,0,0,0,0,1,26533
0.0,0.0,0.3333333333333333,0.019812304483837334,0.0,0.0,0.625,1,0,1,0,1,0,0,0,0,0,0,0,7357
0.6481481481481481,0.0043859649122807015,0.6666666666666667,0.030239833159541193,0.5,0.35714285714285715,0.625,1,1,0,0,0,0,1,0,0,1,0,0,27002
0.25925925925925924,0.0021929824561403508,0.0,0.0072992700729927005,0.0,0.35714285714285715,1.0,0,0,0,1,1,0,0,0,0,1,0,0,16715
0.8703703703703705,0.0021929824561403508,0.6666666666666667,0.03128258602711158,1.0,0.42857142857142855,0.5,1,0,0,0,0,0,0,0,0,0,0,1,36407
0.46296296296296297,0.0043859649122807015,0.3333333333333333,0.014598540145985403,0.5,0.0,0.25,0,0,0,1,0,0,0,1,1,0,0,1,16043
0.27777777777777773,0.0021929824561403508,0.6666666666666667,0.027111574556830033,0.5,0.42857142857142855,1.0,0,0,0,1,1,0,0,0,0,0,0,0,21735
0.3148148148148148,0.006578947368421052,0.3333333333333333,0.02085505735140772,0.5,0.42857142857142855,0.125,0,0,0,1,0,0,1,0,0,0,1,0,18251
0.49999999999999994,0.008771929824561403,0.0,0.006256517205422314,0.0,0.5714285714285714,0.25,0,1,0,0,0,0,0,1,0,1,1,0,18378
0.27777777777777773,0.0043859649122807015,0.3333333333333333,0.013555787278415015,0.5,1.0,0.25,1,0,0,1,1,0,0,0,0,0,1,0,21888
0.574074074074074,0.008771929824561403,0.3333333333333333,0.01251303441084463,1.0,0.42857142857142855,0.25,0,0,1,0,0,0,0,0,0,1,0,1,31379
0.537037037037037,0.008771929824561403,0.0,0.004171011470281543,0.5,0.42857142857142855,0.125,0,1,0,0,0,0,0,0,0,0,1,0,19793
0.3518518518518518,0.006578947368421052,0.3333333333333333,0.009384775808133473,1.0,0.8571428571428571,0.125,0,0,1,0,0,0,0,1,0,0,0,0,25463
0.4074074074074074,0.0,0.6666666666666667,0.02502606882168926,0.5,0.0,0.0,1,0,0,0,1,1,0,0,0,0,0,1,18859
0.49999999999999994,0.010964912280701754,0.0,0.0010427528675703858,0.0,0.5714285714285714,1.0,1,0,1,0,0,0,0,0,0,1,0,0,21642
0.6296296296296295,0.0043859649122807015,0.3333333333333333,0.019812304483837334,0.0,0.35714285714285715,0.25,0,0,0,0,0,1,0,0,0,0,0,1,15526
0.3333333333333333,0.006578947368421052,0.3333333333333333,0.02085505735140772,0.5,1.0,0.125,1,0,0,0,0,0,0,0,0,0,1,0,19893
0.037037037037037035,0.006578947368421052,0.0,0.0072992700729927005,0.0,0.0,0.625,0,1,0,0,0,0,0,1,0,1,1,0,10497
0.1296296296296296,0.0,0.0,0.0020855057351407717,0.5,0.0,0.625,0,0,0,1,1,0,0,0,0,0,0,1,11510
0.1296296296296296,0.0021929824561403508,1.0,0.07090719499478623,0.5,0.35714285714285715,0.5,0,1,0,0,1,0,0,0,0,0,0,0,12640
0.5925925925925926,0.006578947368421052,0.6666666666666667,0.02502606882168926,0.5,0.42857142857142855,0.5,0,0,0,1,0,1,0,0,0,0,0,0,26385
0.1296296296296296,0.0,0.6666666666666667,0.027111574556830033,0.0,0.0,0.25,0,0,1,0,1,0,0,1,1,0,0,0,7332
0.46296296296296297,0.0,0.3333333333333333,0.02502606882168926,0.5,0.42857142857142855,0.0,1,0,0,1,1,0,1,0,0,1,1,0,20648
0.0,0.0043859649122807015,0.6666666666666667,0.030239833159541193,0.0,0.0,0.625,0,1,0,0,1,1,0,0,0,1,0,1,14906
0.2962962962962962,0.0,0.6666666666666667,0.04066736183524505,0.5,0.0,0.625,1,0,1,0,1,1,0,0,0,0,1,0,20323
0.3518518518518518,0.0021929824561403508,0.3333333333333333,0.013555787278415015,0.5,0.42857142857142855,1.0,1,0,1,0,1,0,1,0,0,1,1,0,25809
0.6481481481481481,0.006578947368421052,0.3333333333333333,0.009384775808133473,1.0,0.35714285714285715,0.25,1,1,0,0,0,1,0,0,0,0,0,1,31398
0.3518518518518518,0.0,0.6666666666666667,0.028154327424400417,0.5,0.35714285714285715,0.125,0,0,0,1,1,0,0,0,1,0,0,0,18546
0.7777777777777779,0.010964912280701754,0.0,0.0020855057351407717,0.5,0.42857142857142855,0.625,0,1,0,0,0,0,0,0,0,0,0,1,21409
0.6296296296296295,0.0043859649122807015,0.3333333333333333,0.02085505735140772,0.0,0.42857142857142855,0.25,1,0,0,1,1,0,1,0,0,1,1,0,16730
0.7037037037037037,0.008771929824561403,0.0,0.008342022940563087,0.5,0.42857142857142855,1.0,1,0,0,1,0,0,0,0,1,0,1,0,24295
0.3333333333333333,0.010964912280701754,0.0,0.0,0.0,0.42857142857142855,0.25,0,0,1,0,0,0,1,0,1,0,0,1,14480
0.48148148148148145,0.006578947368421052,0.3333333333333333,0.010427528675703858,0.5,0.42857142857142855,0.5,1,1,0,0,0,0,1,0,0,1,0,1,23575
0.7407407407407407,0.006578947368421052,1.0,0.0959332638164755,0.5,0.42857142857142855,0.25,0,0,1,0,0,0,0,0,0,0,0,1,20881
1.0,0.0021929824561403508,0.0,0.0020855057351407717,0.0,0.42857142857142855,0.5,0,0,0,1,0,0,0,0,0,0,0,1,16049
0.46296296296296297,0.006578947368421052,1.0,0.06986444212721585,1.0,0.5714285714285714,0.125,0,0,1,0,0,0,1,0,1,0,1,0,29376
0.46296296296296297,0.0043859649122807015,0.0,0.0031282586027111575,0.0,0.42857142857142855,0.625,1,0,0,1,0,1,0,0,0,0,0,0,16525
0.7037037037037037,0.0043859649122807015,0.3333333333333333,0.009384775808133473,0.0,0.42857142857142855,1.0,1,0,1,0,0,0,1,0,1,0,1,0,18896
0.2962962962962962,0.006578947368421052,0.3333333333333333,0.010427528675703858,0.5,0.42857142857142855,0.25,1,0,0,1,0,0,0,0,0,0,1,0,16705
0.6296296296296295,0.010964912280701754,0.0,0.0010427528675703858,0.5,0.0,0.5,1,0,0,1,0,0,1,0,0,1,0,0,24917
0.4074074074074074,0.006578947368421052,0.6666666666666667,0.03128258602711158,0.0,0.0,0.125,1,0,1,0,0,0,0,0,0,1,0,0,11187
0.7407407407407407,0.006578947368421052,0.3333333333333333,0.009384775808133473,1.0,0.42857142857142855,0.125,1,0,1,0,0,0,1,0,0,1,0,0,32678
0.5555555555555556,0.010964912280701754,0.3333333333333333,0.021897810218978103,1.0,0.42857142857142855,0.5,0,0,1,0,0,0,0,0,0,0,0,1,29758
0.6481481481481481,0.006578947368421052,0.0,0.008342022940563087,0.5,0.5714285714285714,0.0,0,0,1,0,0,0,1,0,0,0,0,1,24044
0.18518518518518517,0.006578947368421052,0.0,0.004171011470281543,0.0,0.42857142857142855,0.625,0,0,1,0,0,0,1,0,1,0,0,0,16174
0.25925925925925924,0.0043859649122807015,0.6666666666666667,0.03649635036496351,1.0,0.42857142857142855,0.25,1,0,0,1,0,1,0,0,1,0,0,1,29266
0.574074074074074,0.0043859649122807015,0.6666666666666667,0.030239833159541193,1.0,0.0,0.625,0,0,0,0,0,1,0,0,0,0,1,0,31555
0.24074074074074076,0.008771929824561403,0.0,0.0072992700729927005,0.0,0.42857142857142855,0.125,0,0,0,0,0,0,0,0,1,0,1,0,10567
0.3518518518518518,0.0043859649122807015,0.0,0.0010427528675703858,0.0,0.42857142857142855,0.25,0,0,0,1,0,0,0,1,0,0,1,0,10818
0.037037037037037035,0.0,0.0,0.0,0.0,0.0,1.0,0,0,0,0,1,0,0,0,0,0,0,0,8503
0.018518518518518545,0.0,0.0,0.0020855057351407717,0.0,0.0,0.125,1,0,1,0,1,0,0,0,0,0,0,0,6221
0.055555555555555525,0.0043859649122807015,0.0,0.008342022940563087,1.0,0.0,0.5,0,1,0,0,1,0,0,0,0,0,1,0,13382
0.3148148148148148,0.006578947368421052,0.0,0.008342022940563087,0.0,0.35714285714285715,0.25,1,0,1,0,0,0,0,0,0,1,1,0,14177
0.24074074074074076,0.0043859649122807015,0.0,0.0,0.5,0.7857142857142857,0.125,0,0,0,0,1,0,1,0,0,0,0,1,20314
0.7592592592592593,0.010964912280701754,1.0,0.0740354535974974,1.0,0.42857142857142855,0.25,0,0,1,0,0,0,0,0,0,0,0,1,27422
0.7037037037037037,0.0,0.3333333333333333,0.013555787278415015,1.0,0.42857142857142855,0.25,0,0,1,0,1,1,0,0,0,0,0,1,33216
0.537037037037037,0.0,0.0,0.0020855057351407717,0.0,0.5714285714285714,0.625,1,1,0,0,1,0,0,0,0,1,0,1,20158
0.7592592592592593,0.0021929824561403508,0.3333333333333333,0.009384775808133473,1.0,0.42857142857142855,0.25,1,0,0,0,1,0,0,0,0,1,0,1,31228
0.5555555555555556,0.006578947368421052,1.0,0.09489051094890512,0.5,0.42857142857142855,0.125,1,0,0,1,0,0,0,1,0,1,0,1,24265
0.7037037037037037,0.0,0.6666666666666667,0.03962460896767466,1.0,0.42857142857142855,0.0,0,0,0,1,1,1,0,0,0,0,0,1,30816
0.574074074074074,0.006578947368421052,0.3333333333333333,0.013555787278415015,1.0,1.0,0.25,0,1,0,0,0,0,0,0,0,0,0,1,32801
0.6666666666666667,0.008771929824561403,0.0,0.0072992700729927005,0.5,0.42857142857142855,0.625,0,0,0,1,0,0,0,0,0,1,0,0,24055
0.5185185185185186,0.006578947368421052,1.0,0.04275286757038582,1.0,0.35714285714285715,0.125,0,0,0,1,0,1,0,0,0,1,0,1,34688
0.09259259259259262,0.0021929824561403508,0.6666666666666667,0.03753910323253389,0.0,0.0,0.625,1,0,1,0,1,0,0,0,0,0,0,0,8510
0.22222222222222227,0.0043859649122807015,0.3333333333333333,0.014598540145985403,0.5,0.0,0.625,1,0,0,1,0,0,0,0,0,1,1,0,19482
0.3888888888888889,0.008771929824561403,0.0,0.008342022940563087,0.0,0.0,0.625,1,0,1,0,0,0,0,1,0,1,1,0,14148
0.5925925925925926,0.0043859649122807015,1.0,0.07716371220020855,1.0,0.42857142857142855,0.625,0,0,0,0,0,0,1,0,0,0,0,0,32774
0.7592592592592593,0.008771929824561403,0.0,0.0,0.0,0.35714285714285715,1.0,0,0,0,1,0,1,0,0,0,0,1,0,19931
0.7037037037037037,0.0043859649122807015,0.0,0.0072992700729927005,1.0,0.42857142857142855,0.125,1,1,0,0,0,0,1,0,1,0,0,1,31469
0.44444444444444436,0.006578947368421052,0.3333333333333333,0.016684045881126174,0.5,0.0,1.0,1,0,1,0,0,1,0,0,0,1,0,1,26116
0.44444444444444436,0.006578947368421052,0.0,0.0,0.0,0.42857142857142855,0.625,1,0,0,1,0,0,0,0,0,1,1,0,15297
0.537037037037037,0.0043859649122807015,0.0,0.008342022940563087,0.5,0.42857142857142855,0.25,0,0,1,0,0,0,0,1,0,0,0,0,21045
0.037037037037037035,0.0,0.6666666666666667,0.02502606882168926,1.0,0.42857142857142855,0.125,0,0,1,0,1,1,0,0,0,0,1,0,17848
0.24074074074074076,0.008771929824561403,0.6666666666666667,0.03336809176225235,0.5,0.42857142857142855,0.625,0,0,0,0,0,0,0,0,0,0,1,0,19739
0.3888888888888889,0.006578947368421052,0.3333333333333333,0.02085505735140772,1.0,0.42857142857142855,0.625,0,0,0,1,0,0,0,0,0,0,1,0,26349
0.6666666666666667,0.0021929824561403508,0.3333333333333333,0.02502606882168926,1.0,0.0,1.0,0,0,1,0,1,0,1,0,0,1,0,1,34161
0.49999999999999994,0.0021929824561403508,0.3333333333333333,0.02502606882168926,1.0,0.42857142857142855,0.25,1,0,0,0,1,1,0,0,0,0,1,0,26858
0.3333333333333333,0.0043859649122807015,0.3333333333333333,0.009384775808133473,0.5,0.42857142857142855,0.25,0,1,0,0,0,0,1,0,0,1,1,0,22903
0.14814814814814814,0.0,0.6666666666666667,0.03128258602711158,0.0,0.42857142857142855,0.625,0,0,0,0,1,0,1,0,0,0,0,1,14339
0.18518518518518517,0.0,1.0,0.0886339937434828,0.0,0.42857142857142855,0.625,0,0,0,1,1,0,0,0,0,0,0,1,13415
0.5555555555555556,0.006578947368421052,0.3333333333333333,0.009384775808133473,1.0,0.0,0.0,1,0,1,0,0,0,1,0,0,1,1,0,29631
0.0,0.006578947368421052,0.0,0.0072992700729927005,0.0,0.0,0.25,1,0,0,1,0,0,0,1,0,0,1,0,5684
0.6111111111111112,0.006578947368421052,0.0,0.004171011470281543,1.0,0.42857142857142855,1.0,0,0,0,0,0,0,0,0,0,0,1,0,31789
0.7592592592592593,0.0043859649122807015,1.0,0.08654848800834203,1.0,0.0,0.0,1,0,1,0,1,0,0,0,1,0,0,1,26162
0.055555555555555525,0.0,0.0,0.00521376433785193,0.0,0.0,0.625,0,0,1,0,1,0,0,1,0,0,0,0,8193
0.6111111111111112,0.006578947368421052,0.0,0.008342022940563087,0.0,0.42857142857142855,0.0,0,0,1,0,0,1,0,0,1,0,1,0,15831
0.537037037037037,0.0043859649122807015,0.3333333333333333,0.02294056308654849,1.0,0.42857142857142855,0.625,1,0,1,0,0,0,1,0,0,1,0,1,35352
0.3703703703703704,0.008771929824561403,0.6666666666666667,0.03858185610010428,0.5,0.42857142857142855,1.0,1,0,1,0,0,1,0,0,1,0,1,0,26613
0.574074074074074,0.006578947368421052,0.3333333333333333,0.019812304483837334,1.0,0.42857142857142855,1.0,0,1,0,0,0,1,0,0,0,0,1,0,35790
0.4074074074074074,0.006578947368421052,0.3333333333333333,0.014598540145985403,0.5,0.42857142857142855,0.125,1,0,0,1,0,0,0,0,0,1,1,0,19341
0.49999999999999994,0.0043859649122807015,0.3333333333333333,0.02085505735140772,1.0,0.42857142857142855,0.625,0,0,1,0,0,0,0,0,0,0,0,0,24546
0.44444444444444436,0.006578947368421052,0.0,0.0020855057351407717,0.0,0.8571428571428571,0.25,1,0,1,0,0,0,0,0,0,1,1,0,16129
0.6296296296296295,0.0043859649122807015,0.0,0.008342022940563087,0.5,0.35714285714285715,0.0,0,0,0,1,0,0,1,0,0,0,1,0,21611
0.1296296296296296,0.0,1.0,0.09906152241918666,0.5,0.0,0.625,0,0,0,1,1,0,0,0,0,1,0,0,14746
0.3703703703703704,0.006578947368421052,0.0,0.0031282586027111575,0.0,0.42857142857142855,0.625,0,0,1,0,0,0,1,0,0,0,0,1,13725
0.018518518518518545,0.0,0.0,0.00521376433785193,0.0,0.0,0.0,0,0,1,0,1,1,0,0,0,0,1,0,9083
0.5555555555555556,0.006578947368421052,0.3333333333333333,0.021897810218978103,1.0,0.42857142857142855,0.25,0,0,0,1,0,1,0,0,0,1,0,1,36192
0.7222222222222223,0.006578947368421052,0.6666666666666667,0.029197080291970805,1.0,0.35714285714285715,0.125,1,0,0,0,0,1,0,0,0,1,1,0,34557
0.7037037037037037,0.0043859649122807015,1.0,0.08967674661105318,1.0,1.0,1.0,0,0,1,0,0,1,0,0,0,1,0,1,42571
0.7777777777777779,0.0043859649122807015,1.0,0.09906152241918666,1.0,0.42857142857142855,0.125,1,0,1,0,0,0,1,0,0,0,0,1,29092
0.27777777777777773,0.010964912280701754,0.0,0.004171011470281543,0.0,0.5714285714285714,0.125,0,0,0,0,0,0,0,0,1,0,1,0,15944
0.6481481481481481,0.006578947368421052,1.0,0.07924921793534932,1.0,0.42857142857142855,0.25,1,0,1,0,0,0,0,0,0,1,0,1,32218
0.7592592592592593,0.0021929824561403508,0.0,0.008342022940563087,0.5,0.42857142857142855,0.625,0,0,0,1,1,1,0,0,0,0,0,1,25298
0.25925925925925924,0.008771929824561403,0.3333333333333333,0.018769551616266946,0.5,0.42857142857142855,0.25,1,0,1,0,0,0,0,0,0,1,1,0,21080
0.1111111111111111,0.0,0.6666666666666667,0.03441084462982273,0.0,0.0,0.625,1,0,1,0,1,0,0,0,0,0,0,0,7851
0.24074074074074076,0.006578947368421052,0.0,0.006256517205422314,0.0,0.35714285714285715,0.125,1,0,1,0,0,0,1,0,0,0,1,0,12864
0.574074074074074,0.0043859649122807015,0.3333333333333333,0.02502606882168926,1.0,0.0,0.25,1,0,1,0,0,0,1,0,0,1,0,1,30935
0.1296296296296296,0.0,1.0,0.04275286757038582,0.5,0.42857142857142855,0.0,1,0,1,0,1,0,0,1,0,0,1,0,10712
0.46296296296296297,0.0,0.0,0.0010427528675703858,0.5,0.0,0.25,0,0,0,0,1,0,0,0,1,0,0,1,16971
0.3703703703703704,0.008771929824561403,0.3333333333333333,0.01772679874869656,0.5,0.0,0.125,0,0,1,0,0,0,1,0,0,1,0,1,19432
0.7777777777777779,0.0043859649122807015,0.6666666666666667,0.03753910323253389,1.0,0.42857142857142855,0.5,0,0,1,0,0,0,0,0,0,0,0,1,30327
0.3703703703703704,0.006578947368421052,0.0,0.00521376433785193,0.0,0.42857142857142855,0.25,0,0,1,0,0,0,1,0,0,0,0,1,12443
0.20370370370370366,0.008771929824561403,0.0,0.008342022940563087,0.0,0.42857142857142855,0.625,0,0,1,0,0,0,1,0,0,0,0,1,14444
0.44444444444444436,0.006578947368421052,0.0,0.008342022940563087,0.0,0.0,0.625,0,0,0,0,0,0,1,0,1,0,1,0,12575
0.3703703703703704,0.008771929824561403,0.0,0.00521376433785193,0.0,0.0,0.25,0,0,1,0,0,1,0,0,0,0,1,0,11822
0.537037037037037,0.0,0.0,0.0010427528675703858,0.5,0.0,0.25,0,0,1,0,1,1,0,0,0,0,1,0,22046
0.09259259259259262,0.0,0.0,0.006256517205422314,0.0,0.5714285714285714,0.125,0,0,1,0,1,0,0,1,0,1,1,0,15517
0.7407407407407407,0.0,0.0,0.0010427528675703858,0.5,0.42857142857142855,0.0,1,0,1,0,1,0,1,0,0,1,0,0,24582
0.3518518518518518,0.006578947368421052,0.0,0.0031282586027111575,0.0,0.42857142857142855,0.625,0,0,0,1,0,0,1,0,0,0,1,0,14499
0.018518518518518545,0.0,1.0,0.09906152241918666,0.5,0.0,0.5,1,1,0,0,1,0,0,0,0,0,1,0,10418
0.3148148148148148,0.006578947368421052,0.0,0.0010427528675703858,0.5,0.42857142857142855,0.625,0,1,0,0,0,0,0,0,0,0,1,0,18485
0.574074074074074,0.0,0.0,0.004171011470281543,0.5,0.42857142857142855,1.0,1,1,0,0,1,0,0,0,1,0,0,0,24515
0.22222222222222227,0.008771929824561403,0.6666666666666667,0.02606882168925965,0.5,0.35714285714285715,0.25,0,0,1,0,0,0,1,0,0,0,1,0,18320
0.3703703703703704,0.0021929824561403508,0.3333333333333333,0.02502606882168926,1.0,0.5714285714285714,0.5,0,1,0,0,1,0,0,0,0,0,0,1,29967
0.4074074074074074,0.006578947368421052,0.0,0.004171011470281543,0.5,0.42857142857142855,0.25,0,0,0,1,0,0,0,0,0,1,1,0,19898
0.3888888888888889,0.0043859649122807015,0.6666666666666667,0.03962460896767466,0.5,0.42857142857142855,0.625,0,0,1,0,0,1,0,0,0,1,0,1,25073
0.037037037037037035,0.0,1.0,0.04171011470281544,0.5,0.0,0.5,1,0,0,0,1,0,0,0,0,1,0,0,13755
0.46296296296296297,0.008771929824561403,0.3333333333333333,0.01564129301355579,0.5,0.8571428571428571,0.5,1,1,0,0,0,0,1,0,0,1,0,0,25761
0.1111111111111111,0.006578947368421052,0.6666666666666667,0.03753910323253389,0.0,0.0,0.0,0,0,1,0,0,0,0,0,0,0,0,0,4130
0.3333333333333333,0.008771929824561403,0.0,0.006256517205422314,0.0,0.35714285714285715,0.125,0,0,0,1,0,0,0,1,1,0,1,0,11604
0.5185185185185186,0.0,0.6666666666666667,0.03649635036496351,1.0,0.0,0.625,0,0,0,1,1,0,1,0,0,1,0,1,34042
0.055555555555555525,0.0043859649122807015,0.0,0.0072992700729927005,0.0,0.0,1.0,0,0,1,0,1,0,0,0,0,0,0,0,9014
0.574074074074074,0.0043859649122807015,0.3333333333333333,0.013555787278415015,0.0,0.42857142857142855,0.5,0,0,1,0,0,1,0,0,0,1,0,0,20871
0.0,0.0,1.0,0.09697601668404589,0.5,0.0,0.5,0,0,1,0,1,0,0,0,0,0,1,0,11096
0.6296296296296295,0.0043859649122807015,0.3333333333333333,0.01564129301355579,1.0,0.5714285714285714,1.0,0,0,1,0,0,1,0,0,1,0,1,0,41819
0.1296296296296296,0.5043859649122807,0.6666666666666667,0.03753910323253389,0.0,0.0,0.125,0,0,0,1,1,0,0,0,0,0,1,0,5838
0.018518518518518545,0.0,0.3333333333333333,0.011470281543274244,0.0,0.0,0.25,0,0,0,0,1,0,0,0,0,0,0,0,6125
0.20370370370370366,0.008771929824561403,0.6666666666666667,0.027111574556830033,1.0,0.42857142857142855,0.625,0,1,0,0,0,1,0,0,0,0,1,0,29701
0.7777777777777779,0.0043859649122807015,0.6666666666666667,0.03858185610010428,1.0,0.5714285714285714,0.5,0,0,0,1,0,0,0,0,0,0,0,1,34199
0.537037037037037,0.006578947368421052,0.0,0.008342022940563087,0.5,0.0,0.5,0,0,0,1,0,0,0,0,1,0,0,0,20802
0.7592592592592593,0.010964912280701754,0.6666666666666667,0.03441084462982273,1.0,0.42857142857142855,0.5,1,0,1,0,0,0,1,0,0,0,0,1,31423
0.07407407407407407,0.0,0.6666666666666667,0.029197080291970805,0.0,0.0,0.625,1,0,0,1,1,0,0,0,0,0,0,0,8294
0.5555555555555556,0.0,0.0,0.0031282586027111575,0.0,0.35714285714285715,0.25,0,0,1,0,1,1,0,0,1,0,0,1,17574
0.16666666666666669,0.006578947368421052,0.3333333333333333,0.018769551616266946,0.5,1.0,0.625,0,0,1,0,0,0,1,0,0,0,0,0,24823
0.7592592592592593,0.0043859649122807015,0.0,0.0,0.5,0.5714285714285714,1.0,1,0,0,0,0,0,1,0,0,0,0,1,30436
0.6851851851851851,0.008771929824561403,0.6666666666666667,0.02606882168925965,1.0,0.42857142857142855,0.25,0,0,0,0,0,0,0,0,0,0,0,0,27987
0.6666666666666667,0.0,0.6666666666666667,0.02606882168925965,0.0,0.0,0.125,0,0,0,1,1,0,0,0,1,0,0,0,11678
0.18518518518518517,0.006578947368421052,0.6666666666666667,0.03649635036496351,0.5,0.0,0.5,1,0,1,0,0,0,0,0,1,0,0,1,16629
0.3703703703703704,0.0,1.0,0.07924921793534932,1.0,0.35714285714285715,0.625,1,0,0,1,1,0,1,0,0,1,1,0,29893
0.6481481481481481,0.006578947368421052,0.3333333333333333,0.01564129301355579,1.0,0.35714285714285715,0.625,1,1,0,0,0,1,0,0,0,1,1,0,37376
0.574074074074074,0.006578947368421052,0.3333333333333333,0.013555787278415015,0.0,0.42857142857142855,0.625,0,1,0,0,0,0,0,0,0,0,1,0,13592
0.5925925925925926,0.006578947368421052,0.0,0.0072992700729927005,0.5,1.0,0.0,0,0,0,1,0,0,1,0,0,0,0,1,26155
0.48148148148148145,0.0043859649122807015,1.0,0.08759124087591241,1.0,0.42857142857142855,1.0,0,1,0,0,0,0,0,0,1,0,0,1,28028
0.2962962962962962,0.0043859649122807015,1.0,0.08446298227320126,1.0,0.8571428571428571,0.625,1,0,0,0,0,0,0,0,0,1,1,0,30966
0.0,0.0043859649122807015,0.6666666666666667,0.03232533889468196,0.0,0.0,0.25,1,0,1,0,1,0,0,0,0,0,0,0,5335
0.3703703703703704,0.006578947368421052,1.0,0.0667361835245047,1.0,0.42857142857142855,0.25,0,0,0,1,0,0,0,1,1,0,0,1,25027
0.07407407407407407,0.0021929824561403508,0.6666666666666667,0.03441084462982273,0.0,0.0,0.625,1,0,0,1,1,0,0,0,0,1,0,0,11056
0.14814814814814814,0.0,0.3333333333333333,0.01772679874869656,0.5,0.42857142857142855,0.625,0,0,1,0,1,0,0,0,0,0,0,0,18482
0.1296296296296296,0.0,0.0,0.0,0.0,0.0,0.125,0,0,0,1,1,0,0,1,0,0,1,0,5965
0.8518518518518519,0.0021929824561403508,1.0,0.0667361835245047,1.0,0.35714285714285715,0.0,1,0,0,1,1,0,0,0,0,0,0,1,32192
0.1296296296296296,0.0021929824561403508,0.6666666666666667,0.029197080291970805,0.0,0.0,0.625,1,0,1,0,1,0,0,0,0,1,0,0,10324
0.6481481481481481,0.0,0.3333333333333333,0.01251303441084463,1.0,0.42857142857142855,0.625,1,1,0,0,1,0,1,0,0,0,1,0,31196
0.5555555555555556,0.006578947368421052,0.6666666666666667,0.04066736183524505,1.0,0.42857142857142855,0.25,0,0,0,1,0,1,0,0,1,0,0,0,34296
0.7777777777777779,0.008771929824561403,0.6666666666666667,0.027111574556830033,1.0,0.35714285714285715,1.0,1,0,0,1,0,0,1,0,0,0,0,0,34617
0.48148148148148145,0.006578947368421052,0.3333333333333333,0.01564129301355579,1.0,0.7857142857142857,0.625,0,0,0,1,0,0,1,0,0,0,1,0,28998
0.037037037037037035,0.006578947368421052,0.3333333333333333,0.016684045881126174,0.5,0.0,0.625,0,0,1,0,0,0,0,0,0,0,1,0,11245
0.44444444444444436,0.008771929824561403,0.6666666666666667,0.03232533889468196,0.5,0.5714285714285714,1.0,1,0,0,0,0,0,0,0,0,1,1,0,27409
0.018518518518518545,0.0,0.3333333333333333,0.014598540145985403,0.0,0.0,0.625,1,0,1,0,1,0,0,1,0,0,0,0,7526
0.2962962962962962,0.0,0.0,0.006256517205422314,0.0,0.0,0.25,1,1,0,0,1,0,0,0,0,1,0,0,12702
0.07407407407407407,0.0,0.0,0.00521376433785193,0.0,0.0,0.125,0,1,0,0,1,0,0,0,0,0,0,1,5801
0.6481481481481481,0.0043859649122807015,0.6666666666666667,0.03441084462982273,1.0,0.7857142857142857,0.625,0,0,0,1,0,1,0,0,0,0,0,0,36582
0.09259259259259262,0.006578947368421052,0.0,0.0010427528675703858,0.5,0.0,0.125,1,0,1,0,0,0,0,0,0,1,0,0,10851
0.5555555555555556,0.0,0.3333333333333333,0.01251303441084463,0.0,0.0,0.25,0,0,1,0,1,0,0,0,0,0,0,1,9799
0.20370370370370366,0.006578947368421052,0.0,0.0,0.5,0.42857142857142855,0.25,0,1,0,0,0,0,0,0,0,1,1,0,20395
0.537037037037037,0.0043859649122807015,0.6666666666666667,0.03336809176225235,1.0,0.42857142857142855,0.625,0,0,1,0,0,0,0,0,0,1,0,1,33277
0.20370370370370366,0.008771929824561403,0.3333333333333333,0.02502606882168926,0.5,0.5714285714285714,0.625,0,0,1,0,0,0,0,0,1,0,0,0,23620
0.1111111111111111,0.0,0.0,0.0031282586027111575,0.0,0.0,0.625,1,1,0,0,1,0,0,0,0,1,0,0,9752
0.3888888888888889,0.0043859649122807015,0.0,0.008342022940563087,0.0,0.35714285714285715,0.25,1,1,0,0,1,0,0,1,0,1,1,0,14060
0.6111111111111112,0.008771929824561403,1.0,0.08029197080291971,1.0,0.42857142857142855,0.25,0,1,0,0,0,1,0,0,0,0,0,1,33224
0.5185185185185186,0.008771929824561403,0.3333333333333333,0.013555787278415015,1.0,0.42857142857142855,0.0,0,0,1,0,0,1,0,0,0,0,0,0,31852
0.7037037037037037,0.0,0.3333333333333333,0.009384775808133473,1.0,0.42857142857142855,0.25,1,0,1,0,1,0,0,1,0,0,1,0,29368
0.7222222222222223,0.006578947368421052,0.0,0.0,0.5,0.35714285714285715,0.25,0,0,1,0,0,0,0,0,0,0,0,1,20692
0.055555555555555525,0.0,0.0,0.0010427528675703858,0.0,0.5714285714285714,0.25,0,0,1,0,1,0,1,0,0,0,0,0,14011
0.6111111111111112,0.0043859649122807015,0.3333333333333333,0.02502606882168926,1.0,0.5714285714285714,0.25,0,0,0,0,1,0,1,0,0,0,1,0,35212
0.49999999999999994,0.006578947368421052,0.0,0.004171011470281543,1.0,0.35714285714285715,0.25,1,0,1,0,0,0,1,0,0,1,0,1,28138
0.20370370370370366,0.006578947368421052,0.0,0.0072992700729927005,0.0,0.0,0.25,0,0,1,0,0,0,0,0,0,0,1,0,7826
0.1111111111111111,0.0021929824561403508,0.0,0.006256517205422314,0.5,0.0,0.625,1,0,0,1,1,1,0,0,0,0,0,1,14995
0.09259259259259262,0.0,0.0,0.0072992700729927005,0.0,0.0,0.0,0,0,1,0,1,0,0,0,0,1,0,0,6714
0.018518518518518545,0.0021929824561403508,0.0,0.0020855057351407717,0.0,0.8571428571428571,0.625,1,0,1,0,1,0,0,0,0,0,0,0,12181
0.0,0.0,1.0,0.08759124087591241,0.5,0.0,0.25,0,0,1,0,1,0,0,0,0,0,0,1,10001
0.5925925925925926,0.006578947368421052,0.3333333333333333,0.01564129301355579,1.0,0.35714285714285715,0.125,0,0,1,0,0,0,1,0,0,0,0,1,29009
0.18518518518518517,0.0,1.0,0.08967674661105318,1.0,0.42857142857142855,0.125,0,1,0,0,1,0,0,0,0,0,1,0,22713
0.4074074074074074,0.006578947368421052,0.3333333333333333,0.02502606882168926,0.5,0.35714285714285715,0.25,1,0,0,0,0,0,0,0,1,0,0,1,18861
0.5185185185185186,0.006578947368421052,1.0,0.09906152241918666,1.0,0.7857142857142857,0.125,1,0,0,1,0,0,1,0,0,1,0,1,34694
0.4259259259259259,0.0021929824561403508,0.0,0.0010427528675703858,0.0,0.0,0.625,0,1,0,0,1,0,0,1,0,1,1,0,13166
0.0,0.0,0.0,0.0,0.0,0.0,0.125,1,0,0,1,1,0,0,1,0,0,1,0,5923
0.2962962962962962,0.008771929824561403,0.0,0.00521376433785193,0.0,0.8571428571428571,0.25,0,1,0,0,0,0,1,0,0,1,1,0,17405
0.07407407407407407,0.0043859649122807015,0.0,0.0072992700729927005,0.0,0.0,0.625,1,1,0,0,1,0,0,0,0,0,0,0,8146
0.7222222222222223,0.0043859649122807015,0.6666666666666667,0.03545359749739312,0.5,0.42857142857142855,0.25,0,0,0,1,0,0,0,0,0,1,0,0,22549
0.49999999999999994,0.006578947368421052,0.0,0.00521376433785193,0.0,0.42857142857142855,1.0,0,0,0,1,0,0,1,0,0,0,1,0,16680
0.1111111111111111,0.0,0.3333333333333333,0.01564129301355579,0.0,0.0,0.625,0,1,0,0,1,0,0,0,0,0,0,0,7860
0.1296296296296296,0.0043859649122807015,0.0,0.008342022940563087,0.0,1.0,0.25,0,0,1,0,1,0,0,0,0,0,1,0,12519
0.6481481481481481,0.010964912280701754,0.3333333333333333,0.01564129301355579,1.0,0.42857142857142855,0.125,0,0,1,0,0,0,0,1,0,0,1,0,28383
0.037037037037037035,0.0043859649122807015,0.6666666666666667,0.02502606882168926,0.0,0.0,0.25,0,0,0,1,1,0,0,0,0,0,1,0,5855
0.5555555555555556,0.0021929824561403508,0.6666666666666667,0.027111574556830033,1.0,0.42857142857142855,0.125,0,1,0,0,1,0,1,0,1,0,0,0,30222
0.6666666666666667,0.006578947368421052,0.0,0.0031282586027111575,0.5,0.42857142857142855,1.0,0,1,0,0,0,0,1,0,0,0,0,1,26608
0.6296296296296295,0.006578947368421052,0.0,0.0020855057351407717,0.5,0.42857142857142855,0.5,1,0,0,1,0,0,1,0,0,1,1,0,27035
0.4074074074074074,0.006578947368421052,0.3333333333333333,0.01772679874869656,0.5,0.35714285714285715,0.625,0,0,1,0,0,0,0,1,0,0,1,0,19124
0.7777777777777779,0.006578947368421052,0.3333333333333333,0.01564129301355579,1.0,0.35714285714285715,0.625,1,0,0,1,0,0,0,0,0,0,0,1,30617
0.16666666666666669,0.006578947368421052,0.0,0.0031282586027111575,0.0,0.42857142857142855,0.125,0,0,0,1,0,0,0,1,1,0,0,1,11916
0.22222222222222227,0.0,1.0,0.09384775808133473,1.0,0.42857142857142855,0.25,0,0,0,1,1,0,0,1,0,0,1,0,24170
0.2962962962962962,0.006578947368421052,0.0,0.0,0.0,0.35714285714285715,0.625,0,0,1,0,0,1,0,0,0,1,1,0,19942
0.018518518518518545,0.0021929824561403508,0.0,0.0010427528675703858,0.0,0.0,0.25,1,0,0,0,1,0,0,0,0,0,0,0,4993
0.7407407407407407,0.006578947368421052,0.0,0.004171011470281543,0.5,0.35714285714285715,0.625,0,1,0,0,0,0,0,1,0,0,1,0,22859
0.0,0.0,0.3333333333333333,0.023983315954118876,0.0,0.35714285714285715,0.25,0,0,1,0,1,1,0,0,0,0,0,1,12384
0.1296296296296296,0.0021929824561403508,0.0,0.004171011470281543,0.0,0.0,0.25,0,0,0,1,1,0,0,0,1,0,0,0,7423
0.1296296296296296,0.0,0.0,0.0020855057351407717,0.0,0.0,0.625,1,0,0,1,1,0,0,0,0,1,1,0,9711
0.6111111111111112,0.006578947368421052,0.0,0.0072992700729927005,0.5,0.42857142857142855,0.125,0,0,1,0,0,0,0,0,0,0,1,0,20426
0.7777777777777779,0.0043859649122807015,0.3333333333333333,0.013555787278415015,1.0,0.0,0.5,0,0,0,0,0,0,1,0,0,0,0,1,28735
0.22222222222222227,0.008771929824561403,1.0,0.08759124087591241,0.0,1.0,0.625,1,0,1,0,0,0,0,0,0,0,0,0,16773
0.09259259259259262,0.0,0.3333333333333333,0.02085505735140772,0.0,0.0,0.625,1,0,1,0,1,0,0,0,0,0,1,0,8056
0.3703703703703704,0.0021929824561403508,0.3333333333333333,0.013555787278415015,0.5,0.42857142857142855,0.625,1,0,1,0,1,0,1,0,0,1,0,1,24948
0.7777777777777779,0.0043859649122807015,1.0,0.06777893639207508,1.0,0.35714285714285715,0.125,1,0,0,1,0,0,0,0,0,0,0,1,28364
0.44444444444444436,0.010964912280701754,0.0,0.0072992700729927005,0.0,0.42857142857142855,1.0,1,0,1,0,0,0,0,0,0,0,0,0,15005
0.44444444444444436,0.006578947368421052,0.3333333333333333,0.02085505735140772,0.5,0.42857142857142855,0.25,1,0,1,0,0,0,0,0,0,1,1,0,20477
0.574074074074074,0.010964912280701754,0.0,0.0072992700729927005,0.5,0.0,1.0,0,0,1,0,0,0,0,0,0,0,1,0,21173
0.6296296296296295,0.008771929824561403,0.0,0.008342022940563087,0.5,0.42857142857142855,0.25,0,1,0,0,0,0,0,0,0,0,0,1,19956
0.07407407407407407,0.0021929824561403508,0.0,0.0010427528675703858,0.5,0.0,0.625,0,0,1,0,1,0,0,1,0,1,0,0,14036
0.0,0.0,1.0,0.043795620437956206,0.5,0.0,1.0,0,0,1,0,1,0,1,0,0,0,0,0,14281
0.0,0.0021929824561403508,0.6666666666666667,0.02502606882168926,0.0,0.0,0.5,1,1,0,0,1,0,0,0,0,1,0,0,8991
0.3333333333333333,0.0043859649122807015,1.0,0.09071949947862357,1.0,0.0,0.5,0,0,0,0,0,0,0,0,1,0,0,1,23489
0.20370370370370366,0.0,0.0,0.004171011470281543,0.5,0.42857142857142855,0.125,0,0,1,0,1,0,0,0,0,0,1,0,16162
0.8148148148148149,0.0,0.0,0.0031282586027111575,0.0,0.35714285714285715,0.625,0,1,0,0,1,0,0,0,0,0,0,1,16211
0.018518518518518545,0.0021929824561403508,0.3333333333333333,0.010427528675703858,0.0,0.0,0.5,0,0,1,0,1,0,0,1,0,0,0,0,8279
0.07407407407407407,0.0021929824561403508,0.0,0.0010427528675703858,0.0,0.0,0.125,1,0,1,0,1,0,0,1,0,1,0,1,8343
0.7592592592592593,0.006578947368421052,0.0,0.0031282586027111575,0.5,0.5714285714285714,0.25,1,0,0,1,0,0,0,0,0,0,0,1,24517
0.018518518518518545,0.0,0.3333333333333333,0.02294056308654849,0.0,0.0,0.625,1,0,0,1,1,0,0,1,0,1,0,0,10445
0.018518518518518545,0.0043859649122807015,0.0,0.0020855057351407717,0.0,0.0,0.625,0,0,0,1,1,0,0,0,0,0,0,0,7545
0.3148148148148148,0.008771929824561403,1.0,0.8644421272158499,1.0,1.0,0.25,1,0,0,1,0,0,0,1,1,0,1,0,28749
0.44444444444444436,0.008771929824561403,0.3333333333333333,0.01772679874869656,0.5,0.42857142857142855,0.25,0,1,0,0,0,0,0,0,1,0,0,1,19150
0.037037037037037035,0.0,0.0,0.0,0.0,0.0,0.0,0,0,1,0,1,0,1,0,0,0,0,0,6273
0.537037037037037,0.006578947368421052,0.6666666666666667,0.02606882168925965,1.0,0.5714285714285714,0.5,1,0,0,1,0,0,1,0,1,0,0,1,37336
0.8888888888888888,0.0021929824561403508,0.6666666666666667,0.03753910323253389,0.5,0.0,0.5,0,0,0,1,0,0,0,0,0,0,0,1,22855
0.055555555555555525,0.0021929824561403508,0.3333333333333333,0.02294056308654849,0.0,0.0,0.125,0,0,0,0,1,0,1,0,0,0,1,0,6342
0.1111111111111111,0.0021929824561403508,0.3333333333333333,0.014598540145985403,0.5,0.0,0.625,1,0,1,0,1,0,1,0,0,0,1,0,13631
0.3148148148148148,0.008771929824561403,1.0,0.08967674661105318,1.0,0.42857142857142855,0.5,1,0,1,0,0,0,0,0,0,1,0,1,28171
0.4259259259259259,0.0043859649122807015,0.3333333333333333,0.016684045881126174,0.5,0.0,0.25,0,0,0,1,0,0,0,0,1,0,1,0,16422
0.018518518518518545,0.0,0.3333333333333333,0.010427528675703858,0.0,0.0,0.25,1,0,0,1,1,0,0,0,0,0,1,0,5808
0.0,0.0021929824561403508,0.3333333333333333,0.02294056308654849,0.0,0.0,0.25,0,0,1,0,1,0,0,0,0,0,0,0,5791
0.3888888888888889,0.0043859649122807015,0.0,0.004171011470281543,0.0,0.35714285714285715,0.125,1,0,1,0,0,0,1,0,0,0,1,0,12255
0.0,0.0,0.0,0.0,0.0,0.8571428571428571,0.0,0,0,1,0,1,0,0,0,0,0,0,0,9092
0.7777777777777779,0.0043859649122807015,0.3333333333333333,0.010427528675703858,1.0,0.42857142857142855,0.125,1,0,0,0,0,0,1,0,0,0,0,1,28610
0.27777777777777773,0.006578947368421052,1.0,0.0959332638164755,0.5,0.42857142857142855,0.625,0,1,0,0,0,0,1,0,0,1,1,0,23751
0.1296296296296296,0.0043859649122807015,0.0,0.0072992700729927005,0.0,0.0,0.25,0,0,1,0,1,0,0,0,0,0,0,0,6318
0.5555555555555556,0.006578947368421052,0.3333333333333333,0.023983315954118876,1.0,0.42857142857142855,0.25,0,0,1,0,0,1,0,0,0,0,1,0,32247
0.6296296296296295,0.0,0.3333333333333333,0.016684045881126174,1.0,0.42857142857142855,0.625,0,0,0,1,1,0,0,0,0,0,1,0,30553
0.018518518518518545,0.0021929824561403508,0.6666666666666667,0.04066736183524505,0.0,0.0,0.625,0,1,0,0,1,0,0,1,0,0,0,0,8847
0.7592592592592593,0.006578947368421052,1.0,0.05839416058394161,1.0,0.42857142857142855,0.625,0,1,0,0,0,1,0,0,0,0,0,1,33879
0.6851851851851851,0.0043859649122807015,0.3333333333333333,0.02502606882168926,0.0,0.42857142857142855,0.625,0,0,0,1,0,0,0,0,0,0,1,0,13808
0.7777777777777779,0.0043859649122807015,0.0,0.004171011470281543,0.5,0.42857142857142855,0.25,1,1,0,0,0,0,0,1,0,0,0,1,19878
0.3888888888888889,0.0,1.0,0.04275286757038582,1.0,0.0,0.625,0,0,1,0,1,0,0,0,0,0,0,0,23830
0.49999999999999994,0.0021929824561403508,0.0,0.0020855057351407717,0.0,0.0,0.25,0,0,1,0,1,0,0,1,0,0,0,1,9282
0.6666666666666667,0.0043859649122807015,0.3333333333333333,0.011470281543274244,1.0,0.42857142857142855,0.625,0,0,0,1,0,0,0,0,0,0,0,0,30975
0.037037037037037035,0.0,0.0,0.0031282586027111575,0.0,0.0,0.25,1,0,1,0,1,0,0,0,0,1,0,0,8012
0.2962962962962962,0.008771929824561403,0.0,0.006256517205422314,0.0,1.0,0.625,0,0,0,1,0,1,0,0,0,0,0,1,19687
0.3703703703703704,0.0,0.3333333333333333,0.018769551616266946,0.5,0.42857142857142855,0.625,1,0,0,1,1,0,1,0,0,1,1,0,23337
0.24074074074074076,0.0,0.3333333333333333,0.01251303441084463,0.5,0.42857142857142855,1.0,1,0,1,0,1,0,0,1,0,1,1,0,24439
0.44444444444444436,0.0,1.0,0.09697601668404589,1.0,0.0,0.125,0,0,1,0,1,0,0,0,1,0,0,1,21438
0.3703703703703704,0.0043859649122807015,0.0,0.004171011470281543,0.5,0.42857142857142855,0.625,0,0,0,1,0,0,0,0,0,0,1,0,19641
0.055555555555555525,0.0,0.0,0.008342022940563087,0.0,0.0,0.625,1,0,1,0,1,0,0,0,0,1,0,0,11048
0.1296296296296296,0.0021929824561403508,0.3333333333333333,0.016684045881126174,0.0,0.0,0.25,0,0,0,1,1,0,0,0,0,0,1,0,4989
0.4074074074074074,0.0,1.0,0.07090719499478623,1.0,0.42857142857142855,0.5,0,0,0,1,1,0,0,0,0,0,1,0,25364
0.7407407407407407,0.006578947368421052,0.0,0.0031282586027111575,0.5,0.42857142857142855,0.5,1,0,0,1,0,0,1,0,0,0,0,0,23003
0.0,0.0021929824561403508,0.6666666666666667,0.02502606882168926,0.0,0.8571428571428571,1.0,0,1,0,0,1,0,0,1,0,0,0,1,12940
0.018518518518518545,0.0,0.6666666666666667,0.02502606882168926,0.0,0.0,0.625,0,0,1,0,1,0,0,0,0,0,0,0,7797
0.46296296296296297,0.010964912280701754,0.0,0.0020855057351407717,1.0,0.42857142857142855,0.625,0,0,0,1,0,0,0,1,1,0,1,0,26575
0.3703703703703704,0.008771929824561403,0.3333333333333333,0.02294056308654849,0.5,0.42857142857142855,0.125,1,0,0,1,0,0,0,1,0,1,1,0,20461
0.3148148148148148,0.006578947368421052,0.0,0.008342022940563087,0.0,0.42857142857142855,0.25,0,1,0,0,0,1,0,0,0,0,1,0,14420
0.6296296296296295,0.006578947368421052,0.6666666666666667,0.03336809176225235,1.0,0.35714285714285715,0.0,1,1,0,0,0,0,0,0,0,0,0,1,27439
0.09259259259259262,0.0,0.0,0.0,0.0,0.0,1.0,0,0,0,1,1,0,0,1,1,0,1,0,10967
0.7592592592592593,0.008771929824561403,0.3333333333333333,0.01251303441084463,1.0,0.35714285714285715,0.25,0,0,0,1,0,0,1,0,0,0,0,1,29317
0.09259259259259262,0.0043859649122807015,0.0,0.0020855057351407717,0.0,0.0,0.125,0,0,0,1,1,0,0,0,0,0,1,0,4440
0.037037037037037035,0.0,0.6666666666666667,0.04066736183524505,0.0,0.0,0.125,0,0,0,1,1,0,0,0,0,0,0,0,5698
0.5925925925925926,0.0043859649122807015,0.0,0.0020855057351407717,0.5,0.5714285714285714,0.625,0,0,0,1,0,0,0,0,0,0,1,0,26630
0.0,0.0,1.0,0.05005213764337852,0.5,0.0,0.25,0,0,0,1,1,0,0,0,0,0,0,0,9903
0.018518518518518545,0.0021929824561403508,0.0,0.0010427528675703858,0.5,0.0,0.25,0,0,1,0,1,0,0,1,0,0,0,0,10262
0.24074074074074076,0.006578947368421052,0.0,0.004171011470281543,0.5,0.0,0.25,0,0,0,1,0,0,0,0,0,0,1,0,15494
0.3518518518518518,0.006578947368421052,0.6666666666666667,0.03545359749739312,0.5,0.8571428571428571,0.625,1,0,1,0,0,0,0,0,0,1,1,0,24210
0.6851851851851851,0.0043859649122807015,0.3333333333333333,0.016684045881126174,1.0,0.42857142857142855,0.125,0,0,0,1,0,0,0,1,0,0,1,0,28097
0.1296296296296296,0.0,0.3333333333333333,0.010427528675703858,0.0,0.0,0.625,0,0,1,0,1,0,0,0,0,0,0,1,7482
0.24074074074074076,0.0,0.6666666666666667,0.03232533889468196,0.5,0.42857142857142855,0.25,0,1,0,0,1,0,0,0,0,0,1,0,18081
0.1296296296296296,0.0,0.0,0.0020855057351407717,0.0,0.0,0.125,0,1,0,0,1,0,0,0,0,0,1,0,5851
0.6851851851851851,0.006578947368421052,0.0,0.0031282586027111575,0.5,0.42857142857142855,0.25,0,0,0,1,0,1,0,0,0,0,0,1,23417
0.018518518518518545,0.0,1.0,0.07090719499478623,0.5,0.42857142857142855,0.125,1,0,0,1,1,0,0,0,0,0,1,0,10150
0.07407407407407407,0.0,0.0,0.0031282586027111575,0.0,0.0,0.625,0,1,0,0,1,0,0,0,0,0,1,0,7912
0.055555555555555525,0.0,0.3333333333333333,0.01772679874869656,0.0,0.0,0.25,0,0,0,1,1,0,0,0,0,0,1,0,5358
0.1111111111111111,0.0021929824561403508,0.3333333333333333,0.01251303441084463,0.0,0.0,0.625,1,0,0,1,1,0,0,0,0,1,0,1,11551
0.0,0.0021929824561403508,0.0,0.0010427528675703858,0.5,0.0,0.625,0,1,0,0,1,0,1,0,0,0,0,1,13082
0.6481481481481481,0.006578947368421052,0.6666666666666667,0.03962460896767466,1.0,0.42857142857142855,0.625,1,0,0,0,0,0,0,0,1,0,0,0,30159
0.5185185185185186,0.0043859649122807015,0.0,0.008342022940563087,0.5,0.35714285714285715,0.625,1,1,0,0,0,0,0,1,1,0,1,0,23999
0.5925925925925926,0.0021929824561403508,0.6666666666666667,0.03962460896767466,1.0,0.42857142857142855,0.125,1,0,0,1,1,0,1,0,0,1,0,1,32997
0.037037037037037035,0.006578947368421052,1.0,0.09280500521376434,0.5,0.0,0.625,1,0,0,1,0,0,0,1,0,1,0,1,14724
0.6111111111111112,0.008771929824561403,0.6666666666666667,0.03545359749739312,1.0,0.42857142857142855,0.125,1,1,0,0,0,0,1,0,0,0,1,0,29126
0.574074074074074,0.008771929824561403,0.0,0.0010427528675703858,0.0,0.8571428571428571,1.0,0,0,0,1,0,0,1,0,1,0,0,1,21628
0.1296296296296296,0.0043859649122807015,0.3333333333333333,0.013555787278415015,0.5,0.0,0.5,1,0,0,0,1,0,0,0,0,1,1,0,13559
0.5185185185185186,0.0043859649122807015,0.3333333333333333,0.009384775808133473,1.0,0.35714285714285715,0.625,1,0,0,0,0,0,0,0,0,1,0,0,33579
0.7037037037037037,0.006578947368421052,0.0,0.0,0.5,0.42857142857142855,0.125,1,0,0,1,0,1,0,0,0,0,0,0,23209
0.537037037037037,0.0,0.0,0.008342022940563087,0.5,0.5714285714285714,0.5,0,1,0,0,1,0,1,0,0,0,1,0,26730
0.18518518518518517,0.0,0.3333333333333333,0.018769551616266946,0.5,0.8571428571428571,0.5,0,1,0,0,1,0,0,0,0,0,1,0,21329
0.2962962962962962,0.010964912280701754,0.6666666666666667,0.03753910323253389,0.5,0.42857142857142855,0.25,1,0,0,0,0,0,0,1,0,0,1,0,17310
0.0,0.0,0.0,0.004171011470281543,0.0,0.0,0.125,0,0,0,0,1,0,0,0,0,0,1,0,5094
0.6296296296296295,0.008771929824561403,0.0,0.0020855057351407717,0.5,0.42857142857142855,0.625,1,0,1,0,0,0,0,0,1,0,0,1,23111
0.3888888888888889,0.010964912280701754,0.0,0.0020855057351407717,0.0,1.0,0.625,0,1,0,0,0,0,1,0,0,0,0,0,17654
0.3703703703703704,0.008771929824561403,0.3333333333333333,0.010427528675703858,0.5,0.35714285714285715,0.25,0,0,1,0,0,0,1,0,0,0,0,1,18857
0.1111111111111111,0.0043859649122807015,0.0,0.0,0.5,0.0,0.25,1,0,0,1,1,0,0,0,0,0,0,0,9479
0.14814814814814814,0.0021929824561403508,0.3333333333333333,0.018769551616266946,0.5,0.0,0.25,1,1,0,0,1,0,1,0,0,1,1,0,19381
0.5925925925925926,0.0043859649122807015,0.3333333333333333,0.01772679874869656,1.0,0.42857142857142855,0.625,1,0,1,0,0,1,0,0,0,1,1,0,37908
0.9444444444444444,0.0043859649122807015,1.0,0.09697601668404589,0.5,0.42857142857142855,1.0,0,1,0,0,0,0,1,0,0,0,1,0,30685
0.5185185185185186,0.008771929824561403,1.0,0.08029197080291971,1.0,0.0,0.625,1,0,0,0,0,0,1,0,0,0,0,0,30116
0.09259259259259262,0.006578947368421052,0.0,0.0020855057351407717,0.0,0.0,1.0,0,0,1,0,0,1,0,0,0,0,1,0,13973
0.09259259259259262,0.0,0.0,0.006256517205422314,0.0,0.0,0.5,0,1,0,0,1,0,0,0,0,0,0,0,6532
0.14814814814814814,0.0,1.0,0.09801876955161627,1.0,0.42857142857142855,0.25,0,1,0,0,1,0,0,0,1,0,0,0,25258
0.5925925925925926,0.0,0.0,0.0020855057351407717,0.0,0.42857142857142855,0.5,0,0,1,0,1,1,0,0,0,1,0,1,20571
0.7592592592592593,0.008771929824561403,0.3333333333333333,0.01251303441084463,1.0,0.42857142857142855,0.5,1,0,0,1,0,0,1,0,0,0,1,0,30920
0.7407407407407407,0.008771929824561403,0.0,0.004171011470281543,0.5,0.0,0.25,0,0,0,1,0,0,0,0,0,0,0,1,19127
0.1111111111111111,0.0021929824561403508,0.3333333333333333,0.01251303441084463,0.0,0.5714285714285714,0.625,0,0,1,0,1,0,0,0,0,0,1,0,12997
0.037037037037037035,0.0,0.3333333333333333,0.01564129301355579,0.5,0.0,0.5,1,0,0,1,1,0,0,1,0,1,0,0,13867
0.6481481481481481,0.008771929824561403,0.3333333333333333,0.02502606882168926,1.0,0.35714285714285715,0.25,0,0,1,0,0,1,0,0,0,0,0,1,32089
0.25925925925925924,0.0,0.3333333333333333,0.013555787278415015,0.5,0.0,0.0,1,0,1,0,1,0,1,0,0,1,0,0,18695
0.14814814814814814,0.006578947368421052,0.3333333333333333,0.016684045881126174,0.5,1.0,0.25,0,0,1,0,0,0,0,1,1,0,0,0,22162
0.6296296296296295,0.0021929824561403508,1.0,0.051094890510948905,1.0,0.35714285714285715,0.25,0,1,0,0,1,0,0,0,0,0,0,1,27542
0.5925925925925926,0.008771929824561403,1.0,0.06465067778936393,1.0,0.42857142857142855,0.5,1,1,0,0,0,0,1,0,0,1,0,1,35011
0.24074074074074076,0.0043859649122807015,0.6666666666666667,0.03336809176225235,0.5,0.42857142857142855,0.25,1,1,0,0,0,0,1,0,0,1,0,0,22654
0.5185185185185186,0.008771929824561403,0.0,0.006256517205422314,0.5,0.0,0.25,1,0,0,1,0,0,1,0,0,1,0,0,24151
0.1296296296296296,0.0021929824561403508,0.0,0.0020855057351407717,0.5,0.0,0.25,1,0,0,0,1,0,0,0,0,1,0,1,11618
0.018518518518518545,0.0021929824561403508,0.6666666666666667,0.03753910323253389,1.0,0.0,0.0,0,0,0,1,1,0,0,0,0,1,0,0,14700
0.44444444444444436,0.0,0.3333333333333333,0.014598540145985403,0.5,0.42857142857142855,0.625,1,0,0,1,1,0,0,0,0,1,1,0,21914
0.7037037037037037,0.0043859649122807015,0.3333333333333333,0.01564129301355579,1.0,0.0,0.625,1,0,0,0,0,0,1,0,0,1,1,0,32318
0.6111111111111112,0.008771929824561403,0.3333333333333333,0.016684045881126174,1.0,0.35714285714285715,0.125,1,0,1,0,0,0,0,0,0,1,1,0,30970
0.7037037037037037,0.0043859649122807015,0.3333333333333333,0.02502606882168926,1.0,0.42857142857142855,0.25,0,0,1,0,0,1,0,0,0,0,1,0,32626
0.18518518518518517,0.010964912280701754,0.3333333333333333,0.01564129301355579,0.5,0.35714285714285715,0.625,0,1,0,0,0,0,0,1,0,0,0,0,19149
0.3518518518518518,0.0021929824561403508,0.0,0.0010427528675703858,0.0,0.0,0.0,0,0,0,0,1,0,0,0,1,0,1,0,9276
0.018518518518518545,0.0,0.0,0.006256517205422314,0.0,0.0,0.25,1,0,0,1,1,0,0,0,1,0,1,0,6340
0.055555555555555525,0.006578947368421052,0.3333333333333333,0.02085505735140772,0.0,0.0,0.5,0,1,0,0,0,0,1,0,0,0,0,0,9510
0.574074074074074,0.0043859649122807015,0.6666666666666667,0.027111574556830033,1.0,0.42857142857142855,0.625,1,1,0,0,0,1,0,0,0,1,0,0,36488
0.18518518518518517,0.008771929824561403,0.0,0.0031282586027111575,0.0,0.35714285714285715,1.0,1,0,0,1,0,0,0,0,0,0,1,0,13484
0.037037037037037035,0.0021929824561403508,0.0,0.006256517205422314,0.0,0.42857142857142855,1.0,0,0,1,0,1,0,0,0,0,1,1,0,13530
0.18518518518518517,0.0,0.3333333333333333,0.02085505735140772,0.5,0.5714285714285714,0.125,1,0,1,0,1,0,0,0,0,1,0,0,23537
0.1296296296296296,0.0,0.0,0.0020855057351407717,0.0,0.0,0.25,0,1,0,0,1,0,0,0,0,0,1,0,5363
0.0,0.0043859649122807015,0.6666666666666667,0.03753910323253389,0.0,0.0,0.0,0,0,1,0,1,0,0,1,0,0,0,1,4065
0.7222222222222223,0.006578947368421052,0.6666666666666667,0.03962460896767466,1.0,0.42857142857142855,0.625,0,0,1,0,0,1,0,0,0,0,0,1,35052
0.574074074074074,0.0043859649122807015,0.0,0.004171011470281543,0.5,0.42857142857142855,0.625,0,0,1,0,0,0,0,1,0,0,0,1,22204
0.25925925925925924,0.0,0.0,0.0020855057351407717,0.0,0.42857142857142855,1.0,1,0,0,0,1,0,0,0,0,1,0,0,17452
0.0,0.0,0.6666666666666667,0.03858185610010428,0.0,0.0,0.125,1,0,0,0,1,0,0,0,0,0,1,0,5531
0.037037037037037035,0.0021929824561403508,0.0,0.008342022940563087,0.5,0.42857142857142855,0.625,1,0,0,0,1,0,0,0,0,0,1,0,12773
0.2962962962962962,0.010964912280701754,0.6666666666666667,0.027111574556830033,0.5,1.0,0.0,1,0,1,0,0,1,0,0,0,1,1,0,27124
0.4074074074074074,0.006578947368421052,0.3333333333333333,0.01772679874869656,0.5,0.0,0.125,0,0,0,1,0,0,0,1,0,0,1,0,15998
0.018518518518518545,0.0043859649122807015,0.6666666666666667,0.02502606882168926,0.0,0.0,0.25,0,0,1,0,1,0,0,0,0,0,0,0,5814
0.5185185185185186,0.008771929824561403,0.6666666666666667,0.03962460896767466,1.0,0.0,0.625,1,0,0,1,0,0,1,0,0,1,1,0,33638
0.3888888888888889,0.0043859649122807015,0.3333333333333333,0.023983315954118876,0.5,0.35714285714285715,0.625,0,1,0,0,0,0,0,1,1,0,1,0,21022
0.037037037037037035,0.0043859649122807015,0.6666666666666667,0.02606882168925965,0.0,0.42857142857142855,0.125,0,0,1,0,0,1,0,0,0,0,0,0,10931
0.8888888888888888,0.0021929824561403508,0.6666666666666667,0.03962460896767466,1.0,0.35714285714285715,0.5,1,0,0,1,0,0,0,1,0,1,0,1,39941
0.037037037037037035,0.0,0.6666666666666667,0.03128258602711158,0.5,0.0,0.125,0,0,0,0,1,0,0,1,0,0,1,0,9825
0.574074074074074,0.006578947368421052,0.0,0.0,0.5,0.5714285714285714,0.0,1,0,0,1,0,0,0,1,0,1,1,0,26377
0.018518518518518545,0.0,0.0,0.0020855057351407717,0.0,0.0,0.625,0,0,1,0,1,1,0,0,0,0,0,0,10747
0.25925925925925924,0.0,1.0,0.08654848800834203,1.0,0.42857142857142855,0.25,0,0,1,0,1,0,0,1,0,0,1,0,23937
0.7777777777777779,0.0043859649122807015,0.6666666666666667,0.03128258602711158,1.0,0.42857142857142855,0.5,1,0,0,1,0,0,0,1,0,1,0,1,33944
0.537037037037037,0.006578947368421052,0.0,0.00521376433785193,0.5,0.0,0.625,0,0,0,0,0,1,0,0,0,0,1,0,24501
0.27777777777777773,0.0021929824561403508,0.0,0.006256517205422314,0.5,0.42857142857142855,1.0,0,0,1,0,1,0,0,0,0,0,1,0,20447
0.22222222222222227,0.006578947368421052,0.0,0.004171011470281543,0.0,0.42857142857142855,0.625,0,1,0,0,0,0,0,0,0,0,0,1,12729
0.3703703703703704,0.006578947368421052,0.3333333333333333,0.02085505735140772,0.5,0.42857142857142855,0.5,0,0,1,0,0,1,0,0,1,0,1,0,24187
0.09259259259259262,0.0021929824561403508,0.0,0.004171011470281543,0.0,0.0,0.25,0,0,0,0,1,0,0,0,0,0,0,1,4823
0.4074074074074074,0.0043859649122807015,1.0,0.05526590198123045,0.5,0.35714285714285715,0.625,0,1,0,0,0,0,1,0,1,0,1,0,22475
0.7777777777777779,0.006578947368421052,0.0,0.004171011470281543,0.5,0.35714285714285715,0.5,0,0,0,1,0,1,0,0,0,1,0,1,28630
0.1111111111111111,0.0043859649122807015,0.3333333333333333,0.02085505735140772,0.5,0.0,0.5,1,0,1,0,1,0,0,0,0,0,0,0,10963
0.9259259259259258,0.0021929824561403508,0.3333333333333333,0.013555787278415015,1.0,0.8571428571428571,0.625,0,0,1,0,0,0,0,1,0,0,0,1,39302
0.4074074074074074,0.006578947368421052,0.0,0.004171011470281543,0.0,0.8571428571428571,0.25,0,1,0,0,0,0,1,0,0,0,0,1,14456
0.3518518518518518,0.006578947368421052,0.3333333333333333,0.01772679874869656,1.0,0.42857142857142855,0.25,0,0,0,0,0,1,0,0,0,0,0,1,27519
0.0,0.0021929824561403508,1.0,0.054223149113660066,0.5,0.0,0.25,1,0,0,0,1,0,0,0,0,0,0,1,9425
0.48148148148148145,0.0043859649122807015,0.0,0.006256517205422314,1.0,0.0,0.5,0,0,1,0,0,1,0,0,0,0,0,1,27083
0.055555555555555525,0.0,1.0,0.1032325338894682,0.5,0.0,0.125,0,0,1,0,1,0,0,1,0,1,0,0,12605
0.0,0.0021929824561403508,0.3333333333333333,0.02294056308654849,0.0,0.0,0.625,0,1,0,0,1,0,0,0,0,0,0,1,8337
0.18518518518518517,0.0043859649122807015,0.0,0.004171011470281543,0.0,0.42857142857142855,0.5,0,0,0,1,0,1,0,0,0,0,1,0,16333
0.7777777777777779,0.006578947368421052,1.0,0.10010427528675704,0.5,0.42857142857142855,0.25,1,0,1,0,0,0,1,0,0,1,0,0,24954
0.25925925925925924,0.006578947368421052,1.0,0.07194994786235663,1.0,0.5714285714285714,1.0,1,0,0,1,0,0,1,0,0,1,1,0,35515
0.7777777777777779,0.008771929824561403,0.3333333333333333,0.018769551616266946,1.0,0.42857142857142855,0.5,0,0,1,0,0,0,1,0,0,0,0,1,32518
0.055555555555555525,0.0,0.0,0.008342022940563087,0.0,0.0,0.625,1,0,0,1,1,0,0,1,0,0,0,0,7241
0.6666666666666667,0.0,0.0,0.0,0.0,0.42857142857142855,0.5,1,0,0,1,1,0,1,0,0,1,1,0,18307
0.5925925925925926,0.008771929824561403,0.0,0.0,0.5,0.0,0.125,0,1,0,0,0,0,1,0,0,0,0,1,19979
0.7777777777777779,0.008771929824561403,0.0,0.0010427528675703858,0.5,0.0,0.25,0,0,1,0,0,0,0,0,0,0,0,1,18587
0.24074074074074076,0.0043859649122807015,0.6666666666666667,0.03441084462982273,1.0,0.42857142857142855,0.625,0,1,0,0,0,1,0,0,0,1,0,1,32803
0.25925925925925924,0.0,0.0,0.0020855057351407717,0.0,0.42857142857142855,0.25,1,0,0,1,1,0,0,0,0,1,0,1,14404
0.7777777777777779,0.006578947368421052,0.0,0.0031282586027111575,0.5,1.0,1.0,0,0,0,1,0,0,0,1,0,0,0,0,29368
0.7037037037037037,0.0043859649122807015,0.6666666666666667,0.030239833159541193,1.0,0.0,0.625,0,0,0,1,0,0,0,0,0,0,0,1,27107
0.055555555555555525,0.0021929824561403508,0.6666666666666667,0.03649635036496351,0.0,0.0,0.625,1,1,0,0,1,0,0,0,1,0,1,0,8348
0.7777777777777779,0.010964912280701754,1.0,0.0521376433785193,0.0,0.42857142857142855,0.125,0,1,0,0,0,0,0,0,0,0,0,1,10959
0.27777777777777773,0.0043859649122807015,0.0,0.00521376433785193,0.0,1.0,0.25,0,0,0,1,0,0,1,0,0,0,1,0,17438
0.4259259259259259,0.008771929824561403,0.0,0.0,0.0,0.42857142857142855,0.125,0,0,0,1,0,0,0,0,0,0,1,0,9783
0.537037037037037,0.0,0.0,0.008342022940563087,0.5,0.35714285714285715,0.5,0,0,0,0,1,0,1,0,1,0,0,1,25475
0.1296296296296296,0.0,0.3333333333333333,0.02085505735140772,0.0,0.0,0.125,1,1,0,0,1,0,0,1,0,0,0,1,5913
0.6111111111111112,0.0043859649122807015,0.3333333333333333,0.02085505735140772,0.0,0.42857142857142855,0.625,1,0,1,0,0,1,0,0,0,1,0,1,20353
0.7592592592592593,0.0043859649122807015,0.3333333333333333,0.02294056308654849,1.0,0.5714285714285714,0.5,0,1,0,0,1,1,0,0,0,0,0,0,36777
0.0,0.0021929824561403508,0.3333333333333333,0.01772679874869656,0.5,0.5714285714285714,0.25,0,0,1,0,1,0,0,0,0,0,0,0,14893
0.5185185185185186,0.008771929824561403,0.0,0.0020855057351407717,0.5,0.42857142857142855,0.625,0,0,1,0,0,0,0,0,1,0,0,0,23086
0.49999999999999994,0.0021929824561403508,1.0,0.10218978102189781,1.0,0.42857142857142855,0.5,1,0,1,0,1,0,0,0,0,1,1,0,28680
0.5185185185185186,0.0,0.0,0.0020855057351407717,0.5,0.42857142857142855,0.625,1,0,1,0,1,0,1,0,0,0,1,0,24058
0.018518518518518545,0.0021929824561403508,0.0,0.006256517205422314,0.0,0.42857142857142855,0.5,0,0,0,1,1,0,0,0,0,0,0,0,9075
0.5185185185185186,0.008771929824561403,0.0,0.0031282586027111575,0.5,0.35714285714285715,0.0,1,0,0,0,0,0,1,0,0,1,1,0,23649
0.7962962962962963,0.0021929824561403508,0.6666666666666667,0.027111574556830033,1.0,0.35714285714285715,0.625,1,0,0,1,0,0,0,0,0,1,0,1,39442
0.5925925925925926,0.006578947368421052,0.0,0.00521376433785193,0.5,0.42857142857142855,0.25,0,0,0,0,0,0,1,0,0,0,1,0,22827
0.6666666666666667,0.006578947368421052,0.6666666666666667,0.03858185610010428,1.0,0.42857142857142855,0.25,0,0,1,0,0,0,0,0,0,0,0,1,28006
0.6851851851851851,0.0043859649122807015,0.0,0.006256517205422314,0.5,0.42857142857142855,0.5,0,0,1,0,0,0,1,0,1,0,1,0,23920
0.4259259259259259,0.0043859649122807015,0.3333333333333333,0.01251303441084463,0.5,0.42857142857142855,0.25,0,0,1,0,0,0,1,0,0,1,0,0,21875
0.4259259259259259,0.0043859649122807015,0.0,0.0010427528675703858,0.0,0.8571428571428571,0.625,1,0,1,0,0,0,1,0,0,1,0,1,20096
0.1296296296296296,0.0021929824561403508,0.0,0.004171011470281543,0.5,0.42857142857142855,0.625,0,0,0,0,1,0,0,1,0,0,1,0,12866
0.4259259259259259,0.006578947368421052,0.6666666666666667,0.03753910323253389,0.5,0.7857142857142857,0.25,1,1,0,0,0,0,1,0,0,0,1,0,21579
0.1296296296296296,0.0,0.6666666666666667,0.029197080291970805,0.0,0.0,1.0,1,1,0,0,1,0,0,0,0,0,0,0,10454
0.5925925925925926,0.0043859649122807015,0.0,0.008342022940563087,0.5,0.35714285714285715,0.625,0,1,0,0,0,0,1,0,0,0,1,0,23267
0.037037037037037035,0.0,0.0,0.004171011470281543,1.0,0.0,0.5,0,0,1,0,1,0,0,0,0,0,0,0,14856
0.20370370370370366,0.0,0.3333333333333333,0.01772679874869656,0.5,0.35714285714285715,0.0,0,0,1,0,1,0,0,0,1,0,1,0,17693
0.7222222222222223,0.006578947368421052,0.3333333333333333,0.02085505735140772,1.0,0.35714285714285715,0.625,1,0,0,1,0,0,0,0,0,1,0,0,33069
0.8703703703703705,0.0043859649122807015,0.6666666666666667,0.028154327424400417,1.0,0.42857142857142855,0.625,1,1,0,0,0,0,0,1,0,0,0,1,35822
0.6666666666666667,0.0043859649122807015,0.6666666666666667,0.03232533889468196,1.0,0.42857142857142855,0.625,0,0,0,1,0,0,0,0,1,0,0,1,30341
0.037037037037037035,0.0,0.0,0.00521376433785193,0.0,0.0,0.125,0,1,0,0,1,0,0,0,0,0,0,0,4469
0.44444444444444436,0.0,0.0,0.0010427528675703858,0.5,0.42857142857142855,0.125,1,1,0,0,1,0,1,0,0,0,0,0,19000
0.574074074074074,0.0,0.6666666666666667,0.04066736183524505,1.0,0.42857142857142855,0.125,1,0,0,0,1,0,0,0,1,0,0,1,29013
0.07407407407407407,0.0,0.3333333333333333,0.02294056308654849,0.0,0.0,0.125,0,0,1,0,1,1,0,0,0,0,1,0,9444
0.46296296296296297,0.006578947368421052,0.0,0.006256517205422314,0.0,0.7857142857142857,1.0,0,1,0,0,0,0,0,0,0,0,0,1,16483
0.09259259259259262,0.0,0.6666666666666667,0.03441084462982273,1.0,0.0,0.25,0,0,1,0,1,0,1,0,0,0,0,0,14156
0.3333333333333333,0.0,0.0,0.0031282586027111575,0.0,0.35714285714285715,0.625,1,0,0,1,1,0,1,0,0,1,1,0,18495
0.037037037037037035,0.0,0.6666666666666667,0.03753910323253389,0.0,0.0,0.625,0,0,1,0,1,0,0,0,0,1,0,0,11450
0.3333333333333333,0.006578947368421052,0.0,0.0,0.0,0.7857142857142857,1.0,1,0,1,0,0,1,0,0,0,1,0,0,23090
0.09259259259259262,0.0,0.0,0.006256517205422314,0.0,0.0,0.125,0,0,0,1,1,1,0,0,0,1,0,0,11231
0.3888888888888889,0.0021929824561403508,0.0,0.0,0.5,0.42857142857142855,0.125,0,0,0,0,1,0,0,1,0,1,1,0,19920
0.20370370370370366,0.0043859649122807015,0.0,0.0020855057351407717,0.0,0.35714285714285715,0.5,0,0,1,0,0,0,0,1,1,0,0,1,13763
0.7222222222222223,0.0043859649122807015,0.3333333333333333,0.01564129301355579,0.5,0.42857142857142855,0.125,1,0,0,0,0,0,1,0,1,0,0,1,22505
0.055555555555555525,0.0021929824561403508,0.0,0.0031282586027111575,0.0,0.0,0.625,0,1,0,0,1,0,0,0,0,1,0,0,10589
0.07407407407407407,0.0021929824561403508,0.6666666666666667,0.030239833159541193,0.0,0.0,0.25,0,0,1,0,1,1,0,0,0,0,1,0,10011
0.48148148148148145,0.0,0.0,0.0010427528675703858,0.0,0.42857142857142855,0.25,1,0,1,0,1,1,0,0,1,0,1,0,15196
0.07407407407407407,0.0043859649122807015,0.3333333333333333,0.019812304483837334,0.0,0.0,0.125,1,0,1,0,1,0,0,0,0,1,1,0,7847
0.22222222222222227,0.008771929824561403,0.0,0.006256517205422314,0.0,0.42857142857142855,0.25,1,1,0,0,0,0,0,0,0,1,1,0,13915
0.962962962962963,0.0021929824561403508,0.0,0.0010427528675703858,0.0,0.5714285714285714,0.25,1,0,0,1,0,0,0,0,0,1,0,1,21880
0.4259259259259259,0.0,0.3333333333333333,0.01564129301355579,0.0,0.42857142857142855,0.625,0,1,0,0,1,0,1,0,1,0,1,0,15513
0.09259259259259262,0.0021929824561403508,0.0,0.004171011470281543,0.5,0.0,0.125,0,1,0,0,1,0,0,0,0,0,1,0,8673
0.4259259259259259,0.0043859649122807015,0.3333333333333333,0.021897810218978103,0.5,0.5714285714285714,0.25,1,0,1,0,0,0,0,0,0,1,0,1,23912
0.24074074074074076,0.006578947368421052,1.0,0.07924921793534932,1.0,0.8571428571428571,0.125,0,1,0,0,0,0,0,0,0,0,1,0,24129
0.3148148148148148,0.0,0.0,0.008342022940563087,0.0,0.0,0.5,0,0,1,0,1,0,0,0,1,0,1,0,11113
0.6666666666666667,0.008771929824561403,0.6666666666666667,0.03441084462982273,0.5,0.35714285714285715,0.25,0,0,1,0,0,0,0,0,0,0,0,1,21210
0.3333333333333333,0.006578947368421052,1.0,0.0959332638164755,1.0,0.0,0.25,0,0,0,1,0,0,1,0,0,0,1,0,23357
0.037037037037037035,0.0,0.0,0.004171011470281543,0.0,0.35714285714285715,0.625,1,0,0,1,1,0,0,0,1,0,0,0,11073
0.3333333333333333,0.0,0.6666666666666667,0.027111574556830033,1.0,0.42857142857142855,0.125,1,0,0,1,1,0,0,0,1,0,1,0,23627
0.09259259259259262,0.0021929824561403508,0.6666666666666667,0.03753910323253389,0.0,0.0,0.25,1,0,1,0,1,0,0,0,0,0,1,0,5355
0.0,0.0,0.6666666666666667,0.030239833159541193,0.0,0.0,0.125,0,0,0,0,1,1,0,0,0,0,0,0,9019
0.037037037037037035,0.0021929824561403508,0.0,0.004171011470281543,0.0,0.0,0.0,0,0,0,1,1,0,0,0,0,0,1,0,4503
0.5555555555555556,0.0021929824561403508,0.3333333333333333,0.014598540145985403,1.0,0.0,1.0,1,0,0,0,1,0,0,0,0,1,0,1,33444
0.055555555555555525,0.0,0.0,0.0010427528675703858,0.0,0.5714285714285714,0.25,1,0,0,1,1,0,0,0,1,0,1,0,12674
0.018518518518518545,0.0021929824561403508,1.0,0.045881126173096975,0.5,0.0,0.5,1,0,0,1,1,0,0,0,0,1,0,0,14073
0.055555555555555525,0.0,0.0,0.0031282586027111575,0.0,0.0,1.0,0,0,1,0,1,0,0,0,0,0,0,0,8445
0.44444444444444436,0.0,0.3333333333333333,0.023983315954118876,0.5,0.0,0.0,0,1,0,0,1,0,1,0,0,0,0,0,15911
0.3518518518518518,0.0043859649122807015,0.0,0.00521376433785193,0.0,0.5714285714285714,0.25,0,0,1,0,0,0,1,0,0,0,0,0,15800
0.1296296296296296,0.006578947368421052,0.3333333333333333,0.01772679874869656,0.0,0.0,0.25,1,1,0,0,0,0,0,0,0,0,1,0,5019
0.537037037037037,0.0,0.0,0.008342022940563087,0.5,0.0,0.125,1,0,0,1,1,0,0,0,0,0,1,0,17027
0.018518518518518545,0.006578947368421052,1.0,0.0521376433785193,1.0,0.0,0.25,0,0,0,0,0,0,0,0,0,0,1,0,12171
0.3518518518518518,0.0,0.3333333333333333,0.01564129301355579,0.5,0.35714285714285715,0.625,0,0,1,0,1,0,1,0,1,0,1,0,22878
0.574074074074074,0.0043859649122807015,0.6666666666666667,0.03753910323253389,1.0,0.42857142857142855,0.125,1,0,1,0,0,0,1,0,0,1,0,1,33371
0.1296296296296296,0.0,0.6666666666666667,0.03336809176225235,0.5,0.0,0.0,0,0,0,1,1,0,0,0,0,0,1,0,7431
0.037037037037037035,0.0,0.3333333333333333,0.013555787278415015,0.0,0.0,1.0,1,0,0,1,1,0,0,0,0,0,0,0,9468
0.7037037037037037,0.006578947368421052,0.0,0.0010427528675703858,0.5,0.42857142857142855,0.25,1,0,0,1,0,0,0,0,0,0,0,1,20342
0.3888888888888889,0.0,0.6666666666666667,0.03962460896767466,0.0,0.5714285714285714,0.125,0,1,0,0,1,0,1,0,1,0,0,1,17253
0.48148148148148145,0.006578947368421052,1.0,0.04483837330552659,1.0,0.42857142857142855,0.125,0,0,0,0,0,0,0,0,0,1,1,0,26741
0.1111111111111111,0.0,0.0,0.0020855057351407717,0.0,0.0,0.125,1,0,1,0,1,0,0,0,0,0,1,0,4533
0.6296296296296295,0.008771929824561403,0.3333333333333333,0.02502606882168926,1.0,0.35714285714285715,1.0,0,0,0,0,0,1,0,0,0,0,0,1,35503
0.48148148148148145,0.0,0.6666666666666667,0.03336809176225235,0.5,0.0,0.25,1,0,1,0,1,0,0,0,0,1,0,1,17817
0.6111111111111112,0.0043859649122807015,0.3333333333333333,0.01564129301355579,1.0,1.0,0.125,1,0,0,0,0,0,1,0,1,0,0,1,33776
0.537037037037037,0.010964912280701754,0.6666666666666667,0.03858185610010428,1.0,0.5714285714285714,0.5,1,0,1,0,0,1,0,0,0,1,0,1,40718
0.14814814814814814,0.0043859649122807015,0.3333333333333333,0.010427528675703858,0.5,0.0,0.625,0,0,1,0,0,0,1,0,0,0,1,0,19404
0.537037037037037,0.006578947368421052,0.0,0.0010427528675703858,0.5,1.0,0.25,0,0,1,0,0,1,0,0,0,0,0,1,27347
0.22222222222222227,0.0,0.3333333333333333,0.02085505735140772,0.5,0.42857142857142855,0.125,0,0,1,0,1,0,1,0,1,0,0,1,19013
0.14814814814814814,0.006578947368421052,0.0,0.0020855057351407717,0.0,0.42857142857142855,0.0,1,0,1,0,0,0,0,1,1,0,1,0,11840
0.7037037037037037,0.0043859649122807015,0.3333333333333333,0.01772679874869656,1.0,0.42857142857142855,0.625,0,0,1,0,0,0,1,0,0,0,0,1,31397
0.09259259259259262,0.0021929824561403508,0.0,0.008342022940563087,0.0,0.35714285714285715,0.25,1,0,1,0,1,0,0,1,0,0,1,0,9182
0.5925925925925926,0.008771929824561403,0.3333333333333333,0.011470281543274244,1.0,0.42857142857142855,0.625,0,1,0,0,0,0,0,0,0,0,0,0,29128
0.037037037037037035,0.0043859649122807015,0.0,0.0010427528675703858,0.0,0.0,0.25,0,0,1,0,1,0,1,0,0,0,0,0,7371
0.3148148148148148,0.008771929824561403,0.3333333333333333,0.011470281543274244,1.0,0.8571428571428571,1.0,1,0,1,0,0,0,1,0,0,1,1,0,34551
0.7037037037037037,0.010964912280701754,0.3333333333333333,0.016684045881126174,0.5,0.42857142857142855,0.25,1,1,0,0,0,1,0,0,0,1,1,0,27642
0.16666666666666669,0.008771929824561403,1.0,0.10010427528675704,1.0,1.0,0.5,0,0,0,1,0,1,0,0,0,0,1,0,33177
0.055555555555555525,0.0,0.0,0.0,0.0,0.0,0.625,0,0,1,0,1,1,0,0,0,0,1,0,12158
0.1111111111111111,0.0043859649122807015,0.0,0.0020855057351407717,0.0,0.0,0.625,0,1,0,0,1,0,0,1,0,0,1,0,7377
0.1296296296296296,0.0021929824561403508,0.3333333333333333,0.013555787278415015,0.0,0.0,0.625,0,1,0,0,1,0,1,0,0,0,0,0,8560
0.5185185185185186,0.006578947368421052,0.6666666666666667,0.03858185610010428,0.5,0.42857142857142855,0.625,0,0,1,0,0,1,0,0,0,0,0,0,26324
0.7407407407407407,0.006578947368421052,0.0,0.004171011470281543,0.5,0.35714285714285715,0.0,0,0,1,0,0,1,0,0,0,0,0,1,22870
0.0,0.0,0.3333333333333333,0.016684045881126174,0.0,0.0,0.125,0,0,0,0,1,0,0,0,0,0,1,0,5515
0.055555555555555525,0.0,1.0,0.04066736183524505,0.5,0.0,0.0,0,0,1,0,1,0,1,0,0,0,0,0,10589
0.574074074074074,0.006578947368421052,1.0,0.07194994786235663,1.0,0.42857142857142855,0.25,0,0,0,1,0,1,0,0,1,0,1,0,32803
0.7037037037037037,0.006578947368421052,1.0,0.049009384775808136,1.0,0.42857142857142855,0.125,0,0,1,0,0,0,0,0,0,0,1,0,27204
0.3518518518518518,0.006578947368421052,0.6666666666666667,0.03441084462982273,0.5,0.7857142857142857,0.125,0,0,0,0,0,0,1,0,1,0,1,0,22370
0.018518518518518545,0.0021929824561403508,0.0,0.0031282586027111575,0.0,0.0,1.0,0,0,0,1,1,0,0,1,0,0,1,0,10389
0.07407407407407407,0.0,0.6666666666666667,0.03753910323253389,0.0,0.0,0.25,1,0,0,1,1,0,0,0,0,1,0,0,9465
0.2962962962962962,0.006578947368421052,0.3333333333333333,0.01251303441084463,0.5,0.42857142857142855,0.625,1,0,1,0,0,1,0,0,0,1,1,0,27006
0.49999999999999994,0.008771929824561403,1.0,0.09384775808133473,0.5,1.0,0.0,0,0,1,0,0,0,0,0,0,1,0,0,23093
0.09259259259259262,0.0,0.0,0.0031282586027111575,0.0,0.8571428571428571,0.625,1,0,1,0,1,0,0,0,1,0,0,1,13580
0.1296296296296296,0.0,0.0,0.008342022940563087,1.0,0.0,1.0,0,0,1,0,1,0,0,0,0,0,1,0,16756
0.7407407407407407,0.010964912280701754,1.0,0.054223149113660066,1.0,0.42857142857142855,0.625,0,0,1,0,0,0,1,0,0,0,0,1,31789
0.4074074074074074,0.0,0.6666666666666667,0.02606882168925965,0.5,0.0,0.625,1,0,1,0,1,0,0,0,0,1,0,1,20938
0.537037037037037,0.006578947368421052,0.0,0.0072992700729927005,0.5,0.42857142857142855,0.625,0,0,1,0,0,1,0,0,0,0,1,0,25948
0.07407407407407407,0.0043859649122807015,0.0,0.00521376433785193,0.5,0.0,0.625,0,0,1,0,1,0,0,0,0,0,1,0,11795
0.5185185185185186,0.006578947368421052,0.0,0.00521376433785193,0.5,0.42857142857142855,0.125,1,1,0,0,0,0,1,0,1,0,1,0,21647
0.574074074074074,0.0043859649122807015,0.3333333333333333,0.013555787278415015,1.0,0.42857142857142855,0.25,1,0,0,1,0,0,1,0,0,1,0,1,33522
1.0,0.0043859649122807015,0.3333333333333333,0.014598540145985403,1.0,0.42857142857142855,0.125,1,1,0,0,0,0,0,0,0,0,0,1,34000
0.055555555555555525,0.006578947368421052,0.0,0.0072992700729927005,1.0,0.0,0.625,0,1,0,0,0,0,0,0,0,0,1,0,13739
0.46296296296296297,0.008771929824561403,0.3333333333333333,0.023983315954118876,0.5,0.42857142857142855,0.625,0,0,0,1,0,0,0,0,1,0,0,0,20889
0.24074074074074076,0.006578947368421052,0.6666666666666667,0.03441084462982273,1.0,0.42857142857142855,1.0,0,0,1,0,0,0,0,1,1,0,0,0,27899
0.27777777777777773,0.006578947368421052,0.0,0.008342022940563087,0.0,0.35714285714285715,0.5,0,0,0,1,0,0,0,0,0,0,0,1,12508
0.5185185185185186,0.0021929824561403508,0.0,0.006256517205422314,0.5,0.42857142857142855,0.0,0,0,0,0,1,1,0,0,0,0,1,0,23494
0.6296296296296295,0.006578947368421052,0.0,0.0,0.5,0.42857142857142855,0.25,1,1,0,0,0,0,0,0,0,1,0,1,23572
0.018518518518518545,0.0,0.3333333333333333,0.018769551616266946,0.0,0.0,0.125,1,0,1,0,1,0,1,0,1,0,0,0,7832
0.018518518518518545,0.0,0.6666666666666667,0.03128258602711158,0.0,0.0,1.0,1,1,0,0,1,0,0,0,0,0,0,1,10192
0.037037037037037035,0.0,1.0,0.09071949947862357,0.5,0.0,0.625,0,0,1,0,1,0,1,0,0,0,1,0,12310
0.44444444444444436,0.006578947368421052,0.6666666666666667,0.03441084462982273,0.5,0.5714285714285714,0.5,0,0,0,1,0,0,0,0,0,0,0,1,22154
0.46296296296296297,0.0,0.0,0.004171011470281543,1.0,0.42857142857142855,0.125,1,0,1,0,1,1,0,0,0,0,1,0,26945
0.20370370370370366,0.0,1.0,0.06047966631908238,1.0,0.42857142857142855,0.625,0,0,0,1,1,0,0,0,0,0,0,1,25088
0.0,0.0,0.3333333333333333,0.019812304483837334,0.5,0.0,0.125,1,0,1,0,1,0,0,0,0,0,0,0,9350
0.6111111111111112,0.006578947368421052,1.0,0.0886339937434828,1.0,0.42857142857142855,0.625,1,0,0,1,0,0,1,0,0,1,0,1,35194
0.3518518518518518,0.0,0.6666666666666667,0.029197080291970805,0.5,0.42857142857142855,0.625,1,0,0,0,1,0,1,0,1,0,0,1,21332
0.25925925925925924,0.006578947368421052,0.6666666666666667,0.03858185610010428,0.5,0.42857142857142855,0.125,1,0,1,0,0,0,0,0,0,1,1,0,18903
0.6481481481481481,0.0043859649122807015,0.0,0.0,0.5,0.35714285714285715,0.125,0,0,1,0,0,0,1,0,0,0,0,1,21356
0.24074074074074076,0.0,0.3333333333333333,0.016684045881126174,0.5,0.8571428571428571,0.625,0,0,0,1,1,0,0,1,1,0,1,0,21701
0.4259259259259259,0.006578947368421052,0.3333333333333333,0.013555787278415015,0.5,0.42857142857142855,0.625,1,0,0,1,0,0,0,0,0,1,1,0,22212
0.7407407407407407,0.0043859649122807015,0.6666666666666667,0.03962460896767466,1.0,0.42857142857142855,0.25,0,0,1,0,0,0,0,0,0,0,0,1,28375
0.6296296296296295,0.0043859649122807015,0.0,0.00521376433785193,0.5,0.42857142857142855,0.125,0,0,0,0,0,0,0,0,0,0,0,1,19955
0.0,0.0,0.6666666666666667,0.03441084462982273,0.0,1.0,0.625,0,0,0,0,1,0,0,0,0,0,0,0,12843
0.49999999999999994,0.006578947368421052,0.6666666666666667,0.03545359749739312,0.5,0.42857142857142855,0.25,0,0,1,0,0,0,0,0,1,0,0,1,18193
0.14814814814814814,0.0021929824561403508,0.0,0.008342022940563087,0.0,0.42857142857142855,0.25,0,0,0,1,1,0,0,1,0,0,0,0,10909
0.24074074074074076,0.010964912280701754,1.0,0.09801876955161627,1.0,0.42857142857142855,0.625,0,1,0,0,0,1,0,0,0,0,0,1,29759
0.20370370370370366,0.008771929824561403,0.0,0.008342022940563087,0.0,0.0,0.625,0,1,0,0,0,0,1,0,0,0,1,0,11701
0.07407407407407407,0.0021929824561403508,0.0,0.004171011470281543,0.0,0.0,0.0,0,1,0,0,1,0,0,0,0,0,1,0,3785
0.7962962962962963,0.0021929824561403508,0.0,0.0020855057351407717,0.0,0.42857142857142855,0.125,0,0,1,0,0,0,0,0,0,0,1,0,13548
0.7037037037037037,0.0043859649122807015,0.3333333333333333,0.023983315954118876,1.0,0.35714285714285715,1.0,0,0,0,1,0,0,1,0,0,0,1,0,33121
0.037037037037037035,0.0021929824561403508,0.6666666666666667,0.03441084462982273,0.0,0.0,1.0,1,0,0,1,1,0,0,0,0,1,0,0,11597
0.7407407407407407,0.0043859649122807015,0.3333333333333333,0.011470281543274244,1.0,1.0,0.625,0,1,0,0,0,0,1,0,1,0,0,1,36925
0.1296296296296296,0.0,1.0,0.04692387904066737,0.5,0.0,0.625,0,0,0,1,1,0,0,0,0,0,1,0,11729
0.27777777777777773,0.008771929824561403,1.0,0.06256517205422316,1.0,0.42857142857142855,0.625,0,0,1,0,0,0,0,0,0,0,0,1,25677
0.5925925925925926,0.010964912280701754,0.3333333333333333,0.01772679874869656,1.0,0.42857142857142855,1.0,0,1,0,0,0,0,0,0,0,0,0,1,32394
0.27777777777777773,0.006578947368421052,0.0,0.0072992700729927005,0.0,0.42857142857142855,0.0,0,0,1,0,0,0,0,0,0,0,1,0,9541
0.18518518518518517,0.006578947368421052,0.0,0.00521376433785193,0.0,0.35714285714285715,0.25,0,1,0,0,0,0,0,0,0,1,1,0,13615
0.037037037037037035,0.0,0.0,0.0020855057351407717,0.5,0.0,0.625,1,1,0,0,1,0,1,0,0,0,1,0,12438
0.1111111111111111,0.0021929824561403508,0.0,0.004171011470281543,0.0,0.0,0.125,0,0,0,0,1,0,0,0,0,0,1,0,6029
0.1111111111111111,0.0021929824561403508,0.6666666666666667,0.03649635036496351,0.5,0.0,0.125,0,1,0,0,1,0,0,1,0,0,0,1,8634
0.44444444444444436,0.008771929824561403,0.0,0.00521376433785193,0.0,0.42857142857142855,0.25,0,0,1,0,0,0,0,0,0,1,1,0,13685
0.7962962962962963,0.0043859649122807015,1.0,0.0521376433785193,1.0,0.42857142857142855,0.25,1,0,1,0,0,0,1,0,0,1,0,1,39748
0.2962962962962962,0.006578947368421052,0.6666666666666667,0.03441084462982273,0.5,0.42857142857142855,1.0,1,0,0,1,0,0,0,0,0,1,1,0,24845
0.3148148148148148,0.006578947368421052,1.0,0.0521376433785193,1.0,0.35714285714285715,0.5,0,0,0,1,0,0,1,0,1,0,1,0,28134
0.44444444444444436,0.0,0.3333333333333333,0.011470281543274244,0.5,0.0,0.125,0,0,0,0,1,0,0,0,0,0,0,1,14926
0.22222222222222227,0.008771929824561403,0.0,0.004171011470281543,0.0,0.0,0.0,1,0,1,0,0,1,0,0,0,1,1,0,14376
0.25925925925925924,0.006578947368421052,0.3333333333333333,0.023983315954118876,0.5,0.42857142857142855,0.625,1,0,1,0,0,0,0,0,0,1,1,0,22875
0.16666666666666669,0.006578947368421052,0.6666666666666667,0.03128258602711158,0.5,1.0,0.25,0,1,0,0,0,0,0,0,1,0,0,0,21485
0.037037037037037035,0.0,0.0,0.006256517205422314,0.0,0.0,0.0,0,0,0,0,1,0,0,1,0,0,1,0,4897
0.18518518518518517,0.0,0.3333333333333333,0.02502606882168926,0.5,0.0,0.5,1,0,1,0,1,0,0,0,0,1,1,0,20347
0.7222222222222223,0.0,0.0,0.0010427528675703858,0.5,0.42857142857142855,0.25,1,0,1,0,1,0,1,0,1,0,1,0,24237
0.055555555555555525,0.0,0.0,0.0020855057351407717,0.0,0.0,0.25,0,0,0,1,1,0,0,0,0,0,1,0,5293
0.055555555555555525,0.0,0.0,0.0010427528675703858,0.0,0.0,0.125,0,1,0,0,1,0,0,0,0,0,0,1,4307
0.0,0.006578947368421052,0.6666666666666667,0.03336809176225235,0.0,0.35714285714285715,0.625,0,0,1,0,0,0,0,0,0,0,0,0,9481
0.7037037037037037,0.010964912280701754,0.0,0.004171011470281543,0.5,0.0,1.0,0,0,1,0,0,1,0,0,0,1,1,0,29649
0.25925925925925924,0.0043859649122807015,0.3333333333333333,0.01564129301355579,0.5,0.0,0.125,1,0,1,0,0,0,0,1,0,0,0,1,15607
0.6666666666666667,0.008771929824561403,1.0,0.06777893639207508,0.5,0.7857142857142857,0.125,1,0,1,0,0,0,1,0,0,1,0,1,27093
0.3333333333333333,0.010964912280701754,0.0,0.0,0.0,0.7857142857142857,0.125,1,1,0,0,0,0,1,0,0,1,1,0,16301
0.49999999999999994,0.006578947368421052,0.0,0.0072992700729927005,0.0,0.42857142857142855,0.125,1,0,1,0,0,0,1,0,0,1,1,0,14916
0.018518518518518545,0.0043859649122807015,0.3333333333333333,0.01772679874869656,0.0,1.0,0.625,0,0,0,1,0,0,1,0,0,1,0,0,18054
0.6481481481481481,0.008771929824561403,0.0,0.004171011470281543,0.0,0.0,0.625,0,0,1,0,0,1,0,0,0,0,0,0,15766
0.1296296296296296,0.0021929824561403508,0.0,0.0,0.0,0.0,0.625,0,1,0,0,1,0,0,0,0,0,1,0,7570
0.6111111111111112,0.008771929824561403,0.6666666666666667,0.029197080291970805,1.0,0.42857142857142855,1.0,1,1,0,0,0,0,0,0,0,0,0,1,31976
0.27777777777777773,0.0,0.3333333333333333,0.013555787278415015,0.5,0.42857142857142855,0.25,1,0,1,0,1,0,0,0,0,1,1,0,20024
0.055555555555555525,0.0021929824561403508,0.6666666666666667,0.02606882168925965,0.0,0.35714285714285715,1.0,1,0,0,1,1,0,0,0,0,1,0,0,14085
0.4259259259259259,0.0043859649122807015,0.0,0.0,0.0,1.0,1.0,1,1,0,0,0,1,0,0,0,1,1,0,26303
0.22222222222222227,0.008771929824561403,0.6666666666666667,0.03336809176225235,0.5,0.42857142857142855,0.25,0,0,0,1,0,0,0,0,0,0,0,1,17649
0.24074074074074076,0.0,0.0,0.0,0.0,0.42857142857142855,0.25,0,0,1,0,1,0,0,0,0,0,0,1,10747
0.1111111111111111,0.0,0.0,0.0020855057351407717,0.0,0.0,0.25,0,0,0,0,1,0,0,0,0,1,1,0,8824
0.6296296296296295,0.006578947368421052,0.6666666666666667,0.027111574556830033,1.0,0.42857142857142855,0.125,0,1,0,0,0,1,0,0,1,0,0,0,33326
0.018518518518518545,0.0,0.6666666666666667,0.03441084462982273,0.0,0.0,0.25,1,0,0,0,1,0,0,1,0,0,0,0,5848
0.07407407407407407,0.0,1.0,0.09071949947862357,1.0,0.0,0.625,1,0,0,1,1,0,0,0,0,1,0,0,17008
0.4074074074074074,0.006578947368421052,0.3333333333333333,0.01564129301355579,0.5,0.42857142857142855,0.125,1,0,0,1,0,0,0,0,0,0,1,0,15693
0.037037037037037035,0.0021929824561403508,0.0,0.008342022940563087,0.0,0.0,0.625,1,0,0,1,1,0,0,0,0,0,0,1,6656
0.7407407407407407,0.006578947368421052,0.0,0.0031282586027111575,0.0,0.7857142857142857,0.625,1,0,0,0,0,0,1,0,0,1,1,0,21955
0.5185185185185186,0.008771929824561403,0.6666666666666667,0.03962460896767466,1.0,0.35714285714285715,0.625,0,1,0,0,0,1,0,0,0,0,0,1,34324
0.5185185185185186,0.006578947368421052,0.0,0.00521376433785193,0.5,0.42857142857142855,1.0,0,0,1,0,0,0,1,0,0,0,1,0,26429
0.6296296296296295,0.006578947368421052,0.0,0.008342022940563087,0.0,0.0,0.5,0,0,1,0,0,0,0,0,0,0,1,0,10839
0.22222222222222227,0.0,1.0,0.07299270072992702,1.0,0.42857142857142855,0.25,1,0,0,1,1,0,0,0,0,1,0,1,26445
0.8148148148148149,0.0021929824561403508,0.0,0.008342022940563087,0.5,0.42857142857142855,0.125,0,0,0,0,0,0,0,0,1,0,0,1,25474
0.6296296296296295,0.0,0.3333333333333333,0.011470281543274244,1.0,0.35714285714285715,0.0,0,0,1,0,1,0,0,0,0,0,1,0,26364
0.5185185185185186,0.008771929824561403,1.0,0.10114702815432743,1.0,0.0,0.25,0,0,1,0,0,0,0,1,0,0,0,0,26184
0.7407407407407407,0.0043859649122807015,0.3333333333333333,0.01251303441084463,1.0,1.0,0.125,1,1,0,0,0,0,1,0,1,0,1,0,33671
0.055555555555555525,0.0021929824561403508,0.3333333333333333,0.01564129301355579,0.0,0.0,0.625,1,0,0,1,1,0,0,0,0,1,1,0,11028
0.48148148148148145,0.0043859649122807015,0.3333333333333333,0.02085505735140772,0.5,0.35714285714285715,0.125,1,0,1,0,1,0,0,0,0,1,1,0,19398
0.6111111111111112,0.006578947368421052,0.0,0.0010427528675703858,0.5,0.42857142857142855,0.25,0,0,1,0,0,1,0,0,0,0,0,1,24853
0.4259259259259259,0.006578947368421052,0.3333333333333333,0.011470281543274244,1.0,0.42857142857142855,0.0,1,0,1,0,0,1,0,0,0,0,1,0,27418
0.09259259259259262,0.0021929824561403508,0.3333333333333333,0.021897810218978103,0.0,0.0,0.125,1,0,1,0,1,0,0,0,0,0,1,0,4296
0.22222222222222227,0.008771929824561403,0.3333333333333333,0.01772679874869656,0.5,0.35714285714285715,1.0,0,0,1,0,0,0,0,0,0,0,0,0,21316
0.9444444444444444,0.0,0.6666666666666667,0.03753910323253389,1.0,0.42857142857142855,0.25,0,0,1,0,1,0,0,0,0,0,0,1,33824
0.037037037037037035,0.0,0.3333333333333333,0.021897810218978103,0.5,0.0,1.0,0,0,0,0,1,0,1,0,0,0,0,1,15406
0.7592592592592593,0.006578947368421052,1.0,0.08029197080291971,1.0,0.42857142857142855,0.25,1,0,0,1,0,0,1,0,0,0,1,0,30328
0.2962962962962962,0.0,0.6666666666666667,0.03649635036496351,0.5,0.0,0.25,0,1,0,0,1,0,0,0,0,1,0,1,18498
0.9074074074074074,0.0021929824561403508,0.6666666666666667,0.03962460896767466,0.5,0.5714285714285714,0.625,0,0,1,0,0,0,0,0,0,0,0,1,30364
0.3703703703703704,0.0,0.6666666666666667,0.03649635036496351,0.5,0.42857142857142855,0.625,0,1,0,0,1,0,0,1,0,0,0,1,19776
0.7777777777777779,0.008771929824561403,0.3333333333333333,0.011470281543274244,1.0,0.42857142857142855,0.5,0,0,0,1,0,0,1,0,0,0,0,1,31119
0.7407407407407407,0.006578947368421052,0.0,0.0020855057351407717,0.5,0.42857142857142855,0.625,1,0,1,0,0,0,1,0,0,0,0,1,24922
0.5185185185185186,0.0043859649122807015,0.3333333333333333,0.010427528675703858,1.0,0.42857142857142855,0.625,0,0,1,0,0,1,0,0,0,0,0,1,34032
0.4259259259259259,0.006578947368421052,0.0,0.006256517205422314,0.0,0.5714285714285714,0.5,0,0,0,1,0,0,0,0,0,0,1,0,17010
0.3518518518518518,0.006578947368421052,0.3333333333333333,0.014598540145985403,0.5,0.42857142857142855,0.25,0,0,1,0,0,1,0,0,0,0,0,1,21114
0.44444444444444436,0.006578947368421052,0.3333333333333333,0.023983315954118876,0.5,0.42857142857142855,0.125,0,0,0,1,0,0,0,0,1,0,0,0,18101
0.6851851851851851,0.006578947368421052,0.0,0.0072992700729927005,1.0,0.0,0.625,0,0,1,0,0,0,0,0,1,0,1,0,28166
0.574074074074074,0.006578947368421052,0.0,0.008342022940563087,0.0,0.0,0.125,0,0,0,1,0,0,1,0,0,1,0,1,14010
0.44444444444444436,0.0,0.0,0.004171011470281543,0.0,0.42857142857142855,0.625,0,0,1,0,1,0,0,0,0,0,1,0,13154
0.3148148148148148,0.006578947368421052,0.0,0.006256517205422314,0.0,0.8571428571428571,0.25,0,0,0,1,0,0,1,0,0,1,1,0,18691
0.6481481481481481,0.006578947368421052,0.0,0.008342022940563087,0.0,0.5714285714285714,0.5,0,0,0,1,0,0,0,0,0,0,0,0,18535
0.037037037037037035,0.0043859649122807015,0.0,0.0031282586027111575,0.0,0.0,0.125,0,0,1,0,1,0,0,0,0,0,0,0,5882
0.44444444444444436,0.0043859649122807015,0.3333333333333333,0.011470281543274244,0.5,0.0,0.625,0,0,0,1,0,0,0,0,0,1,1,0,19226
0.7037037037037037,0.006578947368421052,0.6666666666666667,0.029197080291970805,1.0,0.42857142857142855,0.625,1,0,1,0,0,0,1,0,0,1,0,1,34344
0.5185185185185186,0.0043859649122807015,0.6666666666666667,0.027111574556830033,0.5,0.42857142857142855,0.625,1,0,0,1,0,1,0,0,0,0,0,1,25452
0.055555555555555525,0.0,0.6666666666666667,0.03753910323253389,0.0,0.0,0.125,0,0,1,0,1,0,0,0,0,0,0,0,5246
0.6666666666666667,0.006578947368421052,0.0,0.006256517205422314,0.5,0.7857142857142857,0.5,0,0,1,0,0,1,0,0,0,0,1,0,26843
0.25925925925925924,0.006578947368421052,1.0,0.051094890510948905,0.5,0.42857142857142855,0.25,0,1,0,0,0,0,1,0,0,0,1,0,19918
0.0,0.0,0.6666666666666667,0.04066736183524505,0.0,0.0,0.25,1,0,1,0,1,0,0,1,1,0,0,1,6432
0.8333333333333333,0.0021929824561403508,0.0,0.0010427528675703858,0.5,0.35714285714285715,0.25,0,1,0,0,0,0,0,1,0,0,0,1,25320
0.7407407407407407,0.006578947368421052,0.0,0.0020855057351407717,0.5,0.8571428571428571,0.25,0,0,0,1,0,0,0,0,0,1,0,0,25911
0.09259259259259262,0.0021929824561403508,0.3333333333333333,0.018769551616266946,0.0,0.0,0.25,1,0,1,0,1,0,0,0,0,0,0,0,6803
0.49999999999999994,0.0,0.0,0.0072992700729927005,0.5,1.0,0.25,1,0,0,1,1,0,0,1,0,1,0,1,25124
0.018518518518518545,0.0,0.0,0.00521376433785193,0.0,0.0,0.0,0,0,1,0,1,0,0,1,0,0,0,0,5585
0.0,0.0021929824561403508,0.3333333333333333,0.016684045881126174,0.0,0.0,0.125,0,0,1,0,1,0,0,0,0,1,0,0,7528
0.3333333333333333,0.006578947368421052,0.0,0.004171011470281543,0.0,0.0,0.5,1,0,0,0,0,0,0,0,0,0,1,0,9501
0.16666666666666669,0.0021929824561403508,0.0,0.0020855057351407717,0.0,0.0,0.625,0,0,0,0,1,0,0,0,0,0,1,0,9714
0.44444444444444436,0.006578947368421052,0.3333333333333333,0.009384775808133473,0.5,0.42857142857142855,0.625,1,0,0,1,0,0,1,0,0,1,1,0,23354
0.3518518518518518,0.006578947368421052,0.3333333333333333,0.01251303441084463,0.0,0.35714285714285715,0.125,1,0,1,0,0,1,0,0,0,1,1,0,17701
0.4074074074074074,0.008771929824561403,0.6666666666666667,0.030239833159541193,1.0,0.7857142857142857,0.25,0,1,0,0,0,0,1,0,0,0,0,1,28046
0.018518518518518545,0.0,0.3333333333333333,0.019812304483837334,0.0,0.0,0.625,0,0,0,0,1,0,0,1,0,0,0,0,8464
0.7037037037037037,0.0043859649122807015,0.3333333333333333,0.009384775808133473,0.0,0.35714285714285715,0.625,0,0,0,1,0,0,0,0,0,0,0,1,13463
0.6666666666666667,0.008771929824561403,1.0,0.054223149113660066,1.0,0.42857142857142855,0.25,0,0,1,0,0,0,0,0,0,0,1,0,28700
0.07407407407407407,0.0043859649122807015,0.6666666666666667,0.03128258602711158,0.0,0.0,0.25,0,0,1,0,0,0,0,0,0,0,1,0,6699
0.09259259259259262,0.0,0.3333333333333333,0.016684045881126174,0.0,0.0,0.25,0,0,0,0,1,0,0,0,0,0,0,0,5565
0.49999999999999994,0.0,0.6666666666666667,0.030239833159541193,1.0,0.42857142857142855,0.25,0,0,0,0,1,0,0,0,0,1,0,1,26710
0.24074074074074076,0.006578947368421052,0.3333333333333333,0.010427528675703858,0.5,0.42857142857142855,1.0,0,0,1,0,0,0,0,0,0,1,1,0,23761
0.7037037037037037,0.006578947368421052,0.3333333333333333,0.02502606882168926,0.5,0.42857142857142855,0.625,0,0,0,0,0,0,0,0,0,0,0,1,22319
0.574074074074074,0.0043859649122807015,0.6666666666666667,0.03128258602711158,1.0,0.0,1.0,0,1,0,0,0,0,0,0,1,0,0,0,30309
0.14814814814814814,0.0043859649122807015,0.6666666666666667,0.027111574556830033,0.5,0.42857142857142855,0.125,0,0,1,0,0,0,0,0,0,0,1,0,17560
0.1296296296296296,0.0,0.3333333333333333,0.01772679874869656,0.0,0.5714285714285714,0.625,0,0,1,0,1,0,0,0,0,0,0,0,13359
0.4259259259259259,0.008771929824561403,0.0,0.0020855057351407717,0.0,1.0,0.25,1,1,0,0,0,1,0,0,0,1,0,0,22042
0.0,0.0,0.6666666666666667,0.03649635036496351,0.0,0.0,0.5,1,0,1,0,1,0,0,1,0,0,0,0,7127
0.7777777777777779,0.006578947368421052,0.3333333333333333,0.014598540145985403,1.0,0.0,0.25,1,0,1,0,0,0,0,1,0,0,0,1,27508
0.037037037037037035,0.006578947368421052,0.6666666666666667,0.03858185610010428,0.0,0.0,0.25,0,0,0,1,0,0,0,0,0,0,0,1,5867
0.3703703703703704,0.010964912280701754,0.6666666666666667,0.027111574556830033,0.5,0.42857142857142855,0.25,1,0,0,1,0,1,0,0,0,1,0,1,24678
0.3518518518518518,0.006578947368421052,0.0,0.0010427528675703858,0.5,0.42857142857142855,0.25,0,0,0,1,0,0,0,1,0,0,1,0,18299
0.018518518518518545,0.0,1.0,0.05005213764337852,0.5,0.0,0.25,0,1,0,0,1,0,0,1,0,0,0,0,9904
0.055555555555555525,0.0043859649122807015,0.0,0.0,0.0,0.0,0.125,0,1,0,0,1,0,0,0,0,0,0,1,4635
0.09259259259259262,0.0,0.0,0.0031282586027111575,0.5,0.0,0.25,0,0,0,1,1,0,0,1,0,0,0,1,9385
0.6666666666666667,0.008771929824561403,0.6666666666666667,0.04066736183524505,1.0,0.35714285714285715,0.625,0,0,1,0,0,0,1,0,0,0,0,1,32359
0.2962962962962962,0.0043859649122807015,0.0,0.004171011470281543,0.5,0.42857142857142855,0.625,0,0,0,1,0,0,0,0,0,0,1,0,18250
0.3703703703703704,0.006578947368421052,0.3333333333333333,0.01564129301355579,0.5,0.0,0.25,1,1,0,0,0,1,0,0,1,0,0,0,20092
0.6666666666666667,0.008771929824561403,0.6666666666666667,0.030239833159541193,1.0,0.42857142857142855,0.25,0,0,0,1,0,1,0,0,0,0,1,0,31859
0.5555555555555556,0.0043859649122807015,1.0,0.09489051094890512,1.0,0.35714285714285715,0.625,0,0,1,0,0,1,0,0,0,0,1,0,34560
0.1296296296296296,0.0,0.0,0.0,0.5,0.0,1.0,1,0,0,1,1,0,1,0,0,0,0,1,15279
0.18518518518518517,0.0043859649122807015,0.3333333333333333,0.011470281543274244,0.5,0.42857142857142855,0.5,1,0,1,0,0,1,0,0,0,1,1,0,25040
0.1111111111111111,0.0,1.0,0.051094890510948905,0.5,0.0,1.0,0,0,1,0,1,0,0,1,0,0,1,0,13894
0.6666666666666667,0.008771929824561403,0.3333333333333333,0.02502606882168926,1.0,0.42857142857142855,0.25,0,1,0,0,0,0,0,0,0,0,1,0,28760
0.7777777777777779,0.008771929824561403,0.6666666666666667,0.03441084462982273,1.0,0.42857142857142855,0.625,1,0,0,0,0,0,0,1,0,0,0,1,31135
0.48148148148148145,0.006578947368421052,0.0,0.006256517205422314,0.5,0.42857142857142855,0.125,1,0,0,0,0,0,1,0,0,0,0,1,18975
0.5185185185185186,0.008771929824561403,1.0,0.05526590198123045,1.0,0.42857142857142855,0.5,1,0,1,0,0,0,1,0,0,1,1,0,35224
0.5555555555555556,0.008771929824561403,0.6666666666666667,0.04066736183524505,1.0,0.42857142857142855,1.0,1,0,1,0,0,0,0,0,0,0,0,0,31897
0.1111111111111111,0.0043859649122807015,0.0,0.0031282586027111575,0.0,0.0,0.25,0,1,0,0,1,0,0,0,0,1,1,0,8878
0.055555555555555525,0.0,0.0,0.0,1.0,0.8571428571428571,0.125,0,0,0,1,1,0,0,0,0,1,1,0,20101
0.09259259259259262,0.0,1.0,0.054223149113660066,0.5,0.0,0.625,1,0,0,1,1,0,0,0,0,0,1,0,11382
0.7592592592592593,0.006578947368421052,0.0,0.004171011470281543,0.5,0.42857142857142855,0.0,1,0,0,0,0,0,1,0,0,0,0,1,21164
0.0,0.0021929824561403508,0.0,0.008342022940563087,0.5,0.0,1.0,0,1,0,0,1,0,0,1,0,0,0,0,12794
0.037037037037037035,0.0,0.3333333333333333,0.011470281543274244,0.0,0.0,0.25,0,0,1,0,1,0,1,0,0,0,1,0,8658
0.49999999999999994,0.0021929824561403508,0.0,0.008342022940563087,0.0,0.0,0.5,0,1,0,0,1,0,0,0,0,0,0,0,10182
0.0,0.0021929824561403508,0.0,0.008342022940563087,0.0,0.0,0.25,0,0,0,1,1,0,0,1,0,0,0,0,6487
0.22222222222222227,0.0,0.0,0.00521376433785193,0.0,0.42857142857142855,0.5,0,0,0,1,1,1,0,0,1,0,0,0,17287
0.18518518518518517,0.0,0.6666666666666667,0.03441084462982273,1.0,0.5714285714285714,0.25,1,0,1,0,1,1,0,0,0,1,0,1,34672
0.537037037037037,0.010964912280701754,0.0,0.006256517205422314,0.0,0.35714285714285715,0.625,0,0,0,1,0,1,0,0,0,0,0,1,17620
0.4074074074074074,0.0021929824561403508,0.0,0.0031282586027111575,0.0,0.42857142857142855,0.125,0,1,0,0,1,0,1,0,0,0,1,0,12285
0.18518518518518517,0.0,0.0,0.0,0.0,1.0,0.25,1,1,0,0,1,0,0,0,0,1,0,1,18771
0.16666666666666669,0.008771929824561403,0.6666666666666667,0.03858185610010428,1.0,0.35714285714285715,0.25,0,1,0,0,0,1,0,0,0,1,0,0,31495
0.018518518518518545,0.0,0.6666666666666667,0.02502606882168926,0.0,0.0,0.625,1,0,1,0,1,0,0,0,0,0,0,0,6700
0.6111111111111112,0.0043859649122807015,0.6666666666666667,0.03649635036496351,1.0,0.0,0.0,0,0,0,1,0,0,0,0,1,0,0,1,25839
0.3518518518518518,0.008771929824561403,0.6666666666666667,0.027111574556830033,0.5,0.42857142857142855,0.25,1,0,0,1,0,1,0,0,1,0,1,0,22183
0.25925925925925924,0.006578947368421052,1.0,0.05005213764337852,0.5,0.42857142857142855,0.25,0,0,1,0,0,0,1,0,0,0,1,0,20081
0.037037037037037035,0.0,0.3333333333333333,0.01251303441084463,0.0,0.0,0.625,1,0,1,0,1,0,0,1,0,0,0,1,7931
0.0,0.0021929824561403508,0.0,0.004171011470281543,0.5,0.0,0.5,1,0,1,0,1,0,0,0,0,0,0,1,11066
0.1111111111111111,0.006578947368421052,0.0,0.008342022940563087,0.0,0.0,1.0,0,0,0,1,0,0,0,1,0,1,0,0,12570
0.3148148148148148,0.006578947368421052,0.0,0.0,0.0,0.42857142857142855,0.25,1,0,0,1,0,0,0,0,0,0,1,0,11501
0.1296296296296296,0.0,1.0,0.08133472367049009,0.5,0.0,0.125,1,1,0,0,1,0,0,0,0,0,0,0,9628
0.24074074074074076,0.006578947368421052,0.6666666666666667,0.02502606882168926,1.0,0.42857142857142855,0.25,0,0,1,0,0,1,0,0,0,0,0,0,27141
0.6296296296296295,0.006578947368421052,1.0,0.09801876955161627,1.0,0.8571428571428571,0.625,0,1,0,0,0,0,1,0,0,0,0,0,34604
0.22222222222222227,0.0043859649122807015,0.0,0.004171011470281543,0.0,0.42857142857142855,0.25,1,0,1,0,0,0,0,0,0,1,1,0,14461
0.055555555555555525,0.0,0.6666666666666667,0.03962460896767466,0.5,0.0,0.25,1,1,0,0,1,0,0,0,0,1,0,0,11449
0.6666666666666667,0.0043859649122807015,0.0,0.0031282586027111575,0.5,0.35714285714285715,0.125,1,0,1,0,0,0,0,0,1,0,0,1,20762
0.5925925925925926,0.006578947368421052,0.3333333333333333,0.016684045881126174,1.0,0.42857142857142855,0.625,0,0,1,0,0,0,0,0,0,0,1,0,30865
0.22222222222222227,0.006578947368421052,0.6666666666666667,0.03336809176225235,0.5,0.0,0.125,0,0,1,0,0,0,1,0,1,0,1,0,18165
0.037037037037037035,0.006578947368421052,1.0,0.09384775808133473,0.5,0.42857142857142855,0.125,1,0,0,0,0,0,0,0,0,1,1,0,12988
0.22222222222222227,0.006578947368421052,0.3333333333333333,0.009384775808133473,0.5,0.42857142857142855,0.25,1,0,0,1,0,0,0,0,1,0,1,0,19022
0.25925925925925924,0.0021929824561403508,0.3333333333333333,0.01564129301355579,0.5,0.35714285714285715,0.625,1,1,0,0,1,1,0,0,1,0,0,0,23119
0.537037037037037,0.0,0.3333333333333333,0.023983315954118876,1.0,0.5714285714285714,0.625,0,0,0,1,1,1,0,0,0,0,0,0,37893
0.1296296296296296,0.0,0.3333333333333333,0.011470281543274244,0.0,0.0,0.25,0,1,0,0,1,0,1,0,0,0,1,0,7118
0.3888888888888889,0.0,1.0,0.0886339937434828,0.5,0.0,0.5,1,0,1,0,1,1,0,0,0,1,0,1,23610
0.3703703703703704,0.0021929824561403508,0.6666666666666667,0.04066736183524505,0.5,0.42857142857142855,0.625,1,0,0,1,1,0,0,0,1,0,1,0,20857
0.16666666666666669,0.0043859649122807015,0.3333333333333333,0.018769551616266946,0.5,0.42857142857142855,0.25,1,0,0,1,0,0,0,0,0,1,1,0,20409
0.037037037037037035,0.0021929824561403508,0.0,0.006256517205422314,0.5,0.0,0.25,1,0,0,1,1,0,0,0,0,0,0,0,9382
0.7222222222222223,0.006578947368421052,0.3333333333333333,0.021897810218978103,1.0,0.35714285714285715,0.25,1,1,0,0,0,0,0,0,0,1,1,0,31011
0.037037037037037035,0.0,0.6666666666666667,0.03753910323253389,0.0,0.0,0.25,1,0,1,0,1,0,0,0,1,0,0,0,7416
0.7222222222222223,0.006578947368421052,0.3333333333333333,0.010427528675703858,1.0,0.35714285714285715,0.25,0,0,1,0,0,1,0,0,1,0,1,0,33913
0.14814814814814814,0.006578947368421052,0.6666666666666667,0.029197080291970805,1.0,0.42857142857142855,0.25,1,0,1,0,0,0,0,0,0,0,0,1,23472
0.48148148148148145,0.006578947368421052,1.0,0.0740354535974974,1.0,0.0,0.25,1,0,0,1,0,1,0,0,0,1,0,1,28429
0.6296296296296295,0.008771929824561403,0.3333333333333333,0.019812304483837334,1.0,0.35714285714285715,0.5,0,0,0,1,0,1,0,0,0,0,0,1,33649
0.1111111111111111,0.0,0.0,0.0,0.0,0.0,0.625,0,1,0,0,1,0,0,1,0,0,1,0,7407
0.018518518518518545,0.0021929824561403508,0.3333333333333333,0.02294056308654849,0.0,0.0,0.625,0,0,1,0,1,0,1,0,0,0,0,0,8699
0.6111111111111112,0.008771929824561403,0.6666666666666667,0.03649635036496351,0.5,0.42857142857142855,0.125,1,0,1,0,0,1,0,0,0,0,0,0,23212
0.5185185185185186,0.008771929824561403,0.0,0.0020855057351407717,0.5,0.42857142857142855,0.625,0,0,1,0,0,1,0,0,1,0,1,0,26620
0.07407407407407407,0.0,0.0,0.0010427528675703858,0.0,0.0,0.625,1,0,0,0,1,0,0,0,0,0,0,0,7843
0.7962962962962963,0.0,0.0,0.0020855057351407717,0.5,0.7857142857142857,1.0,0,0,0,1,1,1,0,0,0,0,0,1,32971
0.7777777777777779,0.0043859649122807015,0.3333333333333333,0.013555787278415015,1.0,0.35714285714285715,0.25,1,1,0,0,0,0,0,0,0,0,0,1,29035
0.24074074074074076,0.008771929824561403,0.3333333333333333,0.02085505735140772,0.5,0.35714285714285715,0.0,0,0,0,0,0,0,1,0,0,1,0,0,21725
0.3703703703703704,0.0043859649122807015,0.0,0.00521376433785193,0.0,0.8571428571428571,0.25,0,0,1,0,0,0,0,1,0,1,1,0,15549
0.2962962962962962,0.0,1.0,0.04171011470281544,1.0,0.42857142857142855,0.5,1,1,0,0,1,0,0,0,1,0,1,0,26735
0.5555555555555556,0.0043859649122807015,0.3333333333333333,0.02085505735140772,1.0,0.42857142857142855,0.25,1,0,1,0,0,0,0,0,0,1,0,1,31957
0.7407407407407407,0.010964912280701754,0.6666666666666667,0.029197080291970805,1.0,0.42857142857142855,0.625,0,0,1,0,0,1,0,0,0,0,0,1,34780
0.44444444444444436,0.0043859649122807015,0.3333333333333333,0.02294056308654849,0.5,0.0,0.625,0,0,1,0,1,0,0,0,1,0,1,0,18764
0.3703703703703704,0.006578947368421052,0.0,0.008342022940563087,0.0,0.42857142857142855,0.125,1,1,0,0,0,0,0,0,0,1,1,0,13253
0.7777777777777779,0.010964912280701754,0.3333333333333333,0.01772679874869656,1.0,0.42857142857142855,1.0,1,0,0,0,0,0,0,0,0,1,0,1,35816
0.037037037037037035,0.0021929824561403508,0.6666666666666667,0.03128258602711158,0.0,0.0,0.625,0,0,0,1,1,0,1,0,0,1,0,0,12191
0.22222222222222227,0.008771929824561403,0.3333333333333333,0.019812304483837334,1.0,0.42857142857142855,0.125,0,0,0,1,0,0,1,0,0,1,0,0,28599
0.3148148148148148,0.006578947368421052,0.3333333333333333,0.009384775808133473,0.5,0.35714285714285715,0.625,1,0,0,1,0,0,1,0,0,1,0,0,23265
0.16666666666666669,0.006578947368421052,0.6666666666666667,0.04066736183524505,1.0,0.35714285714285715,0.25,0,0,1,0,0,0,0,0,0,1,0,0,26315
0.46296296296296297,0.0043859649122807015,0.3333333333333333,0.014598540145985403,0.5,0.42857142857142855,0.25,1,0,0,1,0,1,0,0,0,1,1,0,24584
0.46296296296296297,0.0,0.3333333333333333,0.02502606882168926,0.5,0.42857142857142855,0.25,0,1,0,0,1,0,0,0,1,0,1,0,19204
0.5925925925925926,0.0,0.6666666666666667,0.027111574556830033,1.0,0.42857142857142855,0.625,0,1,0,0,1,1,0,0,1,0,0,1,36025
0.055555555555555525,0.0,0.0,0.0010427528675703858,0.0,0.0,0.625,1,1,0,0,1,0,0,0,0,0,0,0,6874
0.49999999999999994,0.006578947368421052,0.3333333333333333,0.02294056308654849,1.0,0.42857142857142855,0.125,1,1,0,0,0,0,0,0,0,1,1,0,26683
0.574074074074074,0.0021929824561403508,1.0,0.04171011470281544,0.5,0.42857142857142855,0.25,0,1,0,0,1,0,0,0,1,0,1,0,21992
0.5555555555555556,0.0,0.6666666666666667,0.030239833159541193,1.0,0.35714285714285715,0.125,1,0,1,0,1,0,0,0,0,0,0,0,28130
0.6296296296296295,0.006578947368421052,1.0,0.04171011470281544,0.5,0.42857142857142855,0.125,1,1,0,0,0,0,0,0,1,0,1,0,20674
0.49999999999999994,0.008771929824561403,1.0,0.06986444212721585,1.0,0.42857142857142855,0.125,0,0,0,1,0,1,0,0,1,0,0,0,28617
0.7777777777777779,0.0043859649122807015,1.0,0.1032325338894682,0.5,0.35714285714285715,1.0,0,0,0,0,0,0,0,0,0,0,0,1,24097
0.0,0.0021929824561403508,0.0,0.00521376433785193,0.0,0.0,0.25,0,0,1,0,1,0,0,1,0,0,0,0,7074
0.055555555555555525,0.0,0.3333333333333333,0.02085505735140772,0.5,0.0,0.625,1,0,0,1,1,0,0,1,0,1,1,0,13641
0.1111111111111111,0.0021929824561403508,0.3333333333333333,0.01772679874869656,0.0,0.0,0.25,1,0,1,0,1,0,0,1,0,1,0,0,9973
0.16666666666666669,0.006578947368421052,0.6666666666666667,0.03858185610010428,1.0,0.5714285714285714,0.125,0,0,0,1,0,0,0,0,0,0,0,0,26626
0.24074074074074076,0.0043859649122807015,0.6666666666666667,0.02502606882168926,0.5,0.8571428571428571,0.5,0,0,1,0,0,0,0,0,0,1,0,1,24026
0.1111111111111111,0.0,0.0,0.0031282586027111575,0.0,0.0,0.5,1,0,1,0,1,0,0,0,0,0,0,0,6871
0.22222222222222227,0.008771929824561403,0.6666666666666667,0.03962460896767466,0.5,0.35714285714285715,0.5,0,0,0,0,0,0,1,0,1,0,0,1,21789
0.055555555555555525,0.0,0.3333333333333333,0.01772679874869656,0.0,0.0,0.25,0,0,0,1,1,0,0,1,0,0,1,0,6522
0.7037037037037037,0.006578947368421052,0.0,0.0072992700729927005,0.5,0.42857142857142855,1.0,1,0,0,1,0,0,1,0,1,0,1,0,27912
0.018518518518518545,0.0,0.6666666666666667,0.03336809176225235,0.0,0.0,0.625,1,0,1,0,1,0,0,1,0,1,0,1,11580
0.20370370370370366,0.006578947368421052,0.3333333333333333,0.011470281543274244,0.5,0.42857142857142855,0.125,0,0,0,1,0,0,0,0,1,0,0,0,17182
0.6851851851851851,0.0043859649122807015,0.0,0.0,0.0,0.42857142857142855,0.0,0,1,0,0,0,0,1,0,0,0,0,1,12966
0.7222222222222223,0.0021929824561403508,0.3333333333333333,0.011470281543274244,1.0,0.42857142857142855,0.5,0,0,0,0,1,1,0,0,0,0,0,0,33022
0.07407407407407407,0.0021929824561403508,1.0,0.08654848800834203,0.5,0.0,0.25,1,0,0,1,1,0,0,0,0,0,0,0,10126
0.18518518518518517,0.006578947368421052,0.6666666666666667,0.03128258602711158,0.5,0.42857142857142855,0.625,1,0,1,0,0,0,1,0,1,0,0,0,22766
0.2962962962962962,0.008771929824561403,0.6666666666666667,0.03336809176225235,0.5,0.42857142857142855,0.5,0,1,0,0,0,0,1,0,0,0,1,0,20308
0.44444444444444436,0.0,0.6666666666666667,0.027111574556830033,0.5,0.0,0.625,0,0,1,0,1,0,0,0,1,0,0,1,17152
0.3148148148148148,0.0,0.0,0.0,0.0,0.35714285714285715,0.625,1,1,0,0,1,0,0,0,0,1,1,0,16539
0.7407407407407407,0.0043859649122807015,0.0,0.006256517205422314,0.0,0.35714285714285715,1.0,0,1,0,0,0,0,0,1,0,0,0,1,17098
0.6851851851851851,0.0043859649122807015,1.0,0.09489051094890512,0.5,0.42857142857142855,0.25,0,0,0,0,0,1,0,0,0,0,0,1,24805
0.8148148148148149,0.0,0.0,0.008342022940563087,0.5,0.0,0.625,0,1,0,0,1,0,0,0,0,0,1,0,23266
0.7592592592592593,0.006578947368421052,0.0,0.0020855057351407717,0.5,1.0,0.625,1,0,1,0,0,0,1,0,0,1,0,0,30513
0.1296296296296296,0.0021929824561403508,0.0,0.0010427528675703858,0.0,0.0,1.0,0,0,0,0,1,0,0,1,0,0,0,1,10480
0.7407407407407407,0.0,0.0,0.006256517205422314,0.5,0.0,0.625,0,0,0,1,1,1,0,0,0,0,0,1,23400
0.7777777777777779,0.006578947368421052,0.6666666666666667,0.03336809176225235,1.0,0.42857142857142855,1.0,1,0,0,1,0,0,0,1,0,0,0,0,32478
0.018518518518518545,0.0,0.6666666666666667,0.030239833159541193,0.0,0.35714285714285715,1.0,1,0,1,0,1,0,0,1,0,1,0,0,15214
0.055555555555555525,0.0021929824561403508,0.0,0.006256517205422314,0.0,0.0,0.5,0,0,0,1,1,0,0,0,0,0,1,0,6976
0.7592592592592593,0.006578947368421052,0.0,0.004171011470281543,0.0,0.42857142857142855,0.25,0,0,0,0,0,0,0,1,0,0,1,0,13318
0.7407407407407407,0.008771929824561403,0.0,0.0072992700729927005,0.5,1.0,0.25,0,1,0,0,0,0,0,0,0,0,0,1,24158
0.3333333333333333,0.008771929824561403,0.0,0.0,0.0,0.42857142857142855,0.0,0,1,0,0,0,0,0,0,0,0,0,0,9496
0.4259259259259259,0.008771929824561403,0.0,0.006256517205422314,0.0,0.42857142857142855,0.625,0,0,1,0,0,0,0,0,0,1,1,0,16608
0.7222222222222223,0.008771929824561403,0.6666666666666667,0.03649635036496351,0.5,0.42857142857142855,0.625,0,0,0,0,0,0,0,0,0,0,0,1,21948
0.20370370370370366,0.006578947368421052,0.3333333333333333,0.010427528675703858,0.5,0.0,0.625,1,0,0,1,0,1,0,0,0,1,1,0,23785
0.09259259259259262,0.0021929824561403508,0.0,0.0072992700729927005,0.0,0.0,0.25,1,0,0,0,1,0,0,0,0,0,0,0,5131
0.7592592592592593,0.0043859649122807015,0.3333333333333333,0.02294056308654849,1.0,0.42857142857142855,0.5,1,1,0,0,0,1,0,0,1,0,0,1,34098
0.537037037037037,0.0021929824561403508,0.0,0.006256517205422314,0.5,0.42857142857142855,0.625,1,1,0,0,1,0,0,0,0,1,1,0,25085
0.055555555555555525,0.0,1.0,0.051094890510948905,0.5,0.0,0.125,1,0,0,1,1,0,0,0,0,0,1,0,9488
0.037037037037037035,0.0021929824561403508,0.0,0.0020855057351407717,0.0,0.0,0.625,0,1,0,0,1,0,0,0,0,1,1,0,11456
0.6481481481481481,0.006578947368421052,1.0,0.08029197080291971,1.0,0.42857142857142855,0.125,1,0,1,0,0,0,0,0,0,0,0,1,26937
0.3518518518518518,0.006578947368421052,0.0,0.00521376433785193,0.5,0.42857142857142855,0.0,0,0,0,1,0,0,0,0,0,1,0,1,18837
0.055555555555555525,0.0,0.6666666666666667,0.03128258602711158,0.0,0.0,0.625,1,0,0,1,1,0,0,0,0,0,0,0,7724
0.6666666666666667,0.0043859649122807015,0.0,0.0072992700729927005,0.5,0.42857142857142855,0.625,0,0,0,0,0,0,0,0,0,0,0,1,22247
0.5185185185185186,1.0,0.3333333333333333,0.02294056308654849,1.0,0.42857142857142855,1.0,1,0,1,0,0,1,0,0,0,1,0,1,39266
0.1111111111111111,0.0021929824561403508,0.3333333333333333,0.011470281543274244,0.0,0.0,0.125,0,0,0,0,1,0,1,0,0,1,0,0,10476
0.018518518518518545,0.0,0.6666666666666667,0.04066736183524505,0.0,0.0,0.625,0,0,1,0,1,0,0,0,0,0,0,1,7876
0.9444444444444444,0.0021929824561403508,0.6666666666666667,0.03545359749739312,0.5,0.35714285714285715,0.25,0,0,1,0,0,0,0,1,0,0,0,1,24656
0.8703703703703705,0.0043859649122807015,0.0,0.0,0.5,0.42857142857142855,0.625,0,1,0,0,0,0,0,0,0,0,1,0,25387
0.07407407407407407,0.0,0.0,0.0010427528675703858,0.0,0.0,0.125,0,0,0,1,1,0,0,0,0,0,1,0,5056
0.7037037037037037,0.006578947368421052,0.6666666666666667,0.03232533889468196,1.0,0.35714285714285715,0.625,1,0,1,0,0,1,0,0,0,1,0,1,37871
0.09259259259259262,0.0043859649122807015,0.3333333333333333,0.010427528675703858,0.0,0.0,0.5,0,0,0,1,1,1,0,0,0,0,0,0,10308
0.1111111111111111,0.0,1.0,0.06569343065693431,0.5,0.42857142857142855,0.625,0,0,0,0,1,0,0,0,0,0,0,0,12091
0.2962962962962962,0.0,0.0,0.0020855057351407717,0.0,0.35714285714285715,0.625,1,1,0,0,1,0,1,0,0,1,1,0,18164
0.14814814814814814,0.010964912280701754,0.0,0.0072992700729927005,0.0,0.42857142857142855,0.625,1,0,1,0,0,0,0,1,0,1,0,0,16899
0.055555555555555525,0.0021929824561403508,0.0,0.004171011470281543,0.0,0.0,0.625,0,1,0,0,1,0,0,0,0,0,0,0,6669
0.7962962962962963,0.0021929824561403508,1.0,0.0521376433785193,1.0,0.35714285714285715,0.25,0,1,0,0,0,0,0,0,0,0,1,0,34532
0.5925925925925926,0.0,0.0,0.008342022940563087,0.5,1.0,0.5,0,0,1,0,1,0,0,0,0,0,0,0,24853
0.055555555555555525,0.006578947368421052,0.3333333333333333,0.02085505735140772,0.0,0.0,0.25,0,0,0,1,0,0,0,0,0,0,0,0,5579
0.5185185185185186,0.006578947368421052,1.0,0.10010427528675704,1.0,0.5714285714285714,0.625,0,0,1,0,0,0,1,0,0,0,0,0,36651
0.44444444444444436,0.006578947368421052,0.3333333333333333,0.016684045881126174,0.5,0.42857142857142855,0.0,0,1,0,0,0,0,0,0,0,0,1,0,16952
0.962962962962963,0.0021929824561403508,0.3333333333333333,0.014598540145985403,1.0,0.42857142857142855,0.625,0,0,1,0,0,0,0,1,0,0,0,1,37363
0.07407407407407407,0.0021929824561403508,0.3333333333333333,0.009384775808133473,0.0,0.0,0.0,0,0,1,0,1,0,0,0,0,0,0,0,4998
0.6111111111111112,0.006578947368421052,0.6666666666666667,0.03649635036496351,1.0,0.42857142857142855,0.125,1,0,0,1,0,0,0,1,0,1,0,1,30321
0.055555555555555525,0.0021929824561403508,0.6666666666666667,0.04066736183524505,0.0,0.0,0.625,0,0,0,1,1,0,0,0,1,0,0,1,7888
0.14814814814814814,0.0021929824561403508,0.6666666666666667,0.03232533889468196,0.5,0.42857142857142855,0.5,0,0,0,1,1,0,0,1,1,0,1,0,19885
0.537037037037037,0.006578947368421052,0.6666666666666667,0.03962460896767466,0.5,0.42857142857142855,0.125,1,1,0,0,0,0,1,0,1,0,0,0,22342
0.5925925925925926,0.0,0.3333333333333333,0.01772679874869656,1.0,0.42857142857142855,0.625,1,0,1,0,1,1,0,0,1,0,0,0,34596
0.1296296296296296,0.0,0.3333333333333333,0.01251303441084463,0.0,0.42857142857142855,0.125,1,0,0,1,1,0,1,0,0,0,1,0,10215
0.1296296296296296,0.0021929824561403508,0.0,0.008342022940563087,0.0,0.0,0.5,1,0,1,0,1,0,0,0,0,1,1,0,9367
0.1296296296296296,0.0021929824561403508,0.0,0.0020855057351407717,0.0,0.0,0.5,0,0,1,0,1,0,0,0,0,1,1,0,10796
0.8148148148148149,0.0021929824561403508,0.6666666666666667,0.027111574556830033,1.0,0.35714285714285715,0.25,0,0,1,0,0,0,0,0,0,0,0,1,33722
0.6666666666666667,0.0043859649122807015,0.3333333333333333,0.02085505735140772,1.0,0.42857142857142855,0.25,0,0,1,0,1,0,1,0,0,0,1,0,30476
0.037037037037037035,0.0,0.0,0.0010427528675703858,0.0,0.0,0.5,1,0,0,0,1,0,0,1,0,1,0,0,9879
0.3703703703703704,0.008771929824561403,0.6666666666666667,0.02502606882168926,0.5,0.0,0.125,0,1,0,0,0,0,0,0,1,0,0,1,15834
0.3148148148148148,0.006578947368421052,0.6666666666666667,0.027111574556830033,0.5,0.35714285714285715,0.125,0,0,0,0,0,1,0,0,0,1,0,1,23269
0.18518518518518517,0.008771929824561403,0.0,0.0,0.5,0.42857142857142855,0.625,0,0,1,0,0,0,1,0,0,0,0,1,20585
0.48148148148148145,0.006578947368421052,0.3333333333333333,0.021897810218978103,0.5,0.42857142857142855,0.625,1,0,0,1,0,0,0,0,0,1,1,0,22104
0.48148148148148145,0.0,0.3333333333333333,0.01251303441084463,1.0,1.0,0.625,1,0,0,1,1,0,0,0,0,1,0,1,32513
0.49999999999999994,0.0,0.0,0.006256517205422314,0.0,0.35714285714285715,0.25,0,1,0,0,1,0,0,1,0,1,1,0,14772
0.3518518518518518,0.0,0.0,0.004171011470281543,0.0,0.42857142857142855,0.0,0,0,1,0,1,0,1,0,0,1,1,0,14006
0.3148148148148148,0.006578947368421052,0.3333333333333333,0.01772679874869656,0.5,1.0,0.25,0,0,0,1,0,0,1,0,1,0,1,0,25032
0.09259259259259262,0.006578947368421052,0.3333333333333333,0.01772679874869656,0.0,0.42857142857142855,0.5,0,0,1,0,0,0,0,0,0,0,0,0,8138
0.7777777777777779,0.006578947368421052,0.3333333333333333,0.01772679874869656,1.0,0.5714285714285714,0.25,0,1,0,0,0,0,0,1,0,0,0,0,32950
0.5185185185185186,0.006578947368421052,0.3333333333333333,0.02502606882168926,1.0,0.42857142857142855,0.625,0,0,0,0,0,1,0,0,0,0,0,1,33705
0.018518518518518545,0.0,0.0,0.0072992700729927005,0.0,0.0,0.625,0,0,1,0,1,0,0,1,0,0,0,0,8767
0.018518518518518545,0.0021929824561403508,0.6666666666666667,0.03649635036496351,0.0,0.0,0.125,1,0,1,0,1,0,0,0,0,0,1,0,5391
0.20370370370370366,0.0043859649122807015,0.3333333333333333,0.018769551616266946,0.5,0.7857142857142857,0.25,1,1,0,0,0,1,0,0,0,1,1,0,26732
0.49999999999999994,0.0043859649122807015,0.3333333333333333,0.01251303441084463,0.5,0.42857142857142855,0.0,1,0,0,1,0,0,1,0,0,0,1,0,19142
0.7777777777777779,0.0043859649122807015,1.0,0.06047966631908238,1.0,0.42857142857142855,0.125,0,0,0,0,0,0,1,0,0,0,0,1,28913
0.07407407407407407,0.006578947368421052,1.0,0.06256517205422316,0.5,0.0,0.25,0,0,1,0,0,1,0,0,0,0,0,0,12573
0.4074074074074074,0.006578947368421052,1.0,0.051094890510948905,1.0,0.42857142857142855,0.125,0,0,0,1,0,0,0,0,1,0,0,0,24087
0.7037037037037037,0.0,1.0,0.09071949947862357,1.0,0.0,0.25,1,1,0,0,1,0,0,0,0,1,0,1,29784
0.3333333333333333,0.008771929824561403,0.0,0.0020855057351407717,0.0,0.0,0.125,0,0,0,0,0,0,1,0,0,1,1,0,13513
0.14814814814814814,0.0043859649122807015,0.3333333333333333,0.013555787278415015,1.0,0.35714285714285715,0.25,0,0,0,1,0,0,1,0,0,0,0,1,26505
0.8888888888888888,0.0,0.0,0.0,0.5,0.42857142857142855,0.25,1,0,0,0,1,0,0,0,0,0,0,1,23930
0.055555555555555525,0.006578947368421052,0.6666666666666667,0.03649635036496351,0.5,0.42857142857142855,0.125,1,0,0,0,0,1,0,0,0,0,1,0,13802
0.18518518518518517,0.010964912280701754,0.0,0.0010427528675703858,0.0,0.5714285714285714,0.25,0,1,0,0,0,0,1,0,0,0,1,0,17465
0.2962962962962962,0.0043859649122807015,1.0,0.1032325338894682,1.0,0.42857142857142855,0.125,0,0,1,0,1,0,1,0,0,0,0,0,25987
0.07407407407407407,0.0,0.0,0.006256517205422314,0.0,0.7857142857142857,0.625,1,1,0,0,1,0,0,0,0,1,0,0,13817
0.037037037037037035,0.0021929824561403508,0.0,0.006256517205422314,0.0,0.0,0.0,0,0,1,0,1,0,0,1,0,0,1,0,4251
0.18518518518518517,0.0,0.3333333333333333,0.01251303441084463,0.5,0.42857142857142855,0.25,0,0,0,0,1,0,0,0,1,0,0,1,17408
0.0,0.0,0.3333333333333333,0.011470281543274244,0.0,0.0,0.625,0,0,1,0,1,0,0,0,0,0,0,0,7398
0.44444444444444436,0.0,0.3333333333333333,0.014598540145985403,1.0,0.0,0.25,0,0,0,0,1,0,1,0,1,0,0,1,23906
0.27777777777777773,0.0,1.0,0.07090719499478623,1.0,0.0,0.25,0,1,0,0,1,1,0,0,1,0,0,0,26801
0.1111111111111111,0.0021929824561403508,0.0,0.0020855057351407717,0.0,0.0,0.625,1,0,1,0,1,0,0,0,0,0,1,0,7458
0.6481481481481481,0.006578947368421052,0.0,0.00521376433785193,0.5,0.42857142857142855,0.25,0,0,0,1,0,0,0,0,0,0,1,0,21218
0.3703703703703704,0.0,0.0,0.006256517205422314,0.0,0.0,0.125,0,0,0,1,1,1,0,0,0,0,1,0,11582
0.6111111111111112,0.006578947368421052,0.3333333333333333,0.009384775808133473,1.0,0.42857142857142855,0.625,0,0,0,1,0,0,0,0,0,1,0,0,33128
0.7592592592592593,0.0043859649122807015,0.6666666666666667,0.03753910323253389,1.0,0.0,0.25,1,1,0,0,0,0,0,0,0,1,0,0,29169
0.018518518518518545,0.0021929824561403508,0.6666666666666667,0.03753910323253389,0.0,0.0,0.0,1,0,0,1,1,0,0,1,0,0,0,1,5443
0.49999999999999994,0.008771929824561403,1.0,0.056308654848800835,1.0,0.42857142857142855,0.5,0,0,0,1,0,0,0,0,0,0,1,0,24694
0.3888888888888889,0.0043859649122807015,0.0,0.004171011470281543,0.5,0.5714285714285714,0.125,0,0,0,1,0,0,1,0,0,0,1,0,21765
0.037037037037037035,0.0,0.0,0.004171011470281543,0.0,0.0,0.125,0,0,0,1,1,0,1,0,0,0,0,0,7461
0.3333333333333333,0.0043859649122807015,1.0,0.051094890510948905,1.0,0.42857142857142855,0.625,0,0,0,1,0,0,1,0,0,1,1,0,29673
0.25925925925925924,0.008771929824561403,0.6666666666666667,0.03232533889468196,0.5,0.42857142857142855,0.0,1,0,0,0,0,0,1,0,0,0,0,1,18136
0.48148148148148145,0.008771929824561403,0.0,0.004171011470281543,0.5,1.0,1.0,1,0,0,1,0,1,0,0,1,0,1,0,29253
0.037037037037037035,0.0,0.3333333333333333,0.023983315954118876,0.0,0.0,0.25,0,0,1,0,1,0,1,0,1,0,0,0,8363
0.0,0.0021929824561403508,1.0,0.1032325338894682,0.5,0.0,1.0,0,1,0,0,1,1,0,0,0,0,0,0,15902
0.46296296296296297,0.010964912280701754,0.3333333333333333,0.011470281543274244,0.5,0.42857142857142855,0.25,1,0,1,0,0,0,1,0,0,1,0,0,23191
0.3148148148148148,0.0,0.3333333333333333,0.021897810218978103,0.5,0.0,1.0,1,0,1,0,1,0,1,0,0,1,0,1,23244
0.24074074074074076,0.006578947368421052,0.6666666666666667,0.03128258602711158,0.5,1.0,0.625,1,0,0,0,0,1,0,0,0,0,1,0,27468
0.6296296296296295,0.006578947368421052,0.6666666666666667,0.03232533889468196,1.0,0.35714285714285715,0.625,1,1,0,0,0,0,1,0,0,0,1,0,32958
0.7407407407407407,0.0,0.6666666666666667,0.03441084462982273,1.0,0.7857142857142857,0.625,0,0,1,0,1,1,0,0,0,0,0,1,36582
0.7777777777777779,0.006578947368421052,0.6666666666666667,0.03545359749739312,1.0,0.42857142857142855,0.625,1,0,1,0,0,0,0,1,0,0,0,1,31258
0.07407407407407407,0.006578947368421052,0.0,0.0,0.0,0.0,0.25,1,0,1,0,0,0,0,0,0,1,1,0,7933
0.7777777777777779,0.008771929824561403,0.6666666666666667,0.04066736183524505,1.0,0.42857142857142855,1.0,0,0,1,0,0,0,0,0,0,0,0,1,32161
0.44444444444444436,0.0043859649122807015,0.3333333333333333,0.010427528675703858,0.5,0.42857142857142855,0.25,1,0,0,1,0,0,0,0,0,1,1,0,20048
0.9259259259259258,0.0021929824561403508,0.0,0.006256517205422314,0.5,0.42857142857142855,1.0,1,0,0,1,0,0,0,0,0,0,0,1,28282
0.07407407407407407,0.0021929824561403508,0.3333333333333333,0.011470281543274244,0.0,0.0,0.125,0,0,0,1,1,0,0,0,0,0,0,0,4954
0.1111111111111111,0.0,0.0,0.006256517205422314,0.0,0.0,0.25,1,0,0,0,1,0,0,0,0,0,1,0,5677
0.1111111111111111,0.0,0.3333333333333333,0.014598540145985403,0.5,0.0,0.5,0,0,1,0,1,0,0,0,0,0,0,0,10815
0.6851851851851851,0.006578947368421052,0.0,0.0020855057351407717,0.5,0.42857142857142855,0.625,1,0,0,1,0,0,0,0,0,0,0,1,22967
0.5555555555555556,0.006578947368421052,0.3333333333333333,0.023983315954118876,1.0,0.42857142857142855,0.625,1,0,0,1,0,0,1,0,0,1,1,0,35604
0.16666666666666669,0.0,0.0,0.0010427528675703858,0.0,0.5714285714285714,0.0,1,0,0,1,1,1,0,0,1,0,1,0,18361
0.48148148148148145,0.006578947368421052,0.0,0.0010427528675703858,1.0,0.0,0.5,0,0,0,1,0,0,1,0,1,0,1,0,25587
0.44444444444444436,0.0043859649122807015,1.0,0.1032325338894682,1.0,0.42857142857142855,0.125,1,1,0,0,0,0,0,1,0,1,1,0,25971
0.6666666666666667,0.0021929824561403508,1.0,0.08342022940563087,1.0,0.42857142857142855,0.125,0,0,0,1,1,0,0,0,0,0,0,0,26697
0.48148148148148145,0.006578947368421052,0.0,0.0072992700729927005,0.0,0.0,0.5,0,0,1,0,0,0,0,0,0,0,0,0,10648
0.3703703703703704,0.0043859649122807015,0.3333333333333333,0.01564129301355579,0.5,0.42857142857142855,0.625,0,0,0,1,0,0,0,0,1,0,0,1,20558
0.055555555555555525,0.0,0.3333333333333333,0.02502606882168926,0.0,0.0,0.125,1,0,0,1,1,0,0,0,1,0,1,0,5776
0.7037037037037037,0.0021929824561403508,0.6666666666666667,0.03962460896767466,1.0,0.0,1.0,1,0,1,0,1,0,1,0,1,0,1,0,33704
0.5185185185185186,0.0,0.0,0.00521376433785193,1.0,0.5714285714285714,0.25,1,0,1,0,1,0,0,0,0,1,1,0,34451
0.7037037037037037,0.0043859649122807015,0.3333333333333333,0.02294056308654849,1.0,0.42857142857142855,0.5,1,0,1,0,0,0,0,0,0,1,1,0,32300
0.6851851851851851,0.0043859649122807015,0.6666666666666667,0.029197080291970805,1.0,0.0,0.5,1,1,0,0,1,0,1,0,0,1,1,0,33358
0.7037037037037037,0.0043859649122807015,0.0,0.004171011470281543,0.5,0.35714285714285715,0.125,0,0,0,1,0,1,0,0,0,0,0,1,24668
0.574074074074074,0.006578947368421052,0.6666666666666667,0.03962460896767466,1.0,0.42857142857142855,0.625,1,0,0,0,0,0,1,0,0,1,1,0,35724
0.3148148148148148,0.0,0.3333333333333333,0.01251303441084463,0.5,0.42857142857142855,0.25,1,0,0,1,1,0,1,0,0,1,1,0,22183
0.018518518518518545,0.0043859649122807015,0.0,0.00521376433785193,0.0,0.0,0.625,0,0,0,1,1,0,0,0,0,0,0,0,8089
0.1111111111111111,0.0,0.0,0.00521376433785193,0.0,0.0,0.625,0,0,0,1,1,0,0,1,0,0,0,1,7398
0.574074074074074,0.006578947368421052,0.0,0.008342022940563087,0.5,0.42857142857142855,0.25,0,1,0,0,0,1,0,0,0,0,1,0,24826
0.6481481481481481,0.006578947368421052,0.6666666666666667,0.03232533889468196,1.0,0.42857142857142855,0.25,0,0,0,1,0,0,0,0,1,0,0,0,30038
0.4074074074074074,0.0043859649122807015,0.0,0.0,0.0,0.0,0.625,1,0,1,0,0,0,1,0,1,0,1,0,14008
0.574074074074074,0.008771929824561403,0.3333333333333333,0.009384775808133473,1.0,0.5714285714285714,0.25,1,0,1,0,0,0,0,0,1,0,1,0,33042
0.7037037037037037,0.006578947368421052,0.3333333333333333,0.023983315954118876,1.0,0.42857142857142855,0.125,0,0,1,0,0,1,0,0,0,0,0,0,31032
0.09259259259259262,0.0,0.0,0.00521376433785193,0.0,0.0,1.0,0,1,0,0,1,0,0,0,0,0,1,0,10071
0.20370370370370366,0.006578947368421052,0.0,0.0010427528675703858,0.5,0.42857142857142855,0.125,0,0,1,0,0,0,1,0,1,0,1,0,19201
0.7037037037037037,0.0043859649122807015,0.6666666666666667,0.03441084462982273,0.5,0.42857142857142855,0.5,1,0,1,0,0,0,1,0,0,1,0,1,27127
0.1111111111111111,0.0021929824561403508,0.0,0.0031282586027111575,0.0,0.0,0.625,0,0,0,1,1,0,0,1,0,0,0,0,8110
0.6481481481481481,0.006578947368421052,1.0,0.10218978102189781,0.0,0.42857142857142855,0.5,1,0,0,0,0,0,1,0,1,0,0,1,16894
0.6481481481481481,0.010964912280701754,0.3333333333333333,0.010427528675703858,1.0,0.42857142857142855,0.625,0,0,0,1,0,1,0,0,0,0,0,1,34226
0.9814814814814814,0.0021929824561403508,0.3333333333333333,0.021897810218978103,0.0,0.42857142857142855,0.25,0,1,0,0,0,0,0,0,0,0,0,1,14678
0.09259259259259262,0.0021929824561403508,0.6666666666666667,0.03962460896767466,0.0,0.0,0.5,0,1,0,0,1,0,0,1,0,0,0,0,8056
0.6666666666666667,0.010964912280701754,0.0,0.006256517205422314,0.0,0.35714285714285715,0.5,0,0,0,1,0,1,0,0,0,0,1,0,16552
0.46296296296296297,0.006578947368421052,0.0,0.0020855057351407717,0.0,0.7857142857142857,0.125,0,0,0,0,0,0,1,0,0,0,0,0,14464
0.27777777777777773,0.006578947368421052,0.0,0.00521376433785193,0.5,0.42857142857142855,0.625,0,0,1,0,0,0,0,0,1,0,1,0,20727
0.18518518518518517,0.0,0.0,0.0010427528675703858,1.0,0.8571428571428571,1.0,0,1,0,0,1,0,1,0,0,0,1,0,32329
0.14814814814814814,0.0,0.3333333333333333,0.02502606882168926,0.5,0.35714285714285715,0.125,1,0,1,0,1,0,1,0,0,1,0,0,21234
0.1296296296296296,0.0,0.3333333333333333,0.01564129301355579,0.0,0.0,0.25,0,0,0,1,1,0,0,0,0,0,1,0,5773
0.6666666666666667,0.0043859649122807015,0.6666666666666667,0.03232533889468196,1.0,0.42857142857142855,0.125,1,0,1,0,0,0,0,0,0,1,1,0,30069
0.037037037037037035,0.0021929824561403508,0.3333333333333333,0.009384775808133473,0.0,0.0,0.5,0,0,1,0,1,1,0,0,0,0,0,0,11598
0.1296296296296296,0.0021929824561403508,1.0,0.04066736183524505,0.5,0.7857142857142857,0.625,0,0,1,0,1,0,1,0,0,1,1,0,19726
0.4259259259259259,0.006578947368421052,0.0,0.0072992700729927005,0.0,0.42857142857142855,0.25,0,0,0,0,0,0,0,1,0,0,1,0,10885
0.16666666666666669,0.006578947368421052,0.3333333333333333,0.011470281543274244,1.0,0.7857142857142857,0.25,0,0,1,0,0,0,0,0,0,1,1,0,28480
0.4259259259259259,0.0,0.0,0.0072992700729927005,0.0,0.42857142857142855,0.25,0,0,0,0,1,0,0,1,0,1,0,1,13790
0.46296296296296297,0.0,0.0,0.004171011470281543,0.0,0.5714285714285714,0.625,0,0,1,0,1,0,0,0,1,0,1,0,17312
0.5555555555555556,0.008771929824561403,0.0,0.0031282586027111575,0.5,0.42857142857142855,0.625,1,0,0,1,0,0,1,0,0,1,1,0,27011
0.0,0.0021929824561403508,0.6666666666666667,0.03441084462982273,0.5,0.0,0.125,1,0,1,0,1,0,0,0,1,0,0,0,9644
0.7407407407407407,0.0,0.0,0.0020855057351407717,0.0,0.5714285714285714,0.625,0,0,0,1,1,0,0,0,0,0,1,0,18262
0.3518518518518518,0.006578947368421052,0.6666666666666667,0.02606882168925965,0.5,0.42857142857142855,0.25,1,0,0,1,0,0,1,0,0,0,0,0,18347
0.07407407407407407,0.0021929824561403508,0.0,0.008342022940563087,0.0,0.0,0.25,0,1,0,0,1,1,0,0,0,0,0,1,10647
0.7222222222222223,0.008771929824561403,0.0,0.0010427528675703858,0.0,0.42857142857142855,0.625,0,0,0,0,0,1,0,0,0,0,0,1,18489
0.7592592592592593,0.006578947368421052,0.3333333333333333,0.023983315954118876,1.0,0.42857142857142855,0.125,1,0,0,1,0,1,0,0,0,1,1,0,34792
0.6666666666666667,0.010964912280701754,0.3333333333333333,0.016684045881126174,1.0,0.42857142857142855,0.125,1,0,0,1,0,0,1,0,1,0,1,0,30946
0.5185185185185186,0.008771929824561403,0.0,0.0020855057351407717,0.5,0.5714285714285714,0.25,0,0,1,0,0,0,0,0,0,0,0,1,24484
0.6296296296296295,0.0,0.3333333333333333,0.021897810218978103,1.0,0.42857142857142855,0.625,1,0,0,1,1,1,0,0,0,0,0,1,33821
0.9814814814814814,0.0043859649122807015,0.6666666666666667,0.03336809176225235,1.0,0.42857142857142855,0.125,0,0,0,1,0,0,0,0,0,0,0,1,34025
0.07407407407407407,0.0043859649122807015,0.3333333333333333,0.016684045881126174,0.0,0.8571428571428571,0.625,0,0,0,1,0,0,0,1,0,0,0,0,12046
0.6666666666666667,0.0043859649122807015,0.6666666666666667,0.02606882168925965,1.0,0.42857142857142855,0.0,1,0,0,1,0,0,0,1,0,0,0,0,27124
0.6481481481481481,0.0043859649122807015,0.0,0.0,0.5,0.42857142857142855,0.5,1,0,0,1,0,0,1,0,0,1,1,0,25446
0.6111111111111112,0.008771929824561403,0.3333333333333333,0.011470281543274244,1.0,0.42857142857142855,0.25,0,0,1,0,0,0,0,0,0,0,0,1,28945
0.7037037037037037,0.006578947368421052,0.0,0.006256517205422314,0.5,0.0,0.25,0,1,0,0,0,0,0,0,0,0,1,0,18492
0.4259259259259259,0.0043859649122807015,0.0,0.00521376433785193,1.0,0.0,0.625,0,0,0,1,0,0,1,0,0,0,1,0,25240
0.3333333333333333,0.008771929824561403,0.6666666666666667,0.03128258602711158,0.5,0.5714285714285714,0.625,0,0,1,0,0,0,0,1,0,1,1,0,27434
1.0,0.0021929824561403508,0.3333333333333333,0.021897810218978103,1.0,0.35714285714285715,0.125,1,0,1,0,0,0,0,0,0,0,0,1,33709
0.537037037037037,0.0043859649122807015,0.6666666666666667,0.03336809176225235,0.5,0.42857142857142855,0.625,1,0,1,0,0,0,0,0,0,0,1,0,22185
0.6481481481481481,0.0,0.6666666666666667,0.03336809176225235,0.5,0.5714285714285714,0.125,0,1,0,0,1,1,0,0,0,1,0,1,31212
0.3703703703703704,0.006578947368421052,0.0,0.0031282586027111575,0.0,1.0,0.25,1,1,0,0,0,0,0,1,0,1,0,1,18749
0.4074074074074074,0.006578947368421052,0.0,0.0,0.0,0.5714285714285714,0.5,1,0,0,1,0,0,0,0,0,1,1,0,19748
0.4074074074074074,0.006578947368421052,0.3333333333333333,0.023983315954118876,1.0,1.0,0.25,0,1,0,0,0,0,0,0,0,1,0,0,30350
0.055555555555555525,0.0043859649122807015,1.0,0.0521376433785193,0.5,0.8571428571428571,0.625,0,0,0,1,1,0,0,0,0,0,0,1,15253
0.1296296296296296,0.0021929824561403508,0.3333333333333333,0.016684045881126174,0.5,0.8571428571428571,0.125,1,0,0,1,1,0,1,0,1,0,0,0,16261
0.7037037037037037,0.006578947368421052,1.0,0.09176225234619395,1.0,0.0,0.25,0,1,0,0,0,0,0,1,0,0,1,0,27768
0.574074074074074,0.006578947368421052,0.3333333333333333,0.02502606882168926,0.0,0.42857142857142855,0.0,0,0,0,0,0,0,1,0,0,0,1,0,12146
0.5555555555555556,0.0021929824561403508,0.0,0.0020855057351407717,0.5,0.42857142857142855,0.625,0,0,1,0,1,0,0,0,0,0,1,0,21683
0.6296296296296295,0.0,0.3333333333333333,0.010427528675703858,1.0,0.42857142857142855,0.25,0,0,1,0,1,1,0,0,0,0,0,0,32345
0.4259259259259259,0.010964912280701754,1.0,0.07612095933263817,1.0,0.0,0.125,0,0,1,0,0,0,1,0,0,0,1,0,23419
0.09259259259259262,0.0,0.0,0.0020855057351407717,0.0,0.0,0.125,0,0,0,1,1,0,0,0,0,0,1,0,5788
0.5555555555555556,0.006578947368421052,0.0,0.00521376433785193,0.0,0.42857142857142855,0.125,0,0,1,0,0,0,1,0,0,0,0,1,14049
0.055555555555555525,0.0,0.6666666666666667,0.03128258602711158,1.0,0.0,0.25,1,0,0,1,1,0,0,0,0,0,0,0,12111
0.6481481481481481,0.0043859649122807015,0.0,0.00521376433785193,0.0,0.42857142857142855,0.5,0,1,0,0,0,1,0,0,0,1,0,1,19528
0.7592592592592593,0.006578947368421052,0.3333333333333333,0.013555787278415015,0.0,0.8571428571428571,0.5,0,1,0,0,0,0,0,0,0,0,0,0,15495
0.1111111111111111,0.0,1.0,0.09906152241918666,0.5,0.0,0.5,1,0,1,0,1,0,1,0,0,1,0,0,15194
0.7407407407407407,0.006578947368421052,1.0,0.08550573514077164,1.0,0.0,0.125,0,0,0,1,0,0,1,0,0,0,1,0,27227
0.25925925925925924,0.0,1.0,0.09280500521376434,0.5,0.42857142857142855,0.25,0,0,0,1,1,0,0,1,0,0,1,0,18038
0.055555555555555525,0.0021929824561403508,0.0,0.0010427528675703858,0.5,0.35714285714285715,0.625,0,0,1,0,1,0,0,0,0,0,0,0,13956
0.18518518518518517,0.006578947368421052,0.3333333333333333,0.02294056308654849,0.0,0.8571428571428571,0.5,1,0,1,0,0,0,0,0,0,1,0,0,17482
0.5555555555555556,0.006578947368421052,0.0,0.00521376433785193,0.5,0.35714285714285715,0.625,1,0,0,1,0,0,0,0,0,1,0,0,24520
0.3518518518518518,0.010964912280701754,0.0,0.0020855057351407717,0.0,0.0,0.625,1,0,1,0,0,0,1,0,0,1,1,0,16541
0.18518518518518517,0.006578947368421052,0.3333333333333333,0.011470281543274244,0.5,0.0,0.625,0,0,0,1,0,0,0,0,0,1,1,0,20935
0.44444444444444436,0.0,0.0,0.00521376433785193,0.0,0.7857142857142857,0.125,1,0,1,0,1,0,0,0,0,0,0,1,13161
0.22222222222222227,0.0,0.3333333333333333,0.014598540145985403,0.5,0.7857142857142857,0.0,1,0,0,0,1,0,0,0,0,0,1,0,18161
0.6111111111111112,0.0043859649122807015,0.6666666666666667,0.04066736183524505,0.5,0.42857142857142855,0.25,0,0,1,0,0,0,0,0,0,0,0,1,21084
0.09259259259259262,0.0,0.3333333333333333,0.019812304483837334,0.5,0.0,0.25,1,0,0,1,1,0,0,0,0,0,0,1,8478
0.7407407407407407,0.008771929824561403,0.6666666666666667,0.03858185610010428,0.5,0.42857142857142855,0.625,1,0,1,0,0,0,1,0,0,0,1,0,23399
0.7222222222222223,0.006578947368421052,0.3333333333333333,0.01564129301355579,1.0,0.42857142857142855,0.625,0,0,0,0,0,0,1,0,0,1,0,0,35281
0.44444444444444436,0.0043859649122807015,0.6666666666666667,0.03232533889468196,0.5,1.0,0.5,1,0,1,0,0,0,1,0,0,1,1,0,28421
0.18518518518518517,0.006578947368421052,0.0,0.0,0.0,0.7857142857142857,0.0,1,0,0,1,0,0,0,0,0,1,1,0,14238
0.4074074074074074,0.0021929824561403508,0.6666666666666667,0.027111574556830033,0.5,0.0,0.25,0,0,1,0,1,0,1,0,0,0,0,0,17852
0.27777777777777773,0.006578947368421052,0.0,0.004171011470281543,0.0,0.42857142857142855,0.25,0,0,0,1,0,0,0,1,0,1,1,0,14390
0.22222222222222227,0.0,1.0,0.05005213764337852,0.5,0.42857142857142855,0.25,0,1,0,0,1,0,0,1,0,0,1,0,16987
0.1296296296296296,0.0021929824561403508,0.0,0.00521376433785193,1.0,0.0,0.125,0,0,0,1,1,0,0,0,0,0,1,0,11767
0.018518518518518545,0.0,0.3333333333333333,0.01564129301355579,0.0,0.0,0.125,0,0,0,1,1,0,1,0,0,0,0,0,6879
0.1296296296296296,0.0,0.6666666666666667,0.03441084462982273,0.5,0.0,0.25,0,0,1,0,1,0,0,0,0,0,0,1,8241
0.037037037037037035,0.0,0.3333333333333333,0.023983315954118876,0.5,0.0,0.5,1,0,0,0,1,0,0,1,0,1,0,0,13684
0.3148148148148148,0.0021929824561403508,0.0,0.0031282586027111575,0.0,0.42857142857142855,0.25,0,0,1,0,1,0,0,0,0,0,0,0,10342
0.4074074074074074,0.0,0.6666666666666667,0.03649635036496351,1.0,0.0,0.125,0,0,0,0,1,0,0,1,0,0,0,0,22278
0.49999999999999994,0.006578947368421052,0.6666666666666667,0.03962460896767466,0.5,0.42857142857142855,0.625,0,0,1,0,0,0,0,1,1,0,0,1,21233
0.018518518518518545,0.0021929824561403508,0.0,0.0010427528675703858,1.0,0.0,0.625,0,0,0,1,1,0,0,0,0,1,1,0,17641
0.055555555555555525,0.0021929824561403508,0.3333333333333333,0.01772679874869656,0.0,0.0,0.125,1,0,0,1,1,0,0,0,0,0,0,0,6030
0.7777777777777779,0.0043859649122807015,0.6666666666666667,0.030239833159541193,0.0,0.42857142857142855,0.625,0,0,0,1,0,0,0,0,0,0,0,1,14315
0.14814814814814814,0.0021929824561403508,0.0,0.00521376433785193,0.5,0.0,0.0,0,0,0,0,1,0,0,0,0,0,1,0,13370
0.09259259259259262,0.0,0.6666666666666667,0.03232533889468196,0.0,0.0,0.625,0,0,1,0,1,0,0,1,0,0,1,0,7845
0.5925925925925926,0.006578947368421052,0.3333333333333333,0.018769551616266946,1.0,0.42857142857142855,0.5,0,0,0,0,0,0,1,0,1,0,0,1,31623
0.4074074074074074,0.006578947368421052,0.0,0.008342022940563087,0.0,1.0,0.625,0,0,1,0,0,0,0,1,1,0,1,0,17917
0.3888888888888889,0.0043859649122807015,1.0,0.09071949947862357,0.5,0.42857142857142855,0.125,0,0,0,0,0,0,1,0,0,1,0,0,22476
0.1111111111111111,0.0,0.6666666666666667,0.029197080291970805,0.0,0.0,0.25,1,0,1,0,1,0,1,0,0,1,0,1,10240
0.07407407407407407,0.0021929824561403508,0.3333333333333333,0.019812304483837334,0.0,0.42857142857142855,1.0,0,1,0,0,1,0,1,0,0,1,0,1,17294
0.16666666666666669,0.006578947368421052,0.6666666666666667,0.03753910323253389,0.5,0.7857142857142857,0.25,0,0,1,0,0,0,0,0,0,1,1,0,23333
0.1111111111111111,0.006578947368421052,0.0,0.004171011470281543,0.0,0.0,0.125,0,0,0,1,0,0,0,0,0,0,0,0,5336
0.6111111111111112,0.006578947368421052,0.0,0.004171011470281543,0.5,0.42857142857142855,0.25,0,0,0,1,0,1,0,0,0,0,0,1,23954
0.07407407407407407,0.0,0.0,0.00521376433785193,0.0,0.0,0.125,0,0,1,0,1,0,0,1,1,0,1,0,7584
0.018518518518518545,0.0,0.0,0.0031282586027111575,0.0,0.0,0.125,0,0,0,1,1,0,0,0,0,0,1,0,4435
0.3888888888888889,0.006578947368421052,0.6666666666666667,0.03128258602711158,0.5,0.35714285714285715,0.25,1,0,1,0,0,1,0,0,0,0,0,1,20928
0.14814814814814814,0.006578947368421052,0.3333333333333333,0.009384775808133473,0.5,0.42857142857142855,0.125,1,0,0,1,0,0,0,0,0,1,1,0,18825
0.1111111111111111,0.0021929824561403508,0.6666666666666667,0.02606882168925965,0.0,0.0,0.25,1,1,0,0,1,0,0,0,0,0,1,0,6863
0.5185185185185186,0.006578947368421052,0.0,0.004171011470281543,0.5,0.0,0.0,0,0,0,1,0,1,0,0,0,1,0,1,24468
0.3703703703703704,0.006578947368421052,1.0,0.06465067778936393,0.5,0.42857142857142855,0.125,0,1,0,0,0,0,0,1,1,0,1,0,17236
0.4074074074074074,0.008771929824561403,1.0,0.04275286757038582,1.0,0.42857142857142855,0.25,1,0,1,0,0,1,0,0,0,1,0,1,31522
0.49999999999999994,0.0043859649122807015,0.3333333333333333,0.009384775808133473,0.5,1.0,0.625,0,0,0,1,0,0,0,1,1,0,1,0,25497
0.14814814814814814,0.006578947368421052,0.0,0.0031282586027111575,0.0,0.42857142857142855,0.5,0,0,1,0,0,0,1,0,1,0,1,0,15508
0.6481481481481481,0.0043859649122807015,0.6666666666666667,0.027111574556830033,1.0,0.42857142857142855,0.25,0,1,0,0,0,0,1,0,0,0,0,1,29779
0.6851851851851851,0.006578947368421052,0.3333333333333333,0.02294056308654849,1.0,0.42857142857142855,1.0,1,0,0,0,0,0,0,0,0,1,0,0,35868
0.14814814814814814,0.006578947368421052,0.0,0.004171011470281543,0.0,0.0,0.25,0,0,1,0,0,0,0,0,0,1,0,1,12285
0.6666666666666667,0.0043859649122807015,0.3333333333333333,0.016684045881126174,1.0,0.42857142857142855,0.25,0,0,0,1,0,1,0,0,0,0,1,0,32010
0.0,0.0,0.6666666666666667,0.03753910323253389,1.0,0.0,0.125,0,0,1,0,1,0,0,0,0,0,1,0,11854
0.7777777777777779,0.0043859649122807015,0.3333333333333333,0.018769551616266946,1.0,0.42857142857142855,0.25,1,0,0,1,0,0,1,0,0,0,1,0,31049
0.3148148148148148,0.0021929824561403508,0.3333333333333333,0.013555787278415015,0.5,0.0,0.125,1,1,0,0,1,0,0,0,0,0,1,0,14038
0.3518518518518518,0.0,0.0,0.0031282586027111575,0.5,0.42857142857142855,0.25,1,0,0,1,1,0,1,0,0,0,1,0,19533
0.5555555555555556,0.006578947368421052,0.6666666666666667,0.03545359749739312,1.0,0.35714285714285715,0.125,1,0,1,0,0,0,0,0,1,0,0,1,28153
0.6666666666666667,0.010964912280701754,1.0,0.10114702815432743,1.0,0.42857142857142855,0.125,0,0,0,0,0,1,0,0,0,0,1,0,31196
0.055555555555555525,0.0021929824561403508,0.0,0.008342022940563087,0.0,0.0,0.125,1,0,1,0,1,0,0,0,0,0,1,0,5217
0.537037037037037,0.006578947368421052,0.0,0.0020855057351407717,0.5,0.35714285714285715,1.0,0,0,1,0,0,0,1,0,0,0,1,0,26213
0.5555555555555556,0.008771929824561403,0.3333333333333333,0.011470281543274244,1.0,0.35714285714285715,0.625,1,0,1,0,0,0,0,1,0,0,0,1,31585
0.3333333333333333,0.006578947368421052,0.0,0.0020855057351407717,0.0,0.42857142857142855,0.625,0,0,0,1,0,0,0,0,1,0,1,0,13536
0.037037037037037035,0.0,0.6666666666666667,0.03232533889468196,0.0,0.0,0.5,0,0,0,1,1,0,0,0,0,0,0,0,6422
0.574074074074074,0.0043859649122807015,0.0,0.00521376433785193,0.0,0.42857142857142855,0.125,0,0,0,1,0,0,0,0,0,0,1,0,11211
0.6666666666666667,0.008771929824561403,0.3333333333333333,0.018769551616266946,1.0,0.42857142857142855,0.625,0,0,1,0,0,0,0,0,0,1,1,0,33184
0.4259259259259259,0.010964912280701754,0.0,0.008342022940563087,0.0,0.0,0.25,0,0,1,0,0,0,0,0,1,0,0,1,9884
0.5555555555555556,0.0021929824561403508,0.6666666666666667,0.03232533889468196,1.0,0.42857142857142855,0.125,1,0,0,0,1,0,0,0,0,0,0,1,26628
0.09259259259259262,0.006578947368421052,0.0,0.004171011470281543,0.0,0.0,0.25,0,0,0,1,0,0,0,0,0,0,1,0,6053
0.7222222222222223,0.006578947368421052,0.0,0.004171011470281543,0.5,0.35714285714285715,0.125,0,0,0,0,0,0,1,0,0,0,0,1,21021
0.6296296296296295,0.0043859649122807015,1.0,0.05839416058394161,1.0,0.42857142857142855,0.625,1,0,1,0,0,0,1,0,0,1,0,1,35957
0.018518518518518545,0.0043859649122807015,0.0,0.0010427528675703858,0.0,0.0,1.0,0,0,1,0,1,0,0,0,0,0,0,0,10214
0.46296296296296297,0.006578947368421052,0.0,0.004171011470281543,0.0,0.42857142857142855,0.625,1,0,0,1,0,0,1,0,0,1,1,0,18161
0.6666666666666667,0.010964912280701754,1.0,0.08133472367049009,1.0,0.42857142857142855,0.125,0,0,0,1,0,1,0,0,0,0,1,0,31421
0.018518518518518545,0.0,0.6666666666666667,0.03128258602711158,0.5,0.0,0.25,0,0,1,0,1,0,0,1,0,0,0,0,10338
0.055555555555555525,0.0021929824561403508,0.0,0.006256517205422314,0.0,0.0,0.125,1,0,1,0,1,0,0,0,0,0,1,0,5045
0.09259259259259262,0.0,0.0,0.006256517205422314,0.0,0.0,0.625,0,0,1,0,1,0,1,0,0,0,1,0,9543
0.3703703703703704,0.0043859649122807015,0.3333333333333333,0.014598540145985403,0.5,0.42857142857142855,0.625,1,0,0,0,0,0,1,0,0,1,0,0,23729
0.6111111111111112,0.008771929824561403,0.6666666666666667,0.03858185610010428,1.0,0.35714285714285715,0.5,0,1,0,0,0,1,0,0,0,1,0,0,36736
0.5925925925925926,0.0,1.0,0.07090719499478623,1.0,1.0,0.25,1,0,0,1,1,0,0,0,0,0,0,1,32922
0.07407407407407407,0.0,0.0,0.004171011470281543,1.0,0.0,1.0,0,0,0,0,1,0,0,0,0,0,0,1,15873
0.24074074074074076,0.0,1.0,0.04692387904066737,1.0,0.0,0.625,0,0,0,1,1,0,1,0,1,0,1,0,26827
0.5555555555555556,0.0,0.0,0.0010427528675703858,0.5,0.42857142857142855,0.0,0,0,0,1,1,1,0,0,0,0,1,0,23827
0.0,0.0,0.0,0.0010427528675703858,0.0,0.0,0.125,0,0,1,0,1,0,0,0,0,0,0,1,5306
0.5925925925925926,0.006578947368421052,0.6666666666666667,0.03441084462982273,1.0,0.42857142857142855,0.625,0,1,0,0,0,0,0,0,0,1,0,1,33527
0.0,0.0043859649122807015,0.0,0.006256517205422314,0.5,0.0,0.25,1,0,0,0,1,0,0,1,0,0,0,0,9163
0.037037037037037035,0.0,0.6666666666666667,0.04066736183524505,0.0,0.0,0.25,1,0,1,0,1,0,0,0,1,0,0,1,6713
0.574074074074074,0.0021929824561403508,0.3333333333333333,0.019812304483837334,1.0,0.42857142857142855,0.25,1,0,1,0,1,0,1,0,0,0,1,0,30021
0.5925925925925926,0.0043859649122807015,1.0,0.06465067778936393,1.0,0.5714285714285714,0.5,0,0,0,1,0,0,1,0,0,0,0,0,35434
0.055555555555555525,0.0,0.6666666666666667,0.02502606882168926,0.5,0.0,0.25,1,0,1,0,1,1,0,0,0,0,0,0,12613
0.6296296296296295,0.008771929824561403,0.6666666666666667,0.03128258602711158,1.0,0.42857142857142855,0.625,1,0,1,0,0,0,0,0,0,1,1,0,33577
0.537037037037037,0.006578947368421052,0.0,0.006256517205422314,0.5,0.42857142857142855,0.625,0,0,0,1,0,0,1,0,0,0,1,0,24216
0.5925925925925926,0.010964912280701754,0.6666666666666667,0.03336809176225235,1.0,0.42857142857142855,0.125,0,0,0,0,0,0,1,0,0,0,0,1,30630
0.07407407407407407,0.0021929824561403508,0.3333333333333333,0.021897810218978103,0.5,0.0,1.0,1,0,1,0,1,0,0,0,0,1,1,0,14949
0.3333333333333333,0.010964912280701754,0.0,0.006256517205422314,1.0,0.5714285714285714,0.625,1,0,0,0,0,0,0,0,0,1,1,0,32724
0.4259259259259259,0.0043859649122807015,1.0,0.08759124087591241,1.0,0.35714285714285715,0.625,0,0,1,0,0,0,1,0,0,0,0,0,26991
0.018518518518518545,0.0021929824561403508,1.0,0.08029197080291971,0.5,0.0,0.5,0,0,1,0,1,0,0,1,0,0,0,0,10257
0.7592592592592593,0.006578947368421052,0.6666666666666667,0.03336809176225235,1.0,0.35714285714285715,0.125,0,0,1,0,0,0,0,0,0,0,1,0,27632
0.3888888888888889,0.010964912280701754,0.0,0.0010427528675703858,0.0,0.42857142857142855,0.5,0,0,1,0,0,1,0,0,1,0,1,0,16931
0.018518518518518545,0.0021929824561403508,0.0,0.004171011470281543,0.0,0.0,0.625,0,1,0,0,1,0,0,1,0,0,1,0,8124
0.5925925925925926,0.006578947368421052,0.0,0.006256517205422314,0.5,0.42857142857142855,0.25,1,0,0,1,0,0,1,0,0,1,0,1,25204
0.24074074074074076,0.006578947368421052,0.3333333333333333,0.02502606882168926,0.5,0.42857142857142855,0.625,1,1,0,0,0,0,0,0,0,0,1,0,18658
0.1111111111111111,0.0,1.0,0.07507820646506778,0.5,0.0,0.5,1,0,1,0,1,0,0,0,0,0,0,0,10805
0.09259259259259262,0.0,1.0,0.05318039624608968,0.5,0.0,0.625,0,0,0,1,1,0,0,0,0,1,0,0,14505
0.6296296296296295,0.0,0.6666666666666667,0.030239833159541193,1.0,0.42857142857142855,0.625,0,0,1,0,1,0,0,0,0,0,0,1,30974
0.25925925925925924,0.0,0.0,0.004171011470281543,0.0,0.42857142857142855,0.25,1,0,1,0,1,0,0,0,0,1,0,0,13008
0.48148148148148145,0.006578947368421052,0.0,0.0031282586027111575,0.0,0.42857142857142855,0.625,0,0,0,1,0,0,1,0,0,1,1,0,17754
0.6296296296296295,0.010964912280701754,1.0,0.06569343065693431,1.0,0.42857142857142855,0.625,0,0,0,1,0,0,0,0,0,0,0,0,30854
0.1111111111111111,0.0021929824561403508,0.0,0.004171011470281543,0.0,0.0,1.0,0,0,0,0,1,0,0,0,0,0,1,0,9319
0.3888888888888889,0.006578947368421052,0.0,0.004171011470281543,0.0,0.0,0.5,1,0,1,0,0,0,0,0,0,1,1,0,13319
0.3148148148148148,0.006578947368421052,0.3333333333333333,0.018769551616266946,1.0,0.0,0.25,0,1,0,0,0,0,0,0,0,0,0,1,21365
0.4074074074074074,0.008771929824561403,0.0,0.0020855057351407717,0.0,0.42857142857142855,0.625,1,0,1,0,0,0,0,0,0,0,1,0,11592
0.0,0.0,0.6666666666666667,0.028154327424400417,1.0,0.0,0.25,0,1,0,0,1,0,0,0,0,0,0,0,11764
0.09259259259259262,0.0,0.0,0.0031282586027111575,0.0,0.0,0.625,0,0,0,0,1,0,0,1,1,0,0,1,9299
0.4259259259259259,0.010964912280701754,0.0,0.0010427528675703858,1.0,0.42857142857142855,0.625,0,0,0,0,0,0,0,0,0,1,1,0,27739
0.3333333333333333,0.006578947368421052,1.0,0.04066736183524505,1.0,0.35714285714285715,0.625,0,0,1,0,0,0,0,0,1,0,0,1,26739
0.44444444444444436,0.008771929824561403,0.3333333333333333,0.016684045881126174,0.5,0.42857142857142855,0.5,1,0,0,0,0,0,0,1,0,1,0,0,22644
0.6481481481481481,0.0043859649122807015,1.0,0.08654848800834203,0.5,0.7857142857142857,0.125,0,1,0,0,0,1,0,0,0,0,1,0,26442
0.24074074074074076,0.006578947368421052,1.0,0.07820646506777894,1.0,0.42857142857142855,0.0,0,0,1,0,0,0,0,0,0,1,1,0,25565
0.037037037037037035,0.0021929824561403508,0.0,0.004171011470281543,0.0,0.0,0.25,0,0,0,0,1,1,0,0,0,0,1,0,9950
0.018518518518518545,0.0043859649122807015,0.0,0.004171011470281543,0.0,0.0,0.25,0,0,0,1,1,0,0,0,1,0,0,1,5987
0.6851851851851851,0.006578947368421052,0.6666666666666667,0.03441084462982273,0.0,0.42857142857142855,0.125,0,0,0,1,0,0,1,0,0,0,1,0,14267
0.3703703703703704,0.006578947368421052,0.3333333333333333,0.021897810218978103,0.5,0.5714285714285714,0.625,0,0,1,0,0,0,1,0,0,0,0,1,25721
0.8518518518518519,0.0021929824561403508,0.3333333333333333,0.014598540145985403,1.0,0.42857142857142855,0.0,0,0,0,1,0,0,1,0,0,0,0,1,35191
0.3888888888888889,0.006578947368421052,1.0,0.059436913451511995,1.0,0.42857142857142855,0.25,0,0,1,0,0,0,1,0,0,0,1,0,24838
0.7592592592592593,0.006578947368421052,0.3333333333333333,0.016684045881126174,1.0,0.42857142857142855,0.625,0,1,0,0,0,0,0,0,0,1,0,1,33968
0.3518518518518518,0.0043859649122807015,0.0,0.0,0.0,0.5714285714285714,0.625,0,0,0,1,0,0,0,0,1,0,1,0,16612
0.07407407407407407,0.006578947368421052,0.0,0.00521376433785193,0.0,0.0,0.125,0,0,1,0,0,0,0,0,0,0,0,0,5286
0.18518518518518517,0.006578947368421052,0.3333333333333333,0.011470281543274244,0.5,0.35714285714285715,0.625,0,0,0,1,0,0,0,1,1,0,1,0,20217
0.7407407407407407,0.0,1.0,0.043795620437956206,1.0,0.42857142857142855,0.25,0,0,0,1,1,0,0,0,0,0,1,0,27692
0.6666666666666667,0.0021929824561403508,0.6666666666666667,0.028154327424400417,1.0,0.42857142857142855,1.0,0,0,1,0,1,1,0,0,0,0,0,0,35902
0.27777777777777773,0.0021929824561403508,0.0,0.006256517205422314,0.0,0.42857142857142855,0.25,1,0,0,0,1,0,1,0,0,0,1,0,13468
0.3703703703703704,0.0043859649122807015,0.0,0.0,0.0,0.42857142857142855,0.125,0,0,0,1,1,0,1,0,0,0,1,0,12277
0.6296296296296295,0.006578947368421052,0.3333333333333333,0.016684045881126174,1.0,0.42857142857142855,0.125,0,0,1,0,0,1,0,0,1,0,0,1,31845
0.6666666666666667,0.0043859649122807015,0.3333333333333333,0.023983315954118876,1.0,0.42857142857142855,0.625,0,1,0,0,0,0,0,1,0,0,0,0,30903
0.6851851851851851,0.0,0.3333333333333333,0.009384775808133473,1.0,0.0,0.5,0,0,1,0,1,0,0,0,1,0,1,0,28946
0.037037037037037035,0.0,1.0,0.08029197080291971,0.5,0.0,0.5,0,1,0,0,1,0,1,0,0,0,0,0,11777
0.14814814814814814,0.008771929824561403,0.3333333333333333,0.02502606882168926,0.5,1.0,0.125,0,0,1,0,0,0,1,0,0,0,0,0,23786
0.07407407407407407,0.0021929824561403508,0.0,0.0072992700729927005,0.0,0.42857142857142855,0.125,1,0,1,0,1,0,0,0,0,0,0,0,6360
0.3333333333333333,0.0,0.3333333333333333,0.01251303441084463,0.5,0.35714285714285715,0.625,0,0,0,0,1,0,1,0,0,0,0,1,21360
0.4074074074074074,0.008771929824561403,0.0,0.008342022940563087,0.0,0.42857142857142855,0.25,0,0,0,1,0,0,0,0,0,0,1,0,10718
0.14814814814814814,0.008771929824561403,0.0,0.0072992700729927005,0.0,0.42857142857142855,0.125,0,0,1,0,0,0,1,0,0,0,1,0,12206
0.1296296296296296,0.0021929824561403508,0.0,0.008342022940563087,0.0,0.0,0.625,0,1,0,0,1,0,0,1,0,0,0,1,8019
0.6481481481481481,0.008771929824561403,0.3333333333333333,0.009384775808133473,1.0,0.42857142857142855,1.0,1,0,0,0,0,0,1,0,1,0,1,0,35060
0.6111111111111112,0.010964912280701754,0.3333333333333333,0.014598540145985403,1.0,0.42857142857142855,0.5,0,0,1,0,0,0,0,0,0,0,0,0,30402
0.16666666666666669,0.0,1.0,0.08342022940563087,1.0,0.42857142857142855,0.25,0,0,0,1,1,0,1,0,0,1,1,0,29189
0.018518518518518545,0.0043859649122807015,1.0,0.059436913451511995,0.0,0.0,0.25,1,0,0,1,1,0,0,0,0,0,1,0,6458
0.09259259259259262,0.0,1.0,0.09489051094890512,0.5,0.0,0.125,0,0,1,0,1,0,0,1,0,0,1,0,9075
0.1111111111111111,0.0,0.6666666666666667,0.02606882168925965,0.0,0.0,0.5,0,1,0,0,1,0,0,1,0,0,1,0,8182
0.7407407407407407,0.0043859649122807015,0.3333333333333333,0.02294056308654849,1.0,0.42857142857142855,0.25,1,0,1,0,0,0,1,0,0,1,1,0,33742
0.7592592592592593,0.006578947368421052,0.3333333333333333,0.014598540145985403,1.0,0.42857142857142855,0.25,0,0,1,0,0,0,0,0,0,0,0,0,27400
0.037037037037037035,0.0021929824561403508,0.0,0.0010427528675703858,1.0,0.0,0.5,0,0,1,0,1,0,0,1,0,1,0,0,16591
0.5185185185185186,0.006578947368421052,0.3333333333333333,0.019812304483837334,1.0,0.35714285714285715,0.625,0,0,0,1,0,1,0,0,0,0,0,0,34006
0.16666666666666669,0.008771929824561403,0.3333333333333333,0.016684045881126174,0.5,0.42857142857142855,0.625,0,0,0,1,0,0,0,0,0,0,0,1,19105
0.24074074074074076,0.0,0.3333333333333333,0.02294056308654849,0.5,0.42857142857142855,0.25,0,0,1,0,1,0,0,1,0,0,0,0,17500
0.018518518518518545,0.0,1.0,0.06986444212721585,1.0,0.0,0.625,0,0,1,0,1,0,0,1,1,0,0,1,15607
0.4074074074074074,0.0,0.6666666666666667,0.02606882168925965,1.0,0.0,0.5,1,0,0,1,1,0,1,0,0,1,1,0,28730
0.2962962962962962,0.0021929824561403508,0.6666666666666667,0.02606882168925965,0.0,0.35714285714285715,0.25,1,0,0,0,1,0,0,1,0,1,0,0,13889
0.3518518518518518,0.0,0.3333333333333333,0.021897810218978103,1.0,0.42857142857142855,0.125,1,0,1,0,1,0,0,0,0,1,0,1,25304
0.14814814814814814,0.0,0.0,0.0010427528675703858,0.0,0.5714285714285714,0.625,0,0,0,1,1,1,0,0,1,0,1,0,21997
0.24074074074074076,0.0,0.0,0.00521376433785193,0.0,0.42857142857142855,0.125,1,1,0,0,1,0,0,0,1,0,0,1,11837
0.5185185185185186,0.008771929824561403,0.6666666666666667,0.03858185610010428,1.0,0.42857142857142855,0.625,1,0,0,1,0,0,0,1,0,1,1,0,33897
0.7222222222222223,0.006578947368421052,0.0,0.0072992700729927005,0.5,1.0,0.625,1,0,0,1,0,0,1,0,0,0,1,0,28358
0.7222222222222223,0.006578947368421052,0.6666666666666667,0.03441084462982273,1.0,0.42857142857142855,0.625,0,0,0,0,0,1,0,0,0,1,0,0,36313
0.25925925925925924,0.0,0.0,0.00521376433785193,0.0,0.8571428571428571,0.625,1,0,0,0,1,0,0,0,0,1,1,0,17187
0.3148148148148148,0.006578947368421052,0.0,0.00521376433785193,0.0,0.8571428571428571,1.0,0,0,0,1,0,0,1,0,0,0,1,0,19274
0.018518518518518545,0.0,0.6666666666666667,0.02606882168925965,0.0,0.0,0.125,0,0,0,1,1,0,0,1,0,0,0,1,6496
0.018518518518518545,0.0,0.6666666666666667,0.03336809176225235,0.0,0.0,1.0,1,0,0,1,1,0,0,0,0,0,0,0,8621
0.037037037037037035,0.0,1.0,0.08759124087591241,1.0,0.0,0.25,0,0,0,0,1,0,0,0,0,0,0,0,12628
0.27777777777777773,0.0,0.6666666666666667,0.03962460896767466,0.5,0.42857142857142855,0.0,0,0,1,0,1,0,1,0,1,0,1,0,18680
0.48148148148148145,0.0,0.0,0.004171011470281543,0.5,0.35714285714285715,0.25,1,1,0,0,1,1,0,0,0,0,0,0,20898
0.46296296296296297,0.0043859649122807015,0.6666666666666667,0.04066736183524505,1.0,0.42857142857142855,0.25,0,0,0,1,0,0,1,0,1,0,0,1,27052
0.3888888888888889,0.010964912280701754,0.0,0.0,0.5,0.35714285714285715,0.125,1,0,0,0,0,0,0,0,1,0,0,1,18541
0.018518518518518545,0.0021929824561403508,0.6666666666666667,0.029197080291970805,0.0,0.0,0.125,0,0,0,1,1,0,1,0,0,1,1,0,9319
0.7407407407407407,0.0043859649122807015,0.6666666666666667,0.027111574556830033,0.5,0.42857142857142855,0.625,0,0,0,1,0,0,0,0,0,0,0,0,22694
0.16666666666666669,0.006578947368421052,0.0,0.0,0.0,0.35714285714285715,0.25,1,0,0,1,0,0,0,0,0,1,1,0,13936
0.27777777777777773,0.008771929824561403,0.0,0.0031282586027111575,0.0,0.35714285714285715,0.125,1,1,0,0,0,0,1,0,0,1,1,0,14881
0.25925925925925924,0.0043859649122807015,0.0,0.008342022940563087,0.0,0.35714285714285715,0.125,0,0,0,0,0,1,0,0,0,0,1,0,14875
0.0,0.0,1.0,0.045881126173096975,0.5,0.0,0.125,0,1,0,0,1,0,0,0,0,0,0,0,9418
0.44444444444444436,0.0021929824561403508,0.0,0.0010427528675703858,0.0,0.42857142857142855,0.625,1,0,0,1,1,0,1,0,0,1,1,0,17683
0.7407407407407407,0.008771929824561403,0.0,0.0010427528675703858,0.5,0.35714285714285715,0.25,1,0,0,1,0,1,0,0,0,1,1,0,26375
0.7222222222222223,0.0,0.3333333333333333,0.009384775808133473,1.0,0.42857142857142855,0.625,0,0,1,0,1,1,0,0,0,0,0,0,34234
0.7222222222222223,0.0043859649122807015,0.3333333333333333,0.019812304483837334,1.0,0.35714285714285715,0.625,0,0,1,0,0,1,0,0,0,0,1,0,33449
0.1111111111111111,0.0,0.0,0.00521376433785193,0.0,0.0,0.125,0,1,0,0,1,0,0,1,0,0,1,0,5444
0.7777777777777779,0.0043859649122807015,0.3333333333333333,0.016684045881126174,1.0,0.0,0.0,0,0,0,1,0,0,0,1,0,0,0,1,24990
0.4074074074074074,0.006578947368421052,1.0,0.09071949947862357,1.0,0.42857142857142855,0.125,1,0,1,0,0,0,1,0,0,0,1,0,24443
0.037037037037037035,0.0043859649122807015,0.0,0.004171011470281543,1.0,0.0,0.0,1,0,0,1,1,0,0,0,0,1,1,0,14195
0.3888888888888889,0.0,0.6666666666666667,0.03753910323253389,0.5,0.42857142857142855,0.25,1,0,1,0,1,0,1,0,0,0,1,0,19338
0.44444444444444436,0.0,0.3333333333333333,0.016684045881126174,1.0,1.0,0.625,1,1,0,0,1,0,0,1,0,1,1,0,32236
0.7777777777777779,0.008771929824561403,0.0,0.004171011470281543,0.5,0.42857142857142855,0.0,0,0,1,0,0,0,0,0,0,0,0,1,18770
0.037037037037037035,0.0,0.0,0.0020855057351407717,0.5,0.42857142857142855,0.625,0,0,1,0,1,0,0,0,0,0,1,0,13921
0.5185185185185186,0.008771929824561403,0.3333333333333333,0.009384775808133473,1.0,0.42857142857142855,0.625,0,0,1,0,0,0,1,0,0,0,0,1,31502
0.037037037037037035,0.0021929824561403508,1.0,0.04692387904066737,0.5,0.0,0.25,0,1,0,0,1,0,0,1,0,0,1,0,8875
0.2962962962962962,0.0043859649122807015,0.0,0.008342022940563087,0.0,0.42857142857142855,0.625,0,1,0,0,0,0,1,0,0,0,0,1,15192
0.07407407407407407,0.0,1.0,0.07090719499478623,0.5,0.0,0.25,1,0,0,1,1,0,0,0,0,1,0,1,11349
0.7777777777777779,0.006578947368421052,1.0,0.0521376433785193,1.0,0.42857142857142855,0.5,0,0,1,0,0,0,1,0,0,0,0,1,31841
0.24074074074074076,0.0043859649122807015,0.0,0.0,0.0,0.7857142857142857,0.625,1,0,0,1,0,0,1,0,0,1,1,0,19107
0.6666666666666667,0.006578947368421052,0.0,0.0031282586027111575,0.5,0.42857142857142855,0.125,0,0,0,1,0,0,0,0,0,0,1,0,20180
0.6296296296296295,0.008771929824561403,0.0,0.008342022940563087,0.5,1.0,0.5,1,1,0,0,0,1,0,0,0,1,0,0,31825
0.7222222222222223,0.0,1.0,0.05839416058394161,1.0,0.0,0.625,1,0,1,0,1,1,0,0,0,1,0,1,35127
0.48148148148148145,0.0043859649122807015,0.0,0.0072992700729927005,0.5,0.0,0.125,0,1,0,0,0,0,1,0,0,1,1,0,19780
0.5185185185185186,0.006578947368421052,0.3333333333333333,0.02294056308654849,1.0,0.42857142857142855,0.5,1,1,0,0,0,0,1,0,0,1,1,0,35180
0.7407407407407407,0.0043859649122807015,0.6666666666666667,0.028154327424400417,1.0,0.7857142857142857,0.625,0,0,0,1,0,0,0,0,1,0,0,1,33995
0.0,0.0021929824561403508,0.0,0.0031282586027111575,0.0,0.0,0.125,0,0,1,0,1,0,0,0,0,0,1,0,5983
0.07407407407407407,0.0,0.3333333333333333,0.01772679874869656,0.0,0.0,0.125,0,0,0,0,1,1,0,0,0,0,0,0,8608
0.055555555555555525,0.0,0.0,0.0,0.0,0.0,1.0,0,0,0,1,1,0,0,0,0,0,0,0,9234
0.48148148148148145,0.0,0.0,0.008342022940563087,0.0,0.0,1.0,0,0,0,0,1,0,0,0,0,0,1,0,12805
0.6851851851851851,0.008771929824561403,0.3333333333333333,0.019812304483837334,1.0,0.35714285714285715,0.5,1,0,0,0,0,0,1,0,1,0,1,0,33474
0.5185185185185186,0.006578947368421052,0.0,0.0031282586027111575,0.5,0.42857142857142855,0.125,0,0,1,0,0,1,0,0,0,0,1,0,23073
0.2962962962962962,0.006578947368421052,1.0,0.043795620437956206,1.0,0.35714285714285715,0.125,1,0,0,1,0,1,0,0,0,1,1,0,29885
0.3703703703703704,0.010964912280701754,0.6666666666666667,0.03962460896767466,0.5,0.42857142857142855,0.125,1,0,1,0,0,0,1,0,0,0,1,0,19449
0.055555555555555525,0.0021929824561403508,0.6666666666666667,0.030239833159541193,0.0,0.0,0.625,1,1,0,0,1,0,0,0,0,0,0,0,8188
0.018518518518518545,0.0,0.0,0.008342022940563087,0.0,0.0,0.625,0,1,0,0,1,0,0,0,0,0,0,1,8452
0.037037037037037035,0.0021929824561403508,0.3333333333333333,0.009384775808133473,0.0,0.42857142857142855,0.625,0,0,0,1,1,0,0,0,0,0,0,0,8648
0.7592592592592593,0.008771929824561403,0.6666666666666667,0.03128258602711158,1.0,0.42857142857142855,0.25,0,0,1,0,0,0,1,0,0,0,0,1,30507
0.537037037037037,0.0043859649122807015,0.3333333333333333,0.021897810218978103,1.0,0.42857142857142855,0.25,1,0,0,1,0,0,0,0,0,0,0,1,28477
0.1296296296296296,0.0021929824561403508,0.0,0.0,0.0,0.0,0.25,1,0,0,0,1,0,0,1,0,0,0,0,7225
0.44444444444444436,0.008771929824561403,0.0,0.006256517205422314,0.0,0.42857142857142855,0.125,0,0,0,1,0,1,0,0,0,0,1,0,14295
0.25925925925925924,0.0043859649122807015,0.3333333333333333,0.019812304483837334,0.5,0.7857142857142857,1.0,1,1,0,0,0,0,1,0,1,0,1,0,26710
0.574074074074074,0.006578947368421052,0.0,0.0020855057351407717,0.5,0.42857142857142855,0.0,1,0,1,0,0,0,1,0,0,1,1,0,25195
0.4074074074074074,0.006578947368421052,0.0,0.0020855057351407717,0.0,0.42857142857142855,0.625,0,0,0,1,0,0,0,0,0,0,0,1,11957
0.6296296296296295,0.006578947368421052,0.3333333333333333,0.021897810218978103,1.0,0.42857142857142855,0.625,0,0,1,0,0,1,0,0,0,0,0,1,33211
0.018518518518518545,0.0021929824561403508,0.6666666666666667,0.03858185610010428,0.0,0.0,0.125,0,0,0,0,1,0,0,0,0,1,0,0,7380
0.4259259259259259,0.0043859649122807015,0.0,0.0010427528675703858,0.0,0.42857142857142855,0.25,1,0,0,1,0,0,0,0,0,0,1,0,11449
0.7962962962962963,0.0021929824561403508,0.6666666666666667,0.03545359749739312,1.0,0.42857142857142855,0.25,0,0,0,1,0,0,1,0,0,0,1,0,35722
0.07407407407407407,0.0021929824561403508,0.3333333333333333,0.01251303441084463,0.0,0.0,0.125,0,0,0,1,1,0,0,1,0,0,0,0,6295
0.037037037037037035,0.0021929824561403508,1.0,0.1032325338894682,0.5,0.0,0.625,0,0,0,1,1,0,1,0,0,1,0,1,16782
0.46296296296296297,0.008771929824561403,1.0,0.07820646506777894,1.0,0.8571428571428571,0.125,1,0,0,1,0,0,0,0,0,1,0,1,27524
0.1111111111111111,0.0,1.0,0.06569343065693431,0.5,0.0,1.0,1,0,0,1,1,0,0,0,0,1,0,1,15548
0.0,0.0,0.0,0.0,0.0,0.0,0.5,1,0,1,0,1,0,0,0,1,0,0,0,8342
0.018518518518518545,0.0,0.6666666666666667,0.030239833159541193,0.0,0.0,0.5,0,0,1,0,1,0,0,0,0,0,0,1,7440
0.3703703703703704,0.010964912280701754,0.0,0.006256517205422314,0.0,0.42857142857142855,0.625,1,0,1,0,0,0,0,0,0,1,0,0,15017
0.49999999999999994,0.0043859649122807015,0.0,0.008342022940563087,0.0,0.42857142857142855,0.5,0,0,0,0,0,0,0,0,0,1,0,1,14353
0.3888888888888889,0.0021929824561403508,0.6666666666666667,0.027111574556830033,0.5,0.42857142857142855,0.25,1,0,0,0,1,0,0,0,0,1,0,0,19858
0.7222222222222223,0.006578947368421052,0.0,0.0,0.5,0.42857142857142855,1.0,1,0,1,0,0,0,1,0,1,0,0,1,26917
0.24074074074074076,0.008771929824561403,0.0,0.0020855057351407717,1.0,0.42857142857142855,0.25,0,1,0,0,0,0,0,0,1,0,0,0,25102
0.14814814814814814,0.006578947368421052,0.3333333333333333,0.02502606882168926,0.5,0.42857142857142855,1.0,0,0,0,1,0,0,1,0,0,0,1,0,23480
0.037037037037037035,0.0,0.3333333333333333,0.014598540145985403,0.0,0.0,0.25,0,0,0,1,1,0,0,0,1,0,1,0,7447
0.574074074074074,0.008771929824561403,0.0,0.0010427528675703858,0.5,0.0,0.25,0,0,0,0,0,0,0,0,0,0,1,0,17896
0.037037037037037035,0.0,0.3333333333333333,0.019812304483837334,0.0,0.0,0.625,1,0,1,0,1,0,0,1,0,0,1,0,7808
0.5925925925925926,0.010964912280701754,1.0,0.0521376433785193,1.0,0.42857142857142855,0.25,1,0,1,0,0,0,1,0,0,0,0,1,30527
0.24074074074074076,0.006578947368421052,0.3333333333333333,0.02085505735140772,1.0,0.7857142857142857,0.5,1,0,1,0,0,0,1,0,0,1,0,0,31224
0.4259259259259259,0.008771929824561403,0.0,0.0,0.0,0.42857142857142855,0.25,1,0,1,0,0,0,0,0,0,1,0,0,13165
0.7407407407407407,0.010964912280701754,0.3333333333333333,0.013555787278415015,1.0,0.0,0.25,0,0,1,0,0,0,0,0,0,0,0,1,26066
0.0,0.0,0.0,0.006256517205422314,0.0,0.0,1.0,0,0,0,1,1,0,0,1,0,1,1,0,13496
0.018518518518518545,0.0021929824561403508,1.0,0.07612095933263817,0.5,0.42857142857142855,0.125,0,0,1,0,1,0,0,0,1,0,1,0,11856
0.09259259259259262,0.0,0.6666666666666667,0.030239833159541193,0.0,0.0,0.125,0,0,1,0,1,0,1,0,0,0,0,0,6668
0.3518518518518518,0.0,0.0,0.0031282586027111575,0.5,0.0,0.625,0,0,0,0,1,0,0,0,1,0,1,0,18906
0.037037037037037035,0.0043859649122807015,0.0,0.0020855057351407717,0.0,0.0,0.25,1,0,0,1,1,0,0,0,1,0,1,0,7651
0.6666666666666667,0.0,0.0,0.0031282586027111575,0.0,0.42857142857142855,0.25,0,0,0,1,1,0,1,0,0,0,0,1,13331
0.1111111111111111,0.0,0.0,0.0072992700729927005,0.0,0.0,0.0,0,0,0,1,1,0,0,1,0,1,0,0,7823
0.7777777777777779,0.006578947368421052,0.6666666666666667,0.02502606882168926,1.0,0.5714285714285714,0.625,0,0,0,0,0,0,0,0,0,0,0,1,34471
0.49999999999999994,0.006578947368421052,0.0,0.008342022940563087,0.0,0.42857142857142855,0.125,0,0,1,0,0,0,0,0,0,0,1,0,9396
0.24074074074074076,0.0,0.0,0.008342022940563087,0.5,0.42857142857142855,0.625,1,0,0,1,1,1,0,0,0,0,0,1,23348
0.1296296296296296,0.0021929824561403508,0.6666666666666667,0.03545359749739312,0.0,0.42857142857142855,0.25,0,0,1,0,1,0,0,1,0,0,0,0,8025
0.0,0.0,1.0,0.07299270072992702,0.5,0.0,0.625,0,0,0,1,1,0,0,0,0,1,0,0,15054
0.09259259259259262,0.0,0.3333333333333333,0.013555787278415015,0.5,0.0,0.125,0,0,1,0,1,0,0,0,1,0,0,0,9170
0.16666666666666669,0.008771929824561403,0.6666666666666667,0.029197080291970805,0.5,0.42857142857142855,0.625,1,0,0,1,0,0,1,0,1,0,0,1,21831
0.18518518518518517,0.008771929824561403,0.3333333333333333,0.02502606882168926,1.0,0.42857142857142855,0.0,0,0,0,1,0,0,1,0,0,0,1,0,24486
0.22222222222222227,0.0043859649122807015,0.3333333333333333,0.021897810218978103,1.0,0.5714285714285714,0.125,0,0,1,0,0,1,0,0,0,0,0,0,30372
0.24074074074074076,0.006578947368421052,0.3333333333333333,0.02085505735140772,1.0,0.35714285714285715,0.125,0,0,0,1,0,1,0,0,1,0,1,0,29040
0.4074074074074074,0.008771929824561403,1.0,0.07612095933263817,0.0,0.42857142857142855,0.25,1,0,0,1,0,1,0,0,0,1,0,1,18459
0.07407407407407407,0.0,0.0,0.0072992700729927005,0.0,0.0,0.25,1,0,0,0,1,0,0,1,0,1,0,0,8751
0.3518518518518518,0.0021929824561403508,0.3333333333333333,0.01564129301355579,0.5,0.0,0.25,1,0,0,1,1,0,0,1,0,1,1,0,18152
0.037037037037037035,0.0021929824561403508,0.3333333333333333,0.018769551616266946,0.5,0.0,0.25,0,0,0,0,1,0,0,0,0,0,1,0,9498
0.25925925925925924,0.010964912280701754,0.0,0.0010427528675703858,0.0,0.42857142857142855,0.625,0,0,1,0,0,0,0,0,0,1,1,0,14991
0.7037037037037037,0.006578947368421052,1.0,0.1032325338894682,1.0,0.42857142857142855,0.5,0,1,0,0,0,1,0,0,0,1,0,0,35879
0.4259259259259259,0.008771929824561403,0.0,0.004171011470281543,0.0,0.0,0.25,0,0,1,0,0,0,0,0,0,0,0,0,8857
0.07407407407407407,0.0,0.0,0.0010427528675703858,0.0,0.0,1.0,1,1,0,0,1,0,0,1,0,0,0,0,10925
0.20370370370370366,0.008771929824561403,1.0,0.04692387904066737,1.0,0.35714285714285715,0.625,1,0,1,0,0,1,0,0,0,0,1,0,28575
0.20370370370370366,0.0043859649122807015,0.0,0.008342022940563087,0.0,0.42857142857142855,0.0,1,0,1,0,0,0,1,0,0,0,1,0,11702
0.055555555555555525,0.0,1.0,0.06047966631908238,0.5,0.0,0.25,0,0,0,1,1,0,0,1,0,0,1,0,9439
0.5925925925925926,0.006578947368421052,0.0,0.008342022940563087,0.5,0.42857142857142855,0.5,0,0,1,0,0,0,0,1,0,0,1,0,20985
0.4074074074074074,0.006578947368421052,0.3333333333333333,0.01251303441084463,0.5,0.42857142857142855,0.25,1,1,0,0,0,0,1,0,0,1,1,0,22145
0.055555555555555525,0.0,0.0,0.0020855057351407717,1.0,0.0,0.25,1,0,0,0,1,0,0,0,0,1,0,0,15006
0.1111111111111111,0.0021929824561403508,1.0,0.045881126173096975,0.5,0.42857142857142855,0.125,1,1,0,0,1,0,0,1,0,0,0,1,11522
0.5925925925925926,0.006578947368421052,0.3333333333333333,0.01251303441084463,1.0,0.0,0.25,0,0,1,0,0,0,1,0,0,0,0,1,27864
0.574074074074074,0.006578947368421052,0.0,0.006256517205422314,0.5,0.5714285714285714,0.125,0,1,0,0,0,1,0,0,0,0,0,1,26765
0.6851851851851851,0.006578947368421052,0.6666666666666667,0.027111574556830033,1.0,0.42857142857142855,0.625,0,0,1,0,0,1,0,0,0,0,0,1,33860
0.537037037037037,0.006578947368421052,0.6666666666666667,0.03649635036496351,0.0,0.42857142857142855,0.5,1,0,0,1,0,0,0,0,0,0,1,0,13857
0.44444444444444436,0.010964912280701754,0.0,0.008342022940563087,0.0,0.42857142857142855,0.625,0,1,0,0,0,0,0,0,0,1,0,0,15230
0.037037037037037035,0.0021929824561403508,0.0,0.00521376433785193,0.0,0.0,0.125,0,1,0,0,1,1,0,0,0,0,0,0,8299
0.8703703703703705,0.0021929824561403508,0.3333333333333333,0.010427528675703858,1.0,0.42857142857142855,0.125,0,0,1,0,0,0,0,1,0,0,0,1,34590
0.27777777777777773,0.010964912280701754,0.6666666666666667,0.03336809176225235,0.5,0.8571428571428571,0.125,0,0,1,0,0,0,1,0,1,0,0,1,21279
0.6666666666666667,0.008771929824561403,1.0,0.09801876955161627,0.0,0.35714285714285715,0.125,1,0,1,0,0,0,1,0,1,0,1,0,13727
0.25925925925925924,0.006578947368421052,0.6666666666666667,0.03232533889468196,0.5,0.42857142857142855,0.625,1,0,0,0,0,1,0,0,0,1,1,0,26745
0.07407407407407407,0.0,0.3333333333333333,0.021897810218978103,0.0,0.0,0.25,0,1,0,0,1,1,0,0,0,0,0,0,10478
0.07407407407407407,0.0,0.0,0.0010427528675703858,0.5,0.0,0.25,0,0,1,0,1,0,0,1,0,0,0,1,9874
0.6851851851851851,0.008771929824561403,0.6666666666666667,0.029197080291970805,1.0,0.42857142857142855,0.625,1,0,1,0,0,1,0,0,0,1,0,0,36489
0.6666666666666667,0.006578947368421052,0.0,0.0,0.5,0.8571428571428571,0.25,1,0,1,0,0,1,0,0,1,0,0,0,27211
0.3148148148148148,0.006578947368421052,0.0,0.008342022940563087,0.5,0.42857142857142855,0.25,0,1,0,0,0,0,0,0,0,1,1,0,20986
0.018518518518518545,0.0,0.0,0.0,0.0,0.0,0.25,1,1,0,0,1,0,0,0,0,0,0,0,5223
0.49999999999999994,0.006578947368421052,0.0,0.0031282586027111575,0.5,0.0,0.0,0,0,0,0,0,1,0,0,0,0,1,0,17291
0.2962962962962962,0.0021929824561403508,0.6666666666666667,0.029197080291970805,0.0,0.0,1.0,1,0,0,1,1,0,0,1,1,0,0,1,13261
0.6296296296296295,0.0021929824561403508,0.0,0.006256517205422314,0.0,0.42857142857142855,1.0,0,1,0,0,1,0,0,0,0,0,1,0,15313
0.49999999999999994,0.006578947368421052,0.0,0.0020855057351407717,0.0,1.0,0.625,0,1,0,0,0,1,0,0,0,0,0,1,21498
0.0,0.0,0.6666666666666667,0.02502606882168926,0.0,0.0,0.125,0,1,0,0,1,0,0,0,1,0,0,0,6930
0.6296296296296295,0.006578947368421052,0.3333333333333333,0.01564129301355579,1.0,0.35714285714285715,0.625,0,0,0,0,0,0,0,0,0,0,1,0,29639
0.1111111111111111,0.0043859649122807015,0.0,0.004171011470281543,0.0,0.0,0.125,0,0,0,1,0,0,0,1,0,0,1,0,4803
0.6481481481481481,0.0043859649122807015,1.0,0.06986444212721585,1.0,0.0,0.625,1,0,1,0,0,0,0,0,0,0,1,0,28639
0.5925925925925926,0.006578947368421052,0.3333333333333333,0.01251303441084463,1.0,0.42857142857142855,0.625,1,0,1,0,0,0,1,0,0,0,0,1,31799
0.6111111111111112,0.0043859649122807015,0.0,0.0,0.5,0.42857142857142855,0.125,0,1,0,0,0,0,1,0,0,1,0,1,24678
0.1296296296296296,0.0,0.0,0.004171011470281543,0.0,0.0,0.25,1,0,0,1,1,0,0,1,0,0,1,0,5876
0.018518518518518545,0.0,1.0,0.06569343065693431,0.5,0.0,0.25,1,0,1,0,1,0,0,0,0,1,1,0,11863
0.18518518518518517,0.006578947368421052,0.3333333333333333,0.02294056308654849,0.5,0.5714285714285714,0.625,1,0,0,0,0,0,0,0,0,1,1,0,25265
0.0,0.0,0.3333333333333333,0.010427528675703858,0.5,0.0,0.25,0,0,1,0,1,0,0,0,0,0,0,0,8730
0.6666666666666667,0.008771929824561403,0.3333333333333333,0.021897810218978103,1.0,0.5714285714285714,0.125,0,0,0,1,0,0,1,0,1,0,0,1,35030
0.018518518518518545,0.0,0.0,0.0072992700729927005,0.0,0.0,0.625,0,0,0,0,1,0,0,0,0,0,0,0,6773
0.6296296296296295,0.0,1.0,0.07820646506777894,1.0,0.5714285714285714,0.625,0,0,1,0,1,1,0,0,0,0,1,0,37978
0.962962962962963,0.0021929824561403508,0.0,0.008342022940563087,0.5,0.35714285714285715,0.5,0,0,1,0,0,0,0,0,0,0,0,1,25379
0.14814814814814814,0.010964912280701754,0.3333333333333333,0.010427528675703858,0.0,0.42857142857142855,0.125,1,1,0,0,0,0,0,0,0,1,1,0,13989
0.27777777777777773,0.006578947368421052,0.0,0.0072992700729927005,0.0,0.42857142857142855,0.0,0,0,0,1,0,0,0,1,0,0,0,0,10972
0.3148148148148148,0.006578947368421052,0.6666666666666667,0.03441084462982273,0.5,0.5714285714285714,0.25,1,1,0,0,0,0,0,0,0,0,1,0,20477
0.055555555555555525,0.0,0.0,0.00521376433785193,0.0,0.0,0.25,0,0,0,0,1,0,0,0,0,0,1,0,6187
0.22222222222222227,0.006578947368421052,0.0,0.0072992700729927005,0.0,0.0,0.625,0,1,0,0,0,0,0,0,1,0,1,0,11381
0.22222222222222227,0.006578947368421052,0.0,0.0,0.0,1.0,0.25,1,0,0,1,0,0,0,0,0,1,1,0,17497
0.4259259259259259,0.008771929824561403,0.6666666666666667,0.03441084462982273,0.5,1.0,0.125,0,0,0,1,0,0,0,0,0,0,1,0,20774
0.44444444444444436,0.008771929824561403,0.3333333333333333,0.02294056308654849,0.5,0.8571428571428571,0.25,1,0,0,1,0,1,0,0,0,1,0,0,25950
0.2962962962962962,0.010964912280701754,0.0,0.0010427528675703858,0.0,0.35714285714285715,0.125,0,1,0,0,0,0,0,0,1,0,1,0,10188
0.0,0.0,0.6666666666666667,0.02606882168925965,0.5,0.0,0.625,0,0,0,1,1,0,0,0,0,0,1,0,10623
0.1296296296296296,0.0,1.0,0.06882168925964546,0.5,0.42857142857142855,0.125,0,0,0,1,1,0,1,0,0,0,1,0,13259
0.3703703703703704,0.008771929824561403,0.3333333333333333,0.02294056308654849,1.0,0.42857142857142855,0.625,1,0,1,0,0,0,1,0,0,1,1,0,30074
0.018518518518518545,0.0,0.0,0.0072992700729927005,0.0,0.0,1.0,1,0,1,0,1,0,0,0,0,0,0,0,10184
0.8703703703703705,0.0021929824561403508,1.0,0.09176225234619395,0.5,0.0,0.125,0,0,1,0,0,0,0,0,0,0,1,0,21554
0.18518518518518517,0.006578947368421052,0.3333333333333333,0.016684045881126174,0.5,0.35714285714285715,0.625,0,1,0,0,0,0,0,0,0,1,1,0,21274
0.24074074074074076,0.010964912280701754,1.0,0.07612095933263817,1.0,0.0,0.25,0,0,0,1,0,0,0,1,0,0,1,0,21521
0.6481481481481481,0.008771929824561403,0.0,0.0031282586027111575,0.5,0.35714285714285715,0.625,1,0,0,0,0,0,0,0,0,1,0,1,24679
0.09259259259259262,0.0043859649122807015,0.3333333333333333,0.01772679874869656,0.0,0.42857142857142855,0.5,0,0,0,0,1,0,0,0,0,0,0,0,8874
0.5555555555555556,0.006578947368421052,0.3333333333333333,0.014598540145985403,1.0,0.42857142857142855,0.625,0,0,0,1,0,1,0,0,0,1,0,1,36920
0.46296296296296297,0.0,0.3333333333333333,0.016684045881126174,0.5,0.42857142857142855,0.625,0,0,0,0,1,0,1,0,0,0,0,0,21269
0.1111111111111111,0.0,0.6666666666666667,0.03545359749739312,0.0,0.0,0.25,1,1,0,0,1,0,1,0,0,1,0,0,10353
0.7037037037037037,0.006578947368421052,0.3333333333333333,0.01772679874869656,1.0,0.0,0.25,0,0,1,0,0,0,0,0,0,1,1,0,29300
0.6296296296296295,0.008771929824561403,0.0,0.004171011470281543,0.0,0.42857142857142855,0.25,0,0,1,0,0,1,0,0,0,0,1,0,16401
0.7407407407407407,0.0043859649122807015,1.0,0.08550573514077164,0.5,0.42857142857142855,0.125,0,0,1,0,0,0,1,0,0,1,0,1,25640
0.037037037037037035,0.0,0.0,0.008342022940563087,0.0,0.0,0.25,1,0,0,1,1,0,0,0,0,0,1,0,5963
0.6481481481481481,0.008771929824561403,0.3333333333333333,0.013555787278415015,1.0,0.42857142857142855,0.625,1,0,0,1,0,0,1,0,0,1,0,1,34783
0.22222222222222227,0.0,0.0,0.008342022940563087,0.0,0.0,0.625,0,0,1,0,1,0,0,0,1,0,0,0,11880
0.037037037037037035,0.0043859649122807015,0.0,0.006256517205422314,0.0,0.7857142857142857,1.0,0,0,0,1,1,0,0,0,0,0,0,0,13045
0.09259259259259262,0.0043859649122807015,1.0,0.09280500521376434,0.5,0.0,0.25,0,0,0,1,1,0,0,0,0,0,0,0,9858
0.7407407407407407,0.010964912280701754,1.0,0.07924921793534932,1.0,0.35714285714285715,0.125,1,0,1,0,0,0,1,0,1,0,0,1,30957
0.537037037037037,0.006578947368421052,0.6666666666666667,0.03649635036496351,1.0,1.0,0.625,1,0,1,0,0,0,1,0,1,0,0,0,36317
0.037037037037037035,0.0,0.0,0.004171011470281543,0.0,0.0,0.0,1,1,0,0,1,0,0,0,0,0,0,0,5347
0.09259259259259262,0.0,0.0,0.0010427528675703858,0.0,1.0,0.25,1,0,0,1,1,0,0,0,0,0,0,0,12573
0.018518518518518545,0.0021929824561403508,0.3333333333333333,0.011470281543274244,1.0,0.0,1.0,1,0,0,1,1,1,0,0,0,0,1,0,19633
0.1111111111111111,0.0021929824561403508,1.0,0.07924921793534932,0.5,0.0,0.25,0,0,1,0,1,1,0,0,0,0,1,0,13462
0.07407407407407407,0.006578947368421052,0.0,0.006256517205422314,0.0,0.0,0.25,0,1,0,0,0,0,0,0,0,0,0,0,5768
0.3888888888888889,0.0043859649122807015,0.3333333333333333,0.018769551616266946,0.5,0.42857142857142855,1.0,0,0,0,1,0,1,0,0,0,1,0,0,28181
0.4074074074074074,0.010964912280701754,0.6666666666666667,0.028154327424400417,0.5,0.42857142857142855,0.25,1,0,1,0,0,0,1,0,0,0,1,0,18990
0.8888888888888888,0.0043859649122807015,0.0,0.0010427528675703858,0.5,0.42857142857142855,0.625,1,0,1,0,0,0,0,1,0,0,0,1,27282
0.6851851851851851,0.0043859649122807015,1.0,0.07612095933263817,1.0,0.35714285714285715,0.125,1,0,1,0,0,0,1,0,0,0,1,0,30585
0.6111111111111112,0.0043859649122807015,1.0,0.06777893639207508,1.0,0.42857142857142855,0.25,1,0,0,0,0,1,0,0,1,0,0,1,33800
0.14814814814814814,0.006578947368421052,0.3333333333333333,0.014598540145985403,0.5,0.42857142857142855,1.0,0,0,1,0,0,0,0,0,0,0,0,1,20033
0.7592592592592593,0.006578947368421052,1.0,0.04796663190823775,1.0,0.42857142857142855,0.25,1,0,0,1,0,0,1,0,1,0,1,0,31048
0.4074074074074074,0.0043859649122807015,0.0,0.006256517205422314,0.0,0.42857142857142855,0.625,1,0,0,0,0,0,1,0,0,1,0,0,17477
0.0,0.0,1.0,0.051094890510948905,0.5,0.0,0.625,0,0,0,1,1,0,0,0,0,0,1,0,10173
0.27777777777777773,0.006578947368421052,0.0,0.0020855057351407717,0.0,0.42857142857142855,0.125,0,0,0,1,0,0,0,0,1,0,1,0,11848
0.14814814814814814,0.008771929824561403,0.3333333333333333,0.02294056308654849,1.0,0.42857142857142855,0.25,1,0,0,1,0,0,1,0,0,1,0,1,28080
0.018518518518518545,0.0021929824561403508,1.0,0.08446298227320126,1.0,0.0,0.25,0,0,1,0,1,0,1,0,0,0,0,0,14124
0.9259259259259258,0.0021929824561403508,0.0,0.006256517205422314,0.0,0.42857142857142855,0.125,1,0,1,0,0,0,0,0,0,0,0,1,13948
0.4259259259259259,0.006578947368421052,0.6666666666666667,0.03858185610010428,0.5,1.0,0.625,1,0,0,0,0,0,0,0,0,1,0,0,26304
0.6481481481481481,0.0043859649122807015,0.6666666666666667,0.03441084462982273,1.0,0.35714285714285715,0.5,1,1,0,0,0,0,1,0,0,1,1,0,34865
0.0,0.0,1.0,0.045881126173096975,0.5,0.0,0.125,0,1,0,0,1,0,0,0,0,0,0,0,8862
0.44444444444444436,0.0043859649122807015,0.6666666666666667,0.03336809176225235,0.5,0.0,0.125,0,0,0,0,0,0,0,0,0,0,1,0,15077
0.16666666666666669,0.006578947368421052,0.0,0.0020855057351407717,0.0,0.42857142857142855,1.0,0,0,0,0,0,1,0,0,1,0,0,1,19116
0.537037037037037,0.0043859649122807015,0.0,0.0010427528675703858,0.5,0.42857142857142855,0.625,0,0,1,0,0,1,0,0,0,0,1,0,25066
0.16666666666666669,0.006578947368421052,0.6666666666666667,0.03232533889468196,0.0,0.42857142857142855,0.25,0,0,0,1,0,1,0,0,0,0,1,0,14274
0.27777777777777773,0.008771929824561403,0.0,0.008342022940563087,0.0,0.42857142857142855,0.25,0,1,0,0,0,1,0,0,0,0,0,1,15625
0.5925925925925926,0.0043859649122807015,0.6666666666666667,0.02606882168925965,1.0,0.42857142857142855,0.25,0,0,0,1,0,0,1,0,0,0,0,1,29636
0.574074074074074,0.008771929824561403,0.6666666666666667,0.03441084462982273,1.0,0.42857142857142855,0.625,0,0,0,1,0,1,0,0,0,0,0,0,34225
0.6481481481481481,0.010964912280701754,1.0,0.10010427528675704,0.0,0.42857142857142855,0.5,1,0,1,0,0,1,0,0,1,0,0,1,19207
0.6666666666666667,0.0043859649122807015,0.0,0.0,0.5,0.35714285714285715,0.25,0,0,1,0,0,1,0,0,0,0,0,1,25262
0.14814814814814814,0.0021929824561403508,0.0,0.00521376433785193,0.0,0.5714285714285714,0.625,0,1,0,0,1,0,1,0,0,0,1,0,19300
0.6296296296296295,0.010964912280701754,1.0,0.07090719499478623,1.0,0.7857142857142857,0.0,0,0,0,0,0,0,0,0,0,0,0,0,29269
0.037037037037037035,0.0043859649122807015,0.0,0.0072992700729927005,0.0,0.0,0.625,0,0,1,0,1,0,0,1,0,0,1,0,8783
0.5555555555555556,0.0043859649122807015,0.6666666666666667,0.03441084462982273,1.0,0.42857142857142855,0.25,0,0,1,0,0,1,0,0,0,1,0,1,36149
0.5555555555555556,0.006578947368421052,0.0,0.00521376433785193,0.0,0.42857142857142855,0.625,0,0,1,0,0,0,0,0,0,0,1,0,13829
0.09259259259259262,0.0021929824561403508,0.6666666666666667,0.028154327424400417,0.0,0.0,0.25,0,1,0,0,1,0,0,1,0,0,1,0,7245
0.1111111111111111,0.0,0.3333333333333333,0.013555787278415015,0.0,0.0,0.125,0,0,0,1,1,0,0,0,0,0,0,0,4332
0.1296296296296296,0.0043859649122807015,0.6666666666666667,0.03545359749739312,0.0,0.0,0.625,0,1,0,0,1,0,0,0,0,0,0,1,7748
0.1296296296296296,0.0021929824561403508,0.6666666666666667,0.03441084462982273,0.0,0.0,0.25,0,0,0,1,1,0,0,1,0,0,0,0,7181
0.07407407407407407,0.0,0.6666666666666667,0.03858185610010428,0.0,0.0,0.625,1,0,1,0,1,0,1,0,0,0,0,1,9774
0.7222222222222223,0.006578947368421052,0.6666666666666667,0.03962460896767466,1.0,0.42857142857142855,0.125,0,0,0,1,0,0,0,0,0,1,0,0,30197
0.25925925925925924,0.0,0.0,0.004171011470281543,0.5,0.0,0.0,0,0,0,1,1,0,0,0,0,0,1,0,13521
0.7592592592592593,0.0021929824561403508,0.0,0.0072992700729927005,0.5,0.42857142857142855,0.625,1,0,1,0,1,0,1,0,0,0,0,1,24542
0.7037037037037037,0.0043859649122807015,1.0,0.04275286757038582,1.0,0.42857142857142855,0.5,0,0,1,0,0,1,0,0,0,0,1,0,33771
0.6111111111111112,0.006578947368421052,0.3333333333333333,0.01772679874869656,1.0,0.42857142857142855,0.25,0,0,0,1,0,1,0,0,0,1,0,0,35304
0.7222222222222223,0.006578947368421052,1.0,0.07299270072992702,1.0,0.42857142857142855,0.5,1,0,0,1,0,0,0,0,1,0,0,1,30054
0.6481481481481481,0.0021929824561403508,0.0,0.0031282586027111575,0.0,0.5714285714285714,0.125,1,0,0,1,1,0,0,0,0,0,1,0,16345
0.3148148148148148,0.010964912280701754,0.3333333333333333,0.02085505735140772,0.5,0.35714285714285715,0.125,1,0,0,1,0,0,0,0,0,1,1,0,18812
0.018518518518518545,0.0,0.3333333333333333,0.023983315954118876,0.5,0.0,0.625,1,0,1,0,1,0,0,0,0,0,0,0,11782
0.14814814814814814,0.0,0.3333333333333333,0.009384775808133473,0.5,0.42857142857142855,0.625,0,0,1,0,1,1,0,0,0,0,0,0,23602
0.48148148148148145,0.0021929824561403508,0.3333333333333333,0.013555787278415015,0.5,0.0,0.25,0,1,0,0,1,0,0,1,0,0,1,0,15091
0.0,0.0021929824561403508,1.0,0.0740354535974974,0.5,0.0,0.25,1,0,0,1,1,0,0,0,0,0,0,0,10153
0.0,0.0043859649122807015,1.0,0.08029197080291971,0.5,0.0,0.25,0,1,0,0,1,0,0,1,1,0,0,0,10380
0.0,0.0021929824561403508,0.6666666666666667,0.04066736183524505,0.0,0.0,0.125,0,0,0,0,1,0,0,1,0,0,1,0,4853
0.16666666666666669,0.008771929824561403,0.0,0.0010427528675703858,0.5,0.42857142857142855,0.25,1,0,0,1,0,0,0,0,1,0,0,0,18341
0.27777777777777773,0.0043859649122807015,1.0,0.08654848800834203,1.0,0.35714285714285715,1.0,0,0,1,0,0,1,0,0,1,0,1,0,32719
0.537037037037037,0.006578947368421052,1.0,0.06152241918665277,0.5,0.42857142857142855,0.25,0,0,0,1,0,0,1,0,0,0,1,0,23038
0.6851851851851851,0.0043859649122807015,1.0,0.04483837330552659,0.5,0.35714285714285715,0.25,0,0,0,0,0,0,0,1,0,0,0,1,19910
0.24074074074074076,0.006578947368421052,0.6666666666666667,0.03545359749739312,1.0,0.42857142857142855,0.625,0,0,1,0,0,1,0,0,0,1,1,0,32292
0.1296296296296296,0.0021929824561403508,0.3333333333333333,0.010427528675703858,0.0,0.7857142857142857,0.25,0,0,0,1,1,0,0,1,0,0,0,1,10581
0.6481481481481481,0.008771929824561403,0.0,0.00521376433785193,0.5,0.42857142857142855,0.5,0,1,0,0,0,0,0,0,0,0,1,0,20854
0.6111111111111112,0.010964912280701754,0.6666666666666667,0.03232533889468196,0.5,0.5714285714285714,0.625,0,0,0,1,0,0,0,0,0,0,0,1,26007
0.0,0.0,0.0,0.00521376433785193,0.5,0.0,0.25,0,0,1,0,1,0,0,1,0,1,1,0,12153
0.574074074074074,0.006578947368421052,0.0,0.0072992700729927005,0.5,0.42857142857142855,0.625,0,0,0,1,0,0,0,0,0,0,0,1,22105
0.5555555555555556,0.0,0.6666666666666667,0.028154327424400417,0.5,0.42857142857142855,1.0,1,0,1,0,1,0,1,0,0,1,1,0,29949
0.6111111111111112,0.0043859649122807015,0.0,0.0,0.0,0.42857142857142855,0.0,1,0,0,0,0,0,1,0,0,1,0,0,16336
0.25925925925925924,0.0021929824561403508,0.3333333333333333,0.011470281543274244,0.5,1.0,0.25,0,1,0,0,1,0,0,1,1,0,0,0,23453
0.1111111111111111,0.0021929824561403508,0.0,0.0072992700729927005,0.0,0.0,0.625,0,0,1,0,1,0,0,1,0,0,0,0,7264
0.4074074074074074,0.0043859649122807015,0.0,0.0072992700729927005,0.0,0.42857142857142855,0.625,0,0,1,0,0,0,0,0,0,0,0,1,13529
0.7777777777777779,0.006578947368421052,0.6666666666666667,0.03232533889468196,1.0,0.35714285714285715,0.625,0,1,0,0,0,0,0,1,0,0,0,1,31517
0.46296296296296297,0.0043859649122807015,0.0,0.00521376433785193,0.0,0.42857142857142855,0.5,1,0,0,1,0,0,1,0,0,1,1,0,16325
0.25925925925925924,0.008771929824561403,0.6666666666666667,0.03232533889468196,0.5,0.42857142857142855,0.625,1,1,0,0,0,0,1,0,0,1,1,0,24724
0.8703703703703705,0.0021929824561403508,0.3333333333333333,0.009384775808133473,1.0,0.42857142857142855,0.625,0,1,0,0,0,0,0,0,0,0,0,1,36242
0.7222222222222223,0.008771929824561403,0.3333333333333333,0.01772679874869656,1.0,0.42857142857142855,0.125,0,0,1,0,0,0,0,0,1,0,0,1,27951
0.07407407407407407,0.0043859649122807015,1.0,0.07924921793534932,0.5,0.42857142857142855,0.625,1,0,0,1,1,0,0,0,0,0,1,0,14028
0.49999999999999994,0.0,0.6666666666666667,0.030239833159541193,0.5,0.0,0.125,0,0,0,0,1,0,1,0,0,0,1,0,17477
0.25925925925925924,0.0,0.3333333333333333,0.02294056308654849,0.5,0.0,0.125,0,1,0,0,1,0,0,0,1,0,1,0,15581
0.27777777777777773,0.006578947368421052,0.3333333333333333,0.01251303441084463,0.5,0.0,1.0,0,0,1,0,0,1,0,0,1,0,0,1,24162
0.07407407407407407,0.0021929824561403508,0.3333333333333333,0.018769551616266946,0.0,0.0,0.125,1,1,0,0,1,0,0,0,1,0,1,0,6562
0.48148148148148145,0.010964912280701754,0.6666666666666667,0.03336809176225235,1.0,0.42857142857142855,0.625,0,0,1,0,0,0,0,0,0,0,1,0,26386
0.6111111111111112,0.006578947368421052,0.3333333333333333,0.011470281543274244,1.0,1.0,0.125,1,0,1,0,0,0,0,0,0,0,0,1,30865
0.6666666666666667,0.0,0.0,0.006256517205422314,0.5,0.42857142857142855,0.25,0,0,1,0,1,0,0,0,0,0,0,0,21296
0.07407407407407407,0.0,0.0,0.0,0.0,0.0,0.25,1,0,0,1,1,0,0,0,0,0,1,0,6118
0.44444444444444436,0.006578947368421052,0.6666666666666667,0.03441084462982273,0.5,0.42857142857142855,0.625,1,0,0,1,0,0,0,0,1,0,0,1,20415
0.7407407407407407,0.0,0.3333333333333333,0.021897810218978103,0.0,0.42857142857142855,0.5,1,0,0,1,1,0,1,0,0,1,1,0,19271
0.574074074074074,0.0043859649122807015,0.0,0.0072992700729927005,0.5,0.35714285714285715,0.125,0,1,0,0,0,0,1,0,0,0,0,1,22246
0.055555555555555525,0.0,0.0,0.00521376433785193,0.0,0.0,0.125,1,1,0,0,1,1,0,0,0,1,0,0,12539
0.07407407407407407,0.0,0.0,0.0,0.0,0.42857142857142855,0.625,0,0,0,1,1,0,0,0,0,0,1,0,8910
0.46296296296296297,0.008771929824561403,0.0,0.0020855057351407717,0.0,0.42857142857142855,0.25,0,0,1,0,0,0,0,1,0,1,1,0,14481
0.574074074074074,0.006578947368421052,1.0,0.051094890510948905,0.5,0.35714285714285715,0.625,0,0,0,0,0,0,1,0,0,0,1,0,23840
0.20370370370370366,0.0043859649122807015,0.0,0.0020855057351407717,0.0,0.5714285714285714,0.125,1,0,1,0,0,0,1,0,0,1,1,0,18865
0.3888888888888889,0.0043859649122807015,0.3333333333333333,0.009384775808133473,0.0,0.42857142857142855,1.0,1,0,0,0,0,0,0,0,1,0,1,0,16177
0.3703703703703704,0.006578947368421052,1.0,0.0740354535974974,1.0,0.42857142857142855,0.625,0,1,0,0,0,0,0,0,1,0,1,0,27365
0.018518518518518545,0.0,0.0,0.008342022940563087,0.0,0.0,0.625,1,0,1,0,1,0,0,0,0,0,0,0,6655
0.48148148148148145,0.0043859649122807015,0.3333333333333333,0.010427528675703858,0.5,0.42857142857142855,0.25,1,0,0,1,1,0,0,0,0,1,1,0,20312
0.055555555555555525,0.0,0.0,0.00521376433785193,0.0,0.0,0.125,1,1,0,0,1,0,0,0,0,0,1,0,4904
0.6666666666666667,0.006578947368421052,0.0,0.0072992700729927005,0.5,0.42857142857142855,0.5,0,0,0,1,0,0,0,0,0,0,0,1,20506
0.0,0.0021929824561403508,0.3333333333333333,0.010427528675703858,0.5,0.42857142857142855,0.625,0,0,0,0,1,0,0,1,0,0,0,0,14264
0.18518518518518517,0.0,0.0,0.0031282586027111575,0.0,0.42857142857142855,1.0,1,0,1,0,1,0,1,0,0,1,0,0,19010
0.8148148148148149,0.0,0.3333333333333333,0.02085505735140772,1.0,0.42857142857142855,0.625,1,0,1,0,1,0,0,0,0,0,0,1,36284
0.49999999999999994,0.010964912280701754,0.3333333333333333,0.014598540145985403,0.5,0.42857142857142855,0.625,1,0,0,1,0,0,0,0,0,1,0,1,21260
0.7777777777777779,0.006578947368421052,0.6666666666666667,0.03232533889468196,1.0,0.0,0.25,1,0,0,1,0,0,0,0,0,0,0,1,26816
0.9814814814814814,0.0021929824561403508,0.3333333333333333,0.014598540145985403,1.0,0.42857142857142855,0.625,1,0,0,0,0,1,0,0,0,0,0,1,40794
0.1111111111111111,0.0,0.0,0.008342022940563087,0.0,0.0,0.625,1,0,0,0,1,0,0,0,0,0,0,0,7538
0.3333333333333333,0.006578947368421052,1.0,0.0521376433785193,0.5,0.8571428571428571,0.25,0,0,0,1,0,0,0,0,1,0,1,0,19338
0.037037037037037035,0.0,0.3333333333333333,0.02085505735140772,0.5,1.0,0.625,1,0,1,0,1,0,0,1,0,0,0,0,18212
0.037037037037037035,0.0,0.6666666666666667,0.03753910323253389,0.0,0.0,0.25,1,0,0,0,1,0,0,0,0,0,0,0,6167
0.3148148148148148,0.008771929824561403,0.6666666666666667,0.030239833159541193,1.0,0.35714285714285715,0.125,1,0,0,1,0,0,1,0,0,1,0,1,28290
0.07407407407407407,0.006578947368421052,0.0,0.0020855057351407717,0.0,0.0,0.5,0,0,1,0,0,0,0,0,0,0,0,0,7227
0.6481481481481481,0.0043859649122807015,0.0,0.006256517205422314,0.5,0.42857142857142855,0.25,1,0,1,0,0,0,1,0,0,1,0,1,25979
0.018518518518518545,0.0,0.3333333333333333,0.010427528675703858,0.5,0.0,0.5,1,1,0,0,1,0,0,0,1,0,0,1,11009
0.07407407407407407,0.0,1.0,0.05005213764337852,0.5,0.0,0.625,0,0,1,0,1,0,0,0,0,0,0,0,10612
0.7777777777777779,0.0043859649122807015,0.3333333333333333,0.009384775808133473,0.5,0.35714285714285715,0.125,0,1,0,0,0,0,1,0,0,0,0,1,22319
0.0,0.0,0.3333333333333333,0.013555787278415015,0.0,0.0,0.125,0,0,0,0,1,0,0,0,0,0,1,0,5661
0.7592592592592593,0.008771929824561403,0.6666666666666667,0.03232533889468196,1.0,0.35714285714285715,0.625,1,1,0,0,0,1,0,0,0,1,1,0,38007
0.07407407407407407,0.0021929824561403508,0.3333333333333333,0.01251303441084463,0.0,0.0,0.25,1,0,1,0,1,0,0,0,1,0,1,0,7687
0.3703703703703704,0.008771929824561403,0.0,0.0020855057351407717,0.5,0.35714285714285715,0.125,0,0,0,1,0,0,0,1,0,1,0,1,20437
0.055555555555555525,0.0,0.6666666666666667,0.03858185610010428,0.0,0.0,0.25,1,0,1,0,1,0,0,0,0,1,0,0,9074
0.24074074074074076,0.0,0.3333333333333333,0.023983315954118876,0.5,0.0,0.625,0,0,1,0,1,0,0,0,1,0,0,1,18417
0.49999999999999994,0.006578947368421052,0.0,0.0,0.0,0.42857142857142855,1.0,0,1,0,0,0,0,1,0,1,0,0,0,17342
0.6111111111111112,0.006578947368421052,0.6666666666666667,0.03232533889468196,0.5,0.42857142857142855,0.625,0,0,0,1,0,1,0,0,0,0,0,1,26299
0.2962962962962962,0.0,0.3333333333333333,0.02085505735140772,0.5,0.5714285714285714,0.625,0,0,0,1,1,0,0,0,0,0,0,1,22803
0.25925925925925924,0.0043859649122807015,0.0,0.0020855057351407717,0.0,0.8571428571428571,0.625,1,1,0,0,0,0,0,1,0,1,0,0,18361
0.055555555555555525,0.0043859649122807015,0.6666666666666667,0.03753910323253389,0.5,0.0,0.625,0,1,0,0,1,0,0,0,0,0,0,1,11694
0.46296296296296297,0.0043859649122807015,0.0,0.006256517205422314,0.0,0.5714285714285714,0.625,0,1,0,0,0,0,0,0,0,0,0,0,15602
0.5925925925925926,0.006578947368421052,0.0,0.0072992700729927005,0.5,0.42857142857142855,0.25,0,0,0,1,0,1,0,0,0,0,0,1,24567
0.4074074074074074,0.008771929824561403,0.3333333333333333,0.011470281543274244,0.5,0.5714285714285714,0.5,0,0,0,0,0,1,0,0,0,0,0,1,25585
0.3333333333333333,0.008771929824561403,0.6666666666666667,0.03858185610010428,0.5,0.42857142857142855,0.625,1,0,1,0,0,1,0,0,1,0,0,1,24479
0.037037037037037035,0.006578947368421052,1.0,0.056308654848800835,0.5,0.0,0.125,0,0,0,1,0,0,0,0,0,0,1,0,7882
0.7407407407407407,0.006578947368421052,0.0,0.0072992700729927005,1.0,0.0,0.625,1,0,1,0,0,1,0,0,0,1,0,0,34506
0.6481481481481481,0.0043859649122807015,0.0,0.0,0.5,0.8571428571428571,0.125,0,0,0,1,0,0,1,0,0,0,0,0,24240
0.25925925925925924,0.0,0.3333333333333333,0.018769551616266946,0.5,0.35714285714285715,0.0,1,0,0,0,1,1,0,0,1,0,0,1,21367
0.3703703703703704,0.008771929824561403,0.0,0.0072992700729927005,0.0,0.0,0.625,1,0,0,0,0,0,0,0,0,1,0,0,13194
0.48148148148148145,0.006578947368421052,1.0,0.07299270072992702,0.5,0.42857142857142855,0.125,1,0,0,0,0,0,0,0,1,0,0,1,18643
0.09259259259259262,0.0,0.3333333333333333,0.023983315954118876,0.5,0.0,0.125,0,0,0,1,1,0,0,0,0,0,0,0,8694
0.3703703703703704,0.006578947368421052,1.0,0.0740354535974974,0.5,0.42857142857142855,0.125,0,0,1,0,0,1,0,0,0,1,0,0,23490
0.7222222222222223,0.008771929824561403,0.0,0.0020855057351407717,0.5,0.42857142857142855,0.25,1,0,1,0,0,0,0,0,0,0,1,0,19377
0.3888888888888889,0.008771929824561403,0.6666666666666667,0.03545359749739312,1.0,0.8571428571428571,0.125,0,0,0,0,0,0,0,0,0,0,1,0,24739
0.09259259259259262,0.006578947368421052,0.6666666666666667,0.030239833159541193,0.5,0.0,0.25,0,0,1,0,0,0,0,0,0,0,0,1,9086
0.48148148148148145,0.006578947368421052,1.0,0.07612095933263817,1.0,0.35714285714285715,0.625,1,0,1,0,0,1,0,0,0,1,0,0,32278
0.5555555555555556,0.0,0.0,0.0010427528675703858,0.5,0.42857142857142855,0.625,1,0,0,0,1,0,0,0,0,0,1,0,22961
0.0,0.0,0.3333333333333333,0.021897810218978103,0.0,0.0,0.125,0,0,0,0,1,0,0,0,0,0,0,0,4611
0.6851851851851851,0.006578947368421052,0.3333333333333333,0.014598540145985403,1.0,0.42857142857142855,0.125,0,0,1,0,0,0,0,0,0,0,1,0,27071
0.6851851851851851,0.006578947368421052,0.6666666666666667,0.02606882168925965,1.0,0.35714285714285715,0.125,0,0,0,1,0,0,0,0,1,0,0,1,28872
0.1296296296296296,0.0021929824561403508,0.6666666666666667,0.02606882168925965,0.5,0.0,0.125,1,0,1,0,1,0,0,0,0,0,0,0,8494
0.3518518518518518,0.0043859649122807015,0.3333333333333333,0.02085505735140772,0.5,0.42857142857142855,0.25,1,0,1,0,0,0,1,0,0,0,1,0,19653
0.07407407407407407,0.0021929824561403508,0.6666666666666667,0.03128258602711158,1.0,0.0,0.0,1,0,1,0,1,0,0,0,0,0,1,0,11600
0.3333333333333333,0.0043859649122807015,0.0,0.0020855057351407717,0.0,0.0,0.5,0,0,0,1,0,0,1,0,0,1,1,0,15137
0.24074074074074076,0.0043859649122807015,0.3333333333333333,0.013555787278415015,0.5,0.42857142857142855,0.25,1,0,1,0,0,0,1,0,1,0,1,0,20293
0.9259259259259258,0.0021929824561403508,0.0,0.006256517205422314,0.5,0.7857142857142857,0.5,0,0,0,0,0,0,0,0,0,1,0,1,31378
0.5185185185185186,0.0021929824561403508,0.0,0.0010427528675703858,0.5,1.0,0.25,0,0,0,1,1,1,0,0,1,0,1,0,28351
0.537037037037037,0.0043859649122807015,0.3333333333333333,0.019812304483837334,1.0,0.0,0.5,1,0,1,0,0,0,1,0,1,0,0,0,30684
0.7592592592592593,0.0021929824561403508,1.0,0.06986444212721585,1.0,0.42857142857142855,0.25,1,1,0,0,1,0,1,0,0,1,0,1,34240
0.18518518518518517,0.006578947368421052,0.0,0.004171011470281543,0.0,0.42857142857142855,0.0,0,0,0,0,0,1,0,0,0,0,0,0,13020
0.7777777777777779,0.006578947368421052,0.0,0.008342022940563087,0.5,0.42857142857142855,0.125,0,0,1,0,0,0,0,0,0,1,0,1,22265
0.4074074074074074,0.006578947368421052,0.3333333333333333,0.018769551616266946,0.0,0.35714285714285715,0.25,0,0,1,0,0,0,0,0,0,0,0,0,11133
0.3703703703703704,0.008771929824561403,0.0,0.0020855057351407717,0.0,0.0,0.25,0,0,0,1,0,0,1,0,1,0,0,1,12126
0.7592592592592593,0.0021929824561403508,0.0,0.0020855057351407717,0.5,0.0,0.625,1,0,1,0,1,0,0,0,1,0,0,0,21760
0.0,0.0021929824561403508,0.6666666666666667,0.028154327424400417,0.0,0.0,0.25,0,1,0,0,1,0,0,0,0,0,0,0,6446
0.5555555555555556,0.0043859649122807015,1.0,0.07612095933263817,1.0,0.35714285714285715,0.125,0,1,0,0,0,0,0,1,1,0,0,0,28985
0.24074074074074076,0.006578947368421052,0.3333333333333333,0.011470281543274244,0.5,0.35714285714285715,0.125,0,0,1,0,0,0,0,0,0,1,0,0,20447
0.018518518518518545,0.0,0.0,0.008342022940563087,1.0,0.0,1.0,1,0,0,1,1,0,0,0,0,1,0,0,18685
0.037037037037037035,0.006578947368421052,1.0,0.07299270072992702,0.5,0.0,0.25,0,1,0,0,0,0,0,1,0,0,0,0,9284
0.27777777777777773,0.006578947368421052,0.0,0.0031282586027111575,0.0,0.42857142857142855,0.625,0,1,0,0,0,0,1,0,0,0,1,0,15215
0.24074074074074076,0.006578947368421052,0.0,0.004171011470281543,0.0,0.8571428571428571,0.625,1,0,0,1,0,0,1,0,0,1,0,0,19055
0.0,0.0,0.0,0.006256517205422314,0.0,0.0,0.625,0,0,0,1,1,0,0,0,0,1,1,0,10746
0.49999999999999994,0.006578947368421052,0.3333333333333333,0.010427528675703858,0.5,1.0,0.625,0,0,0,1,0,1,0,0,0,0,0,0,26528
0.5185185185185186,0.0043859649122807015,1.0,0.06465067778936393,1.0,0.42857142857142855,1.0,1,0,1,0,0,0,1,0,0,1,0,1,37710
0.6666666666666667,0.008771929824561403,1.0,0.0959332638164755,1.0,0.0,0.25,0,1,0,0,0,1,0,0,0,0,0,1,31173
0.1111111111111111,0.0,0.3333333333333333,0.01251303441084463,0.0,0.0,0.25,1,0,0,0,1,0,1,0,0,0,0,0,7705
0.7037037037037037,0.0,0.6666666666666667,0.04066736183524505,1.0,0.5714285714285714,0.625,0,0,0,0,1,1,0,0,0,0,1,0,38768
0.18518518518518517,0.0,0.6666666666666667,0.03545359749739312,0.5,0.42857142857142855,0.625,1,0,1,0,1,0,0,0,0,1,0,0,21869
0.49999999999999994,0.0043859649122807015,0.0,0.008342022940563087,0.0,0.42857142857142855,0.25,1,1,0,0,1,0,0,1,0,1,0,0,14019
0.18518518518518517,0.008771929824561403,0.0,0.0,0.0,0.5714285714285714,0.25,1,1,0,0,0,1,0,0,0,1,0,0,22269
0.7962962962962963,0.0021929824561403508,0.6666666666666667,0.03128258602711158,0.5,0.42857142857142855,0.625,0,0,1,0,1,0,0,0,0,0,0,1,26202
0.055555555555555525,0.0021929824561403508,0.3333333333333333,0.009384775808133473,0.0,0.8571428571428571,0.625,0,0,0,1,1,0,0,0,0,0,0,0,12147
0.018518518518518545,0.0021929824561403508,0.6666666666666667,0.04066736183524505,0.0,0.0,0.25,1,0,0,1,1,0,1,0,1,0,0,0,9668
0.25925925925925924,0.006578947368421052,1.0,0.08654848800834203,1.0,0.42857142857142855,0.5,1,0,0,0,0,0,0,0,0,0,1,0,25225
0.3888888888888889,0.0,0.6666666666666667,0.03336809176225235,0.5,0.42857142857142855,0.625,0,0,1,0,1,1,0,0,0,0,1,0,22933
0.09259259259259262,0.0021929824561403508,1.0,0.06152241918665277,1.0,0.0,0.625,1,0,0,1,1,1,0,0,0,0,0,1,17652
0.44444444444444436,0.0043859649122807015,0.0,0.008342022940563087,0.0,0.42857142857142855,0.625,0,0,1,0,1,0,0,0,1,0,0,1,12943
0.3148148148148148,0.0043859649122807015,0.3333333333333333,0.009384775808133473,1.0,0.42857142857142855,0.25,0,0,0,0,0,0,0,0,1,0,1,0,25501
0.44444444444444436,0.0021929824561403508,0.0,0.0020855057351407717,0.0,0.35714285714285715,0.625,0,1,0,0,1,0,0,0,0,0,1,0,12265
0.18518518518518517,0.0021929824561403508,0.0,0.0020855057351407717,0.5,0.42857142857142855,0.25,0,0,1,0,1,0,0,0,0,0,0,0,18242
0.07407407407407407,0.0,0.6666666666666667,0.03441084462982273,0.5,0.0,0.25,1,0,1,0,1,0,0,0,0,0,1,0,9416
0.14814814814814814,0.010964912280701754,0.6666666666666667,0.03232533889468196,1.0,0.7857142857142857,0.5,0,0,0,1,0,0,1,0,0,0,0,1,29015
0.20370370370370366,0.006578947368421052,0.0,0.0020855057351407717,0.0,0.42857142857142855,0.25,1,1,0,0,0,0,1,0,1,0,1,0,12970
0.07407407407407407,0.0021929824561403508,0.6666666666666667,0.030239833159541193,0.0,0.0,0.125,0,0,1,0,1,0,0,0,0,0,0,0,5918
0.6111111111111112,0.006578947368421052,0.0,0.0031282586027111575,0.0,0.42857142857142855,0.625,1,0,1,0,0,0,1,0,0,1,1,0,18585
0.6481481481481481,0.006578947368421052,0.0,0.0020855057351407717,0.5,0.42857142857142855,0.625,0,0,1,0,0,1,0,0,0,0,0,1,26157
0.574074074074074,0.0021929824561403508,1.0,0.06569343065693431,1.0,0.42857142857142855,1.0,0,1,0,0,1,0,0,0,1,0,1,0,33226
0.055555555555555525,0.0043859649122807015,0.0,0.0,0.0,0.0,0.25,0,1,0,0,1,0,0,1,0,0,1,0,6189
0.7037037037037037,0.0043859649122807015,0.6666666666666667,0.03128258602711158,0.5,0.0,0.5,0,0,0,0,1,0,1,0,0,0,0,1,21948
0.48148148148148145,0.008771929824561403,0.3333333333333333,0.019812304483837334,0.5,0.8571428571428571,0.5,1,0,0,1,0,1,0,0,0,1,0,1,27741
0.0,0.0021929824561403508,1.0,0.09071949947862357,0.5,0.0,0.25,0,0,0,1,1,0,0,1,0,1,0,0,12668
0.09259259259259262,0.0,0.0,0.006256517205422314,0.0,0.0,0.125,1,1,0,0,1,0,0,0,0,0,0,0,5664
0.1111111111111111,0.0,0.0,0.0020855057351407717,0.0,0.0,0.5,0,0,1,0,1,0,0,0,0,0,1,0,6892
0.1111111111111111,0.0,0.0,0.0010427528675703858,0.0,0.0,0.5,0,0,1,0,1,0,0,0,0,0,1,0,6291
0.7407407407407407,0.008771929824561403,0.3333333333333333,0.02294056308654849,1.0,0.42857142857142855,0.125,0,0,1,0,0,1,0,0,0,0,1,0,31065
0.5925925925925926,0.0,0.0,0.004171011470281543,0.0,0.5714285714285714,0.625,0,0,0,0,1,0,0,0,0,0,1,0,17669
0.5925925925925926,0.010964912280701754,1.0,0.09280500521376434,0.5,0.42857142857142855,0.625,1,0,0,0,0,1,0,0,0,1,1,0,29719
0.49999999999999994,0.0021929824561403508,1.0,0.08967674661105318,1.0,0.0,0.625,1,0,1,0,1,0,0,0,0,1,1,0,26086
0.055555555555555525,0.0,0.3333333333333333,0.02085505735140772,0.0,0.8571428571428571,0.625,1,1,0,0,1,0,0,0,0,1,1,0,13836
0.16666666666666669,0.0,0.3333333333333333,0.014598540145985403,0.5,0.8571428571428571,0.625,0,0,0,0,1,0,0,0,0,1,0,0,24817
0.24074074074074076,0.006578947368421052,0.3333333333333333,0.011470281543274244,1.0,0.5714285714285714,0.625,1,0,1,0,0,1,0,0,0,0,0,0,33656
0.1296296296296296,0.0021929824561403508,0.6666666666666667,0.029197080291970805,0.0,0.0,0.25,0,0,1,0,1,0,0,1,0,0,0,0,6413
0.48148148148148145,0.0043859649122807015,1.0,0.08446298227320126,1.0,0.42857142857142855,0.625,1,0,0,1,0,0,0,1,1,0,1,0,26483
0.16666666666666669,0.006578947368421052,0.0,0.008342022940563087,0.0,0.42857142857142855,0.625,0,0,0,1,0,0,0,1,0,0,1,0,13621
0.7037037037037037,0.006578947368421052,0.6666666666666667,0.03545359749739312,0.5,0.0,0.25,1,0,1,0,0,0,1,0,0,0,0,1,19936
0.7777777777777779,0.006578947368421052,0.6666666666666667,0.02606882168925965,1.0,0.35714285714285715,0.25,0,0,1,0,0,0,0,0,0,0,0,1,27974
0.3518518518518518,0.006578947368421052,0.3333333333333333,0.009384775808133473,0.5,0.42857142857142855,0.25,1,1,0,0,0,0,1,0,0,0,1,0,18639
0.1111111111111111,0.0,0.0,0.006256517205422314,1.0,0.8571428571428571,1.0,0,1,0,0,1,0,0,1,0,0,1,0,20872
0.22222222222222227,0.0021929824561403508,0.6666666666666667,0.027111574556830033,0.5,0.35714285714285715,0.125,1,0,0,1,1,0,0,0,0,0,1,0,16061
0.14814814814814814,0.0,0.3333333333333333,0.023983315954118876,0.5,0.8571428571428571,1.0,1,0,0,0,1,0,0,1,0,0,0,1,22719
0.3333333333333333,0.0,1.0,0.06882168925964546,1.0,0.42857142857142855,0.625,0,0,1,0,1,0,0,0,0,0,1,0,25226
0.5185185185185186,0.008771929824561403,0.0,0.0072992700729927005,0.5,0.42857142857142855,1.0,0,0,0,0,0,0,1,0,0,0,0,1,25077
0.07407407407407407,0.006578947368421052,1.0,0.06569343065693431,0.5,0.0,0.25,1,0,1,0,0,0,1,0,0,1,0,0,14238
0.574074074074074,0.006578947368421052,0.6666666666666667,0.03128258602711158,1.0,0.35714285714285715,0.625,0,0,0,1,0,1,0,0,0,0,0,1,33713
0.4259259259259259,0.0043859649122807015,0.6666666666666667,0.03858185610010428,0.5,0.0,0.5,0,0,1,0,0,0,0,1,0,0,0,1,16899
0.7962962962962963,0.0021929824561403508,0.3333333333333333,0.014598540145985403,1.0,0.42857142857142855,0.25,0,0,0,0,0,0,0,0,0,0,0,1,33489
0.574074074074074,0.008771929824561403,0.6666666666666667,0.03962460896767466,1.0,0.42857142857142855,0.625,0,0,0,1,0,0,1,0,0,0,0,1,32966
0.2962962962962962,0.0043859649122807015,0.3333333333333333,0.01772679874869656,1.0,0.7857142857142857,0.125,0,0,0,0,0,1,0,0,1,0,0,1,31000
0.018518518518518545,0.0043859649122807015,0.6666666666666667,0.03128258602711158,0.0,0.0,1.0,1,1,0,0,1,0,0,0,0,0,0,0,9277
0.7777777777777779,0.010964912280701754,0.6666666666666667,0.03858185610010428,1.0,0.35714285714285715,0.625,0,0,0,1,0,1,0,0,0,0,0,1,33459
0.5185185185185186,0.0043859649122807015,0.3333333333333333,0.019812304483837334,0.0,0.35714285714285715,0.625,1,0,0,1,0,0,0,1,0,0,1,0,15155
0.27777777777777773,0.0021929824561403508,0.0,0.004171011470281543,0.0,0.35714285714285715,0.25,1,0,0,1,1,0,0,0,0,1,1,0,13590
0.037037037037037035,0.0043859649122807015,0.3333333333333333,0.013555787278415015,1.0,0.0,0.625,0,0,0,1,1,0,0,0,0,0,0,0,14708
0.24074074074074076,0.0043859649122807015,0.3333333333333333,0.02294056308654849,1.0,0.42857142857142855,0.25,1,0,0,0,0,0,1,0,0,1,1,0,28074
0.1111111111111111,0.0,0.0,0.0010427528675703858,0.0,0.0,0.125,0,1,0,0,1,0,0,0,0,0,1,0,6065
0.44444444444444436,0.006578947368421052,0.6666666666666667,0.03441084462982273,0.5,0.42857142857142855,1.0,1,0,0,1,0,0,1,0,1,0,0,0,23696
0.7777777777777779,0.008771929824561403,0.3333333333333333,0.02502606882168926,1.0,0.42857142857142855,0.625,1,0,1,0,0,0,1,0,0,0,0,1,32863
0.1296296296296296,0.006578947368421052,1.0,0.09280500521376434,0.5,0.0,0.625,1,0,0,0,0,0,0,0,0,1,1,0,14971
0.09259259259259262,0.0021929824561403508,0.3333333333333333,0.013555787278415015,0.5,0.0,0.0,0,0,1,0,1,0,0,1,0,1,0,0,11911
0.7037037037037037,0.006578947368421052,0.0,0.004171011470281543,0.5,0.0,0.625,0,0,0,1,0,0,0,0,0,0,0,1,20314
0.18518518518518517,0.0043859649122807015,0.6666666666666667,0.02606882168925965,1.0,0.42857142857142855,0.125,1,0,0,1,0,0,1,0,0,1,1,0,27639
0.6481481481481481,0.0021929824561403508,0.6666666666666667,0.03441084462982273,1.0,0.0,0.625,1,0,1,0,1,0,0,0,0,1,0,1,30403
0.7407407407407407,0.006578947368421052,0.6666666666666667,0.03545359749739312,1.0,0.42857142857142855,0.125,0,0,0,1,0,1,0,0,0,0,0,1,32639
0.055555555555555525,0.0,1.0,0.05735140771637122,0.5,0.0,0.25,1,0,0,1,1,0,0,0,0,0,0,0,9449
0.7962962962962963,0.0043859649122807015,1.0,0.06256517205422316,1.0,0.42857142857142855,0.125,1,0,0,1,0,0,0,0,0,0,0,1,32964
0.018518518518518545,0.0,0.6666666666666667,0.03128258602711158,0.5,0.0,0.625,1,0,0,1,1,0,1,0,0,0,0,0,12779
0.018518518518518545,0.0,0.0,0.004171011470281543,0.0,0.0,0.625,1,0,0,1,1,0,0,0,0,0,0,1,7490
0.574074074074074,0.5043859649122807,0.0,0.0,0.5,0.42857142857142855,0.625,0,0,1,0,1,0,0,0,0,0,0,1,23027
0.6666666666666667,0.0043859649122807015,0.6666666666666667,0.03441084462982273,1.0,0.0,0.625,0,0,1,0,0,0,1,0,0,0,0,1,30198
0.1111111111111111,0.0021929824561403508,1.0,0.051094890510948905,0.5,0.0,0.25,0,0,0,1,1,0,0,0,0,0,0,0,8480
0.4259259259259259,0.006578947368421052,0.0,0.008342022940563087,0.0,0.42857142857142855,0.625,0,0,1,0,0,0,0,1,0,0,1,0,12679
0.48148148148148145,0.006578947368421052,1.0,0.043795620437956206,0.0,1.0,0.625,0,0,0,0,0,1,0,0,0,0,1,0,19769
0.1111111111111111,0.0,0.0,0.00521376433785193,0.5,0.0,0.5,0,0,1,0,1,0,0,0,0,0,0,0,10443
0.6481481481481481,0.006578947368421052,0.0,0.0072992700729927005,0.5,0.42857142857142855,0.625,1,1,0,0,0,0,0,0,0,1,0,0,24660
0.14814814814814814,0.0,0.0,0.0020855057351407717,0.0,0.42857142857142855,0.0,1,1,0,0,1,0,1,0,0,1,1,0,14569
0.24074074074074076,0.008771929824561403,0.3333333333333333,0.014598540145985403,0.5,0.0,0.5,1,0,0,1,0,0,0,0,0,1,1,0,20335
0.7777777777777779,0.006578947368421052,0.3333333333333333,0.021897810218978103,1.0,0.42857142857142855,0.625,0,0,1,0,0,0,0,0,0,0,0,0,29360
0.25925925925925924,0.0,0.3333333333333333,0.010427528675703858,0.5,0.0,0.125,1,0,1,0,1,0,0,0,1,0,1,0,15230
0.7037037037037037,0.008771929824561403,0.0,0.0072992700729927005,0.5,0.42857142857142855,0.25,1,0,0,1,0,0,0,0,0,0,1,0,21184
0.3148148148148148,0.0,0.0,0.008342022940563087,0.5,0.42857142857142855,0.625,0,0,1,0,1,1,0,0,0,1,1,0,25889
0.3703703703703704,0.0,0.0,0.0072992700729927005,0.0,0.42857142857142855,0.25,1,1,0,0,1,0,0,0,0,0,1,0,11672
0.5925925925925926,0.0043859649122807015,0.3333333333333333,0.010427528675703858,1.0,0.42857142857142855,1.0,1,0,0,1,0,0,0,0,0,1,0,1,35696
0.2962962962962962,0.0,0.0,0.004171011470281543,0.0,0.35714285714285715,0.625,1,0,0,1,1,0,0,0,0,1,1,0,15961
0.14814814814814814,0.0021929824561403508,0.6666666666666667,0.03128258602711158,0.5,0.0,0.625,0,0,1,0,1,1,0,0,1,0,0,1,21907
0.24074074074074076,0.010964912280701754,0.3333333333333333,0.01251303441084463,0.5,0.42857142857142855,0.25,1,0,0,0,0,0,1,0,0,1,0,0,23032
0.574074074074074,0.008771929824561403,1.0,0.054223149113660066,1.0,1.0,0.625,1,0,1,0,0,0,0,1,0,1,0,1,37047
0.7592592592592593,0.008771929824561403,0.6666666666666667,0.03336809176225235,1.0,0.42857142857142855,0.25,1,1,0,0,0,1,0,0,1,0,1,0,32902
0.055555555555555525,0.0,0.0,0.008342022940563087,0.0,0.0,0.125,0,0,0,1,1,0,0,0,0,0,1,0,4605
0.3703703703703704,0.008771929824561403,0.3333333333333333,0.018769551616266946,0.5,0.42857142857142855,0.0,0,0,0,1,0,0,0,1,0,1,0,0,20216
0.20370370370370366,0.0043859649122807015,0.0,0.0020855057351407717,0.0,0.35714285714285715,1.0,0,0,0,1,0,0,1,0,0,0,1,0,15885
0.22222222222222227,0.0021929824561403508,0.3333333333333333,0.018769551616266946,0.5,0.0,0.25,1,0,0,0,1,0,0,0,0,1,0,1,17710
0.1111111111111111,0.0021929824561403508,0.6666666666666667,0.03128258602711158,0.0,0.0,0.125,0,0,1,0,1,0,0,1,1,0,1,0,6828
0.3148148148148148,0.008771929824561403,0.0,0.00521376433785193,0.5,0.42857142857142855,0.625,0,0,0,1,0,0,0,0,0,0,0,1,19263
0.09259259259259262,0.0,1.0,0.049009384775808136,0.5,0.0,0.25,1,1,0,0,1,0,1,0,0,0,0,1,11521
0.7037037037037037,0.006578947368421052,0.0,0.006256517205422314,0.5,0.5714285714285714,0.125,0,1,0,0,0,1,0,0,1,0,0,1,29004
0.1296296296296296,0.0,0.3333333333333333,0.02502606882168926,0.0,0.0,0.125,0,0,1,0,1,0,0,0,0,1,0,0,8338
0.3148148148148148,0.006578947368421052,0.0,0.004171011470281543,0.0,0.42857142857142855,0.625,0,1,0,0,0,0,1,0,0,1,1,0,18450
0.4074074074074074,0.0043859649122807015,0.0,0.006256517205422314,0.5,0.35714285714285715,0.0,1,1,0,0,0,0,1,0,0,1,0,1,21533
0.3333333333333333,0.0,0.6666666666666667,0.04066736183524505,0.5,0.42857142857142855,0.625,1,0,1,0,1,0,1,0,0,0,0,1,20904
0.46296296296296297,0.0021929824561403508,0.6666666666666667,0.03649635036496351,0.5,0.35714285714285715,0.625,1,0,0,1,1,1,0,0,0,1,0,0,25370
0.49999999999999994,0.010964912280701754,0.0,0.0031282586027111575,0.0,0.0,0.25,0,0,1,0,0,0,1,0,0,0,1,0,10850
0.0,0.0,0.0,0.006256517205422314,0.0,0.42857142857142855,0.625,0,0,1,0,1,0,0,0,0,1,0,0,13623
0.8703703703703705,0.0043859649122807015,0.0,0.008342022940563087,0.5,0.7857142857142857,0.625,0,0,1,0,0,0,0,0,0,0,0,1,28164
0.5555555555555556,0.0043859649122807015,0.6666666666666667,0.028154327424400417,0.5,0.42857142857142855,0.5,1,0,0,0,0,0,0,0,0,1,1,0,24837
0.5555555555555556,0.006578947368421052,0.3333333333333333,0.019812304483837334,1.0,0.42857142857142855,0.625,0,0,0,1,0,0,1,0,0,0,1,0,31935
0.7222222222222223,0.006578947368421052,0.6666666666666667,0.03753910323253389,1.0,0.35714285714285715,0.25,0,1,0,0,0,1,0,0,0,0,0,1,33066
0.1296296296296296,0.0021929824561403508,0.6666666666666667,0.03128258602711158,0.0,0.0,0.25,0,0,0,0,1,0,0,0,0,0,0,1,5825
0.7407407407407407,0.0043859649122807015,0.6666666666666667,0.03858185610010428,1.0,0.42857142857142855,0.625,0,0,0,1,0,0,0,1,0,0,0,1,31276
0.5925925925925926,0.0043859649122807015,0.0,0.0010427528675703858,0.5,0.35714285714285715,0.25,0,0,1,0,0,1,0,0,0,0,0,1,23618
0.3703703703703704,0.008771929824561403,0.0,0.0020855057351407717,0.0,1.0,0.25,0,1,0,0,0,0,0,0,1,0,1,0,16307
0.16666666666666669,0.0043859649122807015,0.0,0.0072992700729927005,0.0,0.42857142857142855,0.625,1,0,0,1,0,0,1,0,0,1,1,0,17547
0.037037037037037035,0.0,1.0,0.1032325338894682,0.5,0.0,0.125,1,0,1,0,1,0,0,1,0,0,0,0,9833
0.44444444444444436,0.008771929824561403,1.0,0.07612095933263817,1.0,0.42857142857142855,0.625,1,0,1,0,0,0,0,0,0,1,1,0,27526
0.20370370370370366,0.0021929824561403508,0.6666666666666667,0.03858185610010428,0.5,0.42857142857142855,0.25,1,0,1,0,1,0,0,0,0,1,1,0,20027
0.4259259259259259,0.006578947368421052,0.6666666666666667,0.02502606882168926,1.0,0.42857142857142855,0.625,0,0,0,1,0,0,1,0,0,1,1,0,31328
0.5555555555555556,0.008771929824561403,1.0,0.09801876955161627,1.0,0.8571428571428571,0.125,1,0,0,1,0,1,0,0,0,0,0,0,33197
0.537037037037037,0.008771929824561403,1.0,0.06777893639207508,1.0,0.42857142857142855,1.0,0,0,0,1,0,0,1,0,0,1,0,1,37012
0.055555555555555525,0.006578947368421052,0.6666666666666667,0.03962460896767466,0.5,0.42857142857142855,0.25,0,1,0,0,0,0,0,0,0,0,1,0,10510
0.18518518518518517,0.0043859649122807015,0.0,0.00521376433785193,0.0,0.5714285714285714,0.125,0,1,0,0,1,0,0,0,0,0,1,0,14229
0.055555555555555525,0.0043859649122807015,0.6666666666666667,0.03649635036496351,0.0,0.0,0.5,0,0,1,0,1,0,0,1,0,0,0,0,7308
0.3888888888888889,0.0043859649122807015,0.3333333333333333,0.01564129301355579,0.0,0.42857142857142855,0.25,1,0,0,1,0,1,0,0,1,0,1,0,16238
0.7777777777777779,0.010964912280701754,0.3333333333333333,0.021897810218978103,1.0,0.42857142857142855,1.0,0,0,0,1,0,0,0,0,1,0,0,1,32334
0.22222222222222227,0.006578947368421052,0.0,0.008342022940563087,0.0,0.0,0.125,1,0,1,0,0,0,1,0,0,0,1,0,10675
0.055555555555555525,0.006578947368421052,0.0,0.0031282586027111575,0.0,0.0,0.625,0,0,1,0,0,0,0,0,0,0,0,0,7414
0.0,0.0,0.3333333333333333,0.009384775808133473,0.0,0.42857142857142855,0.625,0,0,0,1,1,0,0,0,0,0,1,0,8765
0.7777777777777779,0.0043859649122807015,1.0,0.10114702815432743,0.5,0.7857142857142857,0.25,0,0,0,1,0,0,0,0,0,0,0,1,23225
0.46296296296296297,0.0021929824561403508,1.0,0.10010427528675704,1.0,0.0,1.0,1,0,0,1,1,0,1,0,0,1,1,0,29632
0.0,0.0,1.0,0.051094890510948905,0.5,0.0,1.0,0,1,0,0,1,0,0,0,0,0,0,0,12850
0.1111111111111111,0.0021929824561403508,0.6666666666666667,0.029197080291970805,0.0,0.0,1.0,0,1,0,0,1,0,0,1,0,1,0,0,12981
0.7777777777777779,0.006578947368421052,0.0,0.004171011470281543,0.5,0.42857142857142855,0.5,0,0,0,1,0,0,1,0,0,1,0,1,26540
0.14814814814814814,0.006578947368421052,0.6666666666666667,0.030239833159541193,0.5,0.5714285714285714,0.0,1,0,1,0,0,0,0,0,0,1,0,0,22784
0.055555555555555525,0.0,1.0,0.05005213764337852,0.5,0.0,0.125,0,0,0,1,1,0,0,0,0,0,0,0,7919
0.055555555555555525,0.006578947368421052,1.0,0.09071949947862357,0.5,0.0,0.625,0,1,0,0,0,0,0,1,0,0,0,0,11833
0.018518518518518545,0.0,0.0,0.0031282586027111575,1.0,0.0,0.25,1,0,1,0,1,0,1,0,0,0,1,0,15558
0.44444444444444436,0.0021929824561403508,1.0,0.08654848800834203,1.0,0.0,0.625,0,0,1,0,1,0,0,0,0,1,0,1,26782
0.3148148148148148,0.0043859649122807015,0.0,0.004171011470281543,0.0,1.0,0.5,0,0,0,0,0,0,0,0,0,0,1,0,15953
0.4259259259259259,0.008771929824561403,0.0,0.0072992700729927005,0.0,0.0,1.0,1,1,0,0,0,0,1,0,0,1,1,0,17212
0.5185185185185186,0.006578947368421052,0.0,0.00521376433785193,0.5,0.35714285714285715,1.0,0,0,1,0,0,1,0,0,0,0,0,1,27187
0.2962962962962962,0.0021929824561403508,0.0,0.0072992700729927005,0.0,0.42857142857142855,0.5,1,0,0,1,1,0,0,0,1,0,1,0,12234
0.537037037037037,0.008771929824561403,1.0,0.04692387904066737,1.0,0.0,0.125,0,1,0,0,0,0,0,1,0,0,0,0,25911
0.7777777777777779,0.008771929824561403,0.0,0.0031282586027111575,0.5,0.42857142857142855,0.25,0,0,1,0,0,0,0,0,0,0,0,0,20655
0.24074074074074076,0.0021929824561403508,0.6666666666666667,0.03649635036496351,0.5,0.8571428571428571,0.125,0,0,0,1,1,0,0,0,0,1,0,1,21937
0.537037037037037,0.0043859649122807015,0.6666666666666667,0.03858185610010428,1.0,0.35714285714285715,0.125,0,0,0,1,0,1,0,0,1,0,0,1,32865
0.3518518518518518,0.0,0.6666666666666667,0.03545359749739312,0.5,0.42857142857142855,0.25,0,0,0,0,1,0,1,0,0,0,0,1,20112
0.6666666666666667,0.006578947368421052,0.3333333333333333,0.009384775808133473,1.0,0.5714285714285714,0.25,1,0,1,0,0,0,1,0,0,1,1,0,38053
0.037037037037037035,0.0021929824561403508,0.3333333333333333,0.011470281543274244,1.0,0.0,0.25,0,0,0,0,1,0,0,0,0,0,1,0,12566
0.6666666666666667,0.006578947368421052,0.0,0.0010427528675703858,0.5,0.42857142857142855,0.625,1,0,0,0,0,1,0,0,0,0,0,1,26484
0.07407407407407407,0.0,1.0,0.08654848800834203,0.5,0.0,0.625,1,1,0,0,1,0,0,0,1,0,0,0,11503
0.7222222222222223,0.0043859649122807015,1.0,0.0521376433785193,1.0,0.0,0.25,1,1,0,0,1,0,0,0,0,1,1,0,29613
0.5925925925925926,0.010964912280701754,0.3333333333333333,0.023983315954118876,1.0,0.5714285714285714,0.25,1,0,1,0,0,1,0,0,1,0,1,0,37861
0.3333333333333333,0.006578947368421052,0.3333333333333333,0.010427528675703858,0.5,0.42857142857142855,0.625,1,0,1,0,0,0,1,0,0,1,1,0,24960
0.4259259259259259,0.0043859649122807015,0.3333333333333333,0.011470281543274244,0.5,1.0,0.25,0,0,0,1,0,0,1,0,0,1,1,0,26271
0.07407407407407407,0.006578947368421052,0.0,0.00521376433785193,1.0,0.0,0.5,0,0,0,1,0,0,0,0,0,0,1,0,13318
0.018518518518518545,0.0,0.3333333333333333,0.01772679874869656,0.0,0.0,0.625,1,0,1,0,1,0,0,0,0,0,0,0,7418
0.7037037037037037,0.0021929824561403508,1.0,0.09801876955161627,1.0,0.5714285714285714,0.25,1,1,0,0,1,0,1,0,0,1,0,0,37228
0.49999999999999994,0.0043859649122807015,0.0,0.004171011470281543,0.0,0.5714285714285714,0.5,1,0,0,1,0,1,0,0,0,1,0,0,22424
0.6851851851851851,0.0043859649122807015,0.3333333333333333,0.011470281543274244,1.0,0.35714285714285715,0.125,0,0,0,1,0,1,0,0,0,0,0,1,32642
0.0,0.0,1.0,0.06256517205422316,0.5,0.0,0.5,0,0,0,1,1,0,0,0,0,1,0,0,13537
0.7407407407407407,0.006578947368421052,0.3333333333333333,0.02502606882168926,1.0,0.8571428571428571,0.625,1,0,0,1,0,0,1,0,1,0,0,1,34428
0.3518518518518518,0.006578947368421052,0.3333333333333333,0.019812304483837334,0.5,0.7857142857142857,0.625,0,0,0,0,0,0,0,1,0,0,0,0,22584
0.09259259259259262,0.006578947368421052,1.0,0.0886339937434828,0.5,0.0,0.125,0,0,0,1,0,0,0,0,0,0,1,0,7838
0.20370370370370366,0.006578947368421052,0.0,0.006256517205422314,0.0,0.0,0.125,0,0,0,0,0,0,0,0,0,0,0,1,7419
0.1296296296296296,0.0,0.0,0.004171011470281543,1.0,0.0,0.125,1,1,0,0,1,0,1,0,0,0,1,0,13969
0.6851851851851851,0.0,0.3333333333333333,0.02294056308654849,1.0,0.42857142857142855,0.625,0,0,0,0,1,0,1,0,0,0,1,0,32104
0.3518518518518518,0.0,1.0,0.07194994786235663,0.5,0.42857142857142855,0.625,0,0,1,0,1,0,0,1,0,0,1,0,18662
0.7407407407407407,0.008771929824561403,0.0,0.0020855057351407717,1.0,0.42857142857142855,0.0,0,0,0,1,0,1,0,0,0,0,0,0,30200
0.7222222222222223,0.010964912280701754,1.0,0.05005213764337852,1.0,0.42857142857142855,0.125,0,0,1,0,0,0,0,0,1,0,1,0,29314
0.27777777777777773,0.008771929824561403,1.0,0.09801876955161627,1.0,0.42857142857142855,0.125,0,1,0,0,0,0,0,0,0,0,0,0,22998
0.018518518518518545,0.0,0.0,0.00521376433785193,0.0,0.0,0.25,0,0,0,0,1,0,0,1,0,0,0,1,6085
0.3888888888888889,0.006578947368421052,0.3333333333333333,0.02085505735140772,0.5,0.7857142857142857,0.125,0,1,0,0,0,1,0,0,0,0,1,0,22640
0.7777777777777779,0.0043859649122807015,0.0,0.0010427528675703858,0.5,0.42857142857142855,1.0,0,0,1,0,0,0,0,0,0,0,0,1,22925
0.6851851851851851,0.006578947368421052,0.6666666666666667,0.03128258602711158,1.0,0.42857142857142855,0.625,0,0,1,0,0,0,1,0,0,0,0,1,31683
0.6111111111111112,0.0,0.0,0.00521376433785193,0.5,0.0,0.25,1,0,0,0,1,1,0,0,1,0,0,1,23204
0.018518518518518545,0.0,0.0,0.0,0.0,0.7857142857142857,0.0,1,0,1,0,1,0,1,0,0,0,1,0,10314
0.574074074074074,0.006578947368421052,0.0,0.0072992700729927005,0.5,0.5714285714285714,0.25,0,1,0,0,0,0,1,0,0,0,0,0,26600
0.1111111111111111,0.0,0.3333333333333333,0.011470281543274244,0.0,0.0,0.125,0,1,0,0,1,0,0,0,0,0,1,0,5500
0.5925925925925926,0.008771929824561403,0.0,0.008342022940563087,0.5,0.0,0.625,0,0,0,1,0,0,1,0,0,0,0,0,21833
0.44444444444444436,0.006578947368421052,0.3333333333333333,0.01564129301355579,0.5,0.0,0.625,1,0,0,1,0,0,1,0,0,1,0,1,21868
0.7407407407407407,0.006578947368421052,0.6666666666666667,0.029197080291970805,1.0,0.35714285714285715,0.625,1,1,0,0,0,0,0,0,0,1,0,1,33663
0.1296296296296296,0.0043859649122807015,0.6666666666666667,0.03649635036496351,0.0,0.0,0.25,0,0,1,0,0,0,0,1,0,0,0,0,6603
0.018518518518518545,0.0,0.6666666666666667,0.029197080291970805,0.0,0.0,0.125,0,0,0,0,1,0,0,0,0,0,0,0,5228
0.2962962962962962,0.010964912280701754,0.0,0.0,0.0,0.42857142857142855,0.25,0,0,0,0,0,0,0,0,0,0,1,0,10547
0.9444444444444444,0.0021929824561403508,0.3333333333333333,0.019812304483837334,1.0,0.42857142857142855,0.25,1,0,1,0,0,0,1,0,0,1,0,1,39452
0.0,0.0,0.3333333333333333,0.013555787278415015,0.0,0.0,0.125,0,1,0,0,1,0,1,0,0,0,1,0,6370
0.14814814814814814,0.006578947368421052,0.3333333333333333,0.019812304483837334,0.5,1.0,0.5,1,0,1,0,0,0,0,0,0,1,1,0,25699
0.20370370370370366,0.0043859649122807015,0.0,0.008342022940563087,0.0,0.42857142857142855,0.25,1,0,0,1,0,0,0,0,0,0,1,0,10312
0.18518518518518517,0.006578947368421052,0.0,0.0072992700729927005,0.0,0.42857142857142855,0.5,0,0,0,1,0,1,0,0,0,0,1,0,16012
0.48148148148148145,0.006578947368421052,1.0,0.0667361835245047,1.0,0.35714285714285715,1.0,1,1,0,0,0,0,0,1,0,0,0,1,26852
0.14814814814814814,0.0043859649122807015,0.0,0.006256517205422314,0.5,0.42857142857142855,0.625,1,1,0,0,0,0,0,0,0,1,1,0,21626
0.7777777777777779,0.006578947368421052,0.6666666666666667,0.02502606882168926,1.0,0.42857142857142855,0.625,0,1,0,0,0,0,0,0,0,1,0,1,34114
0.537037037037037,0.0021929824561403508,0.6666666666666667,0.027111574556830033,1.0,0.42857142857142855,0.625,0,0,0,1,1,1,0,0,0,0,0,1,33827
0.1296296296296296,0.0,0.6666666666666667,0.029197080291970805,0.0,0.0,0.25,1,0,1,0,1,0,0,1,0,1,0,0,8424
0.055555555555555525,0.0,0.0,0.0010427528675703858,0.0,0.0,0.625,1,0,1,0,1,0,1,0,0,0,0,0,9660
0.44444444444444436,0.0043859649122807015,0.6666666666666667,0.03545359749739312,0.5,0.7857142857142857,1.0,1,0,1,0,0,0,1,0,0,0,0,1,25071
0.5925925925925926,0.006578947368421052,1.0,0.06152241918665277,1.0,0.35714285714285715,0.5,0,0,1,0,0,1,0,0,0,0,1,0,33564
0.537037037037037,0.008771929824561403,0.6666666666666667,0.03858185610010428,0.5,0.42857142857142855,0.25,0,0,0,0,0,1,0,0,0,1,0,1,26599
0.4074074074074074,0.0,0.3333333333333333,0.01564129301355579,0.5,0.0,0.25,1,0,1,0,1,0,0,0,0,1,1,0,17982
0.7592592592592593,0.008771929824561403,0.6666666666666667,0.03545359749739312,1.0,0.35714285714285715,0.25,0,0,0,1,0,0,0,0,1,0,0,1,28617
0.7407407407407407,0.0043859649122807015,0.0,0.0010427528675703858,0.5,0.35714285714285715,0.25,1,0,0,0,0,0,0,0,0,1,0,0,23558
0.5555555555555556,0.006578947368421052,1.0,0.09384775808133473,0.5,0.42857142857142855,0.5,0,0,0,1,0,1,0,0,1,0,0,1,27028
0.46296296296296297,0.006578947368421052,0.3333333333333333,0.02502606882168926,1.0,0.42857142857142855,0.625,1,0,0,1,0,0,1,0,0,1,1,0,30138
0.3703703703703704,0.0,1.0,0.04171011470281544,1.0,0.42857142857142855,0.625,1,0,1,0,1,0,1,0,0,0,1,0,27661
0.7407407407407407,0.0043859649122807015,0.3333333333333333,0.016684045881126174,0.5,0.42857142857142855,0.125,0,0,1,0,0,0,0,0,0,0,0,1,18696
0.7037037037037037,0.010964912280701754,0.3333333333333333,0.01251303441084463,1.0,0.42857142857142855,0.625,0,0,0,1,0,0,1,0,0,0,1,0,32760
0.46296296296296297,0.0021929824561403508,1.0,0.09697601668404589,0.5,0.35714285714285715,0.125,1,0,0,1,1,0,0,0,0,1,0,1,18806
0.09259259259259262,0.0,0.6666666666666667,0.03858185610010428,1.0,0.0,0.5,1,0,0,1,1,0,0,0,0,1,1,0,17358
0.037037037037037035,0.006578947368421052,1.0,0.06465067778936393,0.5,0.0,0.5,1,1,0,0,0,0,0,0,0,0,0,0,10803
0.018518518518518545,0.0,0.0,0.004171011470281543,0.0,0.0,0.625,1,0,0,1,1,0,0,1,0,1,0,0,10300
0.6481481481481481,0.008771929824561403,0.3333333333333333,0.016684045881126174,0.0,0.42857142857142855,0.625,1,1,0,0,0,0,1,0,0,1,0,1,18432
0.16666666666666669,0.008771929824561403,0.3333333333333333,0.01772679874869656,0.5,0.8571428571428571,0.625,0,1,0,0,0,0,0,0,0,0,0,1,21530
0.0,0.0021929824561403508,0.6666666666666667,0.030239833159541193,0.0,0.0,0.25,1,0,1,0,1,0,0,1,0,1,0,0,8438
0.09259259259259262,0.0043859649122807015,0.0,0.0072992700729927005,0.0,0.0,0.125,1,0,0,1,0,0,1,0,0,0,0,0,7418
0.6296296296296295,0.0043859649122807015,1.0,0.08446298227320126,0.5,0.42857142857142855,0.5,0,0,1,0,0,0,1,0,0,0,0,1,22731
0.8703703703703705,0.0021929824561403508,0.6666666666666667,0.03232533889468196,1.0,0.42857142857142855,0.25,0,1,0,0,0,0,1,0,0,0,0,0,36182
0.5925925925925926,0.008771929824561403,1.0,0.0740354535974974,1.0,0.42857142857142855,1.0,0,1,0,0,0,0,1,0,0,0,0,1,32996
0.037037037037037035,0.0021929824561403508,0.0,0.008342022940563087,0.5,0.35714285714285715,0.625,0,0,0,1,1,0,1,0,0,0,1,0,15695
0.1111111111111111,0.0021929824561403508,0.6666666666666667,0.029197080291970805,0.5,0.0,0.0,1,0,0,1,1,0,0,0,0,0,1,0,7256
0.018518518518518545,0.0043859649122807015,1.0,0.0667361835245047,0.5,0.0,0.0,1,0,0,1,1,0,0,0,0,1,0,1,10357
0.0,0.0,0.0,0.0031282586027111575,0.0,0.0,0.5,0,0,1,0,1,0,0,0,0,0,0,0,7239
0.0,0.0,0.0,0.008342022940563087,0.0,0.0,0.625,0,1,0,0,1,1,0,0,0,0,1,0,11998
0.037037037037037035,0.0,0.6666666666666667,0.027111574556830033,0.0,0.0,0.125,1,0,1,0,1,0,1,0,0,1,1,0,9385
0.16666666666666669,0.0,0.3333333333333333,0.02294056308654849,0.5,0.35714285714285715,0.125,1,0,1,0,1,1,0,0,1,0,1,0,21838
0.27777777777777773,0.006578947368421052,0.6666666666666667,0.03336809176225235,0.5,0.42857142857142855,0.125,0,0,0,1,0,0,0,0,0,0,0,1,17176
0.3703703703703704,0.0021929824561403508,0.0,0.0031282586027111575,0.0,0.35714285714285715,0.5,0,0,1,0,1,0,0,1,0,0,1,0,12064
0.4259259259259259,0.0043859649122807015,0.6666666666666667,0.03232533889468196,0.5,0.42857142857142855,0.625,0,0,0,1,1,0,1,0,0,1,0,1,23747
0.46296296296296297,0.0043859649122807015,0.0,0.004171011470281543,1.0,0.0,0.625,0,0,1,0,0,1,0,0,0,0,1,0,26767
0.6851851851851851,0.0043859649122807015,0.0,0.004171011470281543,0.5,0.42857142857142855,1.0,0,0,0,0,0,1,0,0,0,0,0,1,28286
0.46296296296296297,0.010964912280701754,0.6666666666666667,0.027111574556830033,0.0,1.0,0.625,1,0,0,1,0,0,1,0,0,0,0,1,18920
0.48148148148148145,0.006578947368421052,0.3333333333333333,0.011470281543274244,0.5,0.42857142857142855,0.125,1,0,1,0,0,0,1,0,0,1,1,0,21099
0.574074074074074,0.0043859649122807015,1.0,0.0667361835245047,1.0,0.5714285714285714,0.25,1,1,0,0,0,0,1,0,0,1,0,0,38006
0.4074074074074074,0.006578947368421052,0.0,0.004171011470281543,0.0,0.0,0.625,1,0,0,1,0,0,1,0,0,1,1,0,15040
0.0,0.0021929824561403508,0.3333333333333333,0.011470281543274244,0.0,0.0,1.0,0,0,0,1,1,0,0,1,0,0,0,1,10780
0.1296296296296296,0.0,0.0,0.004171011470281543,0.0,0.0,0.125,0,0,0,1,1,0,0,0,1,0,0,0,6749
0.574074074074074,0.006578947368421052,0.6666666666666667,0.04066736183524505,1.0,1.0,0.125,0,0,0,1,0,0,1,0,0,0,0,1,34261
0.0,0.0043859649122807015,0.3333333333333333,0.02502606882168926,0.0,0.42857142857142855,1.0,1,0,0,1,0,0,1,0,0,1,0,1,16308
0.3703703703703704,0.0043859649122807015,0.3333333333333333,0.011470281543274244,0.5,0.5714285714285714,0.125,1,0,0,1,0,0,1,0,0,0,1,0,22016
0.3888888888888889,0.006578947368421052,0.3333333333333333,0.01251303441084463,1.0,0.35714285714285715,0.125,0,0,1,0,0,1,0,0,0,1,0,0,30771
0.537037037037037,0.010964912280701754,0.3333333333333333,0.010427528675703858,1.0,0.42857142857142855,0.0,0,0,1,0,0,0,0,0,0,0,0,1,27209
0.6111111111111112,0.008771929824561403,0.6666666666666667,0.030239833159541193,1.0,0.42857142857142855,0.25,1,0,0,0,0,0,1,0,0,1,0,0,34062
0.09259259259259262,0.006578947368421052,0.0,0.0020855057351407717,0.0,1.0,1.0,0,0,1,0,0,0,0,0,0,0,0,0,15452
0.3888888888888889,0.0021929824561403508,0.0,0.00521376433785193,0.0,0.42857142857142855,0.125,0,1,0,0,1,0,0,1,0,1,0,1,13708
0.7777777777777779,0.0043859649122807015,1.0,0.04275286757038582,1.0,1.0,1.0,1,0,0,1,1,0,0,1,0,0,0,1,36913
0.1296296296296296,0.0043859649122807015,0.3333333333333333,0.018769551616266946,0.0,0.42857142857142855,0.25,1,1,0,0,1,0,0,0,1,0,0,0,8840
0.537037037037037,0.010964912280701754,0.6666666666666667,0.029197080291970805,1.0,0.8571428571428571,0.125,0,0,0,1,0,0,1,0,0,0,1,0,30906
0.055555555555555525,0.0,0.6666666666666667,0.027111574556830033,0.0,0.0,0.125,0,0,0,1,1,0,0,0,0,0,1,0,5335
0.5925925925925926,0.006578947368421052,0.0,0.00521376433785193,0.5,0.8571428571428571,0.25,1,0,1,0,0,0,1,0,1,0,0,0,25587
0.5185185185185186,0.008771929824561403,0.3333333333333333,0.018769551616266946,1.0,0.35714285714285715,0.625,1,0,1,0,0,1,0,0,1,0,1,0,35976
0.3703703703703704,0.0043859649122807015,0.0,0.008342022940563087,0.0,0.42857142857142855,0.625,0,0,0,1,1,0,0,1,1,0,0,1,14976
0.27777777777777773,0.008771929824561403,0.0,0.004171011470281543,0.0,0.42857142857142855,1.0,0,0,0,0,0,0,0,0,1,0,0,0,16456
0.055555555555555525,0.0,0.3333333333333333,0.011470281543274244,0.0,1.0,0.25,0,0,0,0,1,0,0,1,0,0,0,1,12837
0.6666666666666667,0.0043859649122807015,0.0,0.004171011470281543,0.5,0.42857142857142855,0.25,1,0,1,0,0,0,1,0,0,1,0,1,25827
0.7037037037037037,0.006578947368421052,0.3333333333333333,0.011470281543274244,0.0,0.42857142857142855,0.125,0,0,0,0,0,0,1,0,0,1,0,1,16698
0.7407407407407407,0.006578947368421052,0.3333333333333333,0.021897810218978103,1.0,0.0,0.625,1,1,0,0,0,0,1,0,0,1,1,0,32695
0.7407407407407407,0.006578947368421052,0.0,0.008342022940563087,0.5,0.5714285714285714,0.5,0,0,0,1,0,0,1,0,0,0,1,0,28080
0.14814814814814814,0.0043859649122807015,0.0,0.0072992700729927005,0.0,0.0,0.25,1,0,1,0,0,0,0,0,0,0,0,1,9799
0.1296296296296296,0.006578947368421052,0.6666666666666667,0.03128258602711158,0.0,0.0,0.625,0,0,0,1,0,0,0,0,0,0,0,1,6944
0.09259259259259262,0.006578947368421052,0.0,0.0020855057351407717,0.0,0.0,0.625,0,0,1,0,0,0,0,1,0,0,0,1,7779
0.037037037037037035,0.0021929824561403508,0.3333333333333333,0.01251303441084463,0.5,0.0,0.625,1,1,0,0,1,0,1,0,0,0,1,0,13099
0.3518518518518518,0.0021929824561403508,0.0,0.00521376433785193,0.0,0.42857142857142855,0.25,1,0,1,0,1,0,1,0,0,1,1,0,14883
0.24074074074074076,0.008771929824561403,0.0,0.0020855057351407717,0.0,0.42857142857142855,0.0,0,0,0,1,0,0,1,0,0,0,1,0,12440
0.49999999999999994,0.0021929824561403508,0.6666666666666667,0.03545359749739312,0.5,0.7857142857142857,0.5,0,0,1,0,1,0,0,0,0,0,0,1,20747
0.6481481481481481,0.006578947368421052,0.0,0.0,0.5,0.0,0.5,0,0,0,0,0,0,1,0,0,1,0,0,25385
0.574074074074074,0.006578947368421052,0.0,0.0020855057351407717,0.0,0.42857142857142855,0.25,1,0,1,0,0,0,0,0,0,1,0,0,15194
0.24074074074074076,0.006578947368421052,0.3333333333333333,0.018769551616266946,0.5,0.42857142857142855,0.5,1,0,0,0,0,0,0,0,0,0,0,1,18022
0.574074074074074,0.0043859649122807015,0.0,0.0010427528675703858,0.5,0.35714285714285715,0.5,1,0,0,0,0,1,0,0,0,1,0,1,28986
0.07407407407407407,0.006578947368421052,0.0,0.0072992700729927005,0.0,0.0,0.25,1,0,0,0,0,0,0,0,0,0,0,0,5066
0.24074074074074076,0.008771929824561403,0.3333333333333333,0.023983315954118876,0.5,0.5714285714285714,0.125,0,0,0,1,0,0,0,0,1,0,0,1,21995
0.48148148148148145,0.0,0.6666666666666667,0.03858185610010428,0.5,0.42857142857142855,1.0,1,0,0,1,1,0,1,0,0,1,0,0,26136
0.0,0.0021929824561403508,0.0,0.004171011470281543,0.0,0.0,0.5,1,0,1,0,1,0,0,0,0,1,0,1,9627
0.7407407407407407,0.0,0.3333333333333333,0.02085505735140772,1.0,0.0,0.25,1,1,0,0,1,0,0,0,0,1,0,1,28417
0.018518518518518545,0.0043859649122807015,0.6666666666666667,0.03753910323253389,0.0,0.35714285714285715,0.25,1,0,0,1,1,0,0,0,0,0,0,1,7553
0.25925925925925924,0.010964912280701754,1.0,0.06047966631908238,1.0,0.42857142857142855,0.5,0,0,1,0,0,0,0,0,0,0,0,0,25645
0.5185185185185186,0.0,0.3333333333333333,0.021897810218978103,0.0,0.42857142857142855,0.5,1,0,1,0,1,1,0,0,0,1,1,0,19900
0.537037037037037,0.0,0.6666666666666667,0.02606882168925965,1.0,0.35714285714285715,0.625,0,1,0,0,1,0,1,0,1,0,0,1,32242
0.1111111111111111,0.0021929824561403508,0.0,0.0020855057351407717,1.0,0.0,0.625,0,0,1,0,1,0,0,0,0,0,0,0,14079
0.6851851851851851,0.0,0.0,0.006256517205422314,0.5,0.42857142857142855,0.125,0,1,0,0,1,1,0,0,1,0,0,1,24572
0.1111111111111111,0.0,0.6666666666666667,0.02606882168925965,0.0,0.0,0.25,1,0,1,0,1,0,0,0,0,0,0,1,6443
0.24074074074074076,0.006578947368421052,0.6666666666666667,0.03649635036496351,0.5,0.8571428571428571,0.125,0,0,1,0,0,0,0,1,0,0,0,0,18716
0.27777777777777773,0.0,0.0,0.0072992700729927005,0.0,0.35714285714285715,0.625,0,0,0,0,1,0,0,0,0,1,1,0,15521
0.6111111111111112,0.0021929824561403508,0.0,0.008342022940563087,0.5,0.35714285714285715,0.625,0,1,0,0,1,1,0,0,0,0,1,0,25861
0.6666666666666667,0.0043859649122807015,0.0,0.0072992700729927005,0.5,0.42857142857142855,1.0,0,0,0,1,0,0,0,0,0,1,0,1,26325
0.25925925925925924,0.0043859649122807015,0.3333333333333333,0.019812304483837334,0.5,1.0,0.625,0,1,0,0,0,0,0,0,0,1,0,1,26462
0.07407407407407407,0.0021929824561403508,0.6666666666666667,0.03336809176225235,0.0,0.0,0.125,0,0,0,1,1,0,0,1,0,0,0,0,6710
0.24074074074074076,0.006578947368421052,1.0,0.07507820646506778,1.0,0.5714285714285714,0.125,1,0,0,0,0,0,0,0,0,1,0,1,30315
0.3703703703703704,0.0043859649122807015,0.6666666666666667,0.03232533889468196,1.0,1.0,0.625,1,0,0,1,0,0,1,0,0,1,0,1,33931
0.20370370370370366,0.0,0.0,0.0,0.0,0.42857142857142855,0.125,0,1,0,0,1,0,1,0,1,0,1,0,12318
0.3148148148148148,0.006578947368421052,0.0,0.006256517205422314,0.0,0.0,0.25,0,0,1,0,0,0,1,0,0,0,0,0,11752
0.1111111111111111,0.0,0.3333333333333333,0.009384775808133473,0.0,0.0,0.5,0,0,0,1,1,0,0,0,0,1,0,0,9738
0.1296296296296296,0.0043859649122807015,0.3333333333333333,0.018769551616266946,0.0,0.0,1.0,1,0,0,0,1,0,1,0,0,1,1,0,14099
0.18518518518518517,0.010964912280701754,0.0,0.00521376433785193,0.5,0.5714285714285714,0.625,0,0,1,0,0,0,0,0,0,1,1,0,26549
0.7037037037037037,0.006578947368421052,0.3333333333333333,0.023983315954118876,1.0,0.42857142857142855,0.125,0,0,1,0,0,0,0,0,0,0,0,1,28227
0.037037037037037035,0.006578947368421052,0.0,0.0072992700729927005,1.0,0.0,0.25,0,0,1,0,0,0,0,1,0,0,0,0,14265
0.4259259259259259,0.0,0.0,0.0,0.0,0.5714285714285714,0.625,1,1,0,0,1,0,1,0,0,1,1,0,21181
0.27777777777777773,0.006578947368421052,0.0,0.00521376433785193,0.0,0.7857142857142857,0.25,0,0,1,0,0,0,0,1,1,0,1,0,13465
0.5925925925925926,0.0043859649122807015,0.0,0.008342022940563087,0.0,0.42857142857142855,0.25,0,0,1,0,0,1,0,0,0,1,1,0,19483
0.1296296296296296,0.0021929824561403508,0.6666666666666667,0.03128258602711158,0.0,0.0,1.0,0,0,1,0,1,0,0,1,0,0,0,0,9962
0.2962962962962962,0.006578947368421052,0.0,0.0,0.5,0.42857142857142855,0.125,1,1,0,0,0,1,0,0,0,1,0,0,23241
0.07407407407407407,0.0021929824561403508,0.0,0.006256517205422314,1.0,0.0,0.25,0,1,0,0,1,1,0,0,0,0,1,0,16277
0.3703703703703704,0.010964912280701754,0.3333333333333333,0.018769551616266946,0.5,0.35714285714285715,1.0,1,0,1,0,0,0,1,0,0,1,1,0,25677
0.6481481481481481,0.0,0.3333333333333333,0.013555787278415015,1.0,0.5714285714285714,0.25,1,0,0,1,1,1,0,0,0,0,0,1,36360
0.7037037037037037,0.0043859649122807015,0.6666666666666667,0.03128258602711158,1.0,0.42857142857142855,0.625,0,0,0,0,0,0,0,0,0,0,0,1,29424
0.3703703703703704,0.0,0.0,0.0020855057351407717,0.0,0.42857142857142855,0.5,0,0,1,0,1,0,1,0,0,1,0,1,17186
0.5185185185185186,0.010964912280701754,0.0,0.0010427528675703858,0.5,0.42857142857142855,1.0,1,0,1,0,0,0,0,0,1,0,1,0,25501
0.3518518518518518,0.0043859649122807015,0.3333333333333333,0.023983315954118876,0.5,1.0,0.125,0,0,0,1,0,0,1,0,1,0,0,0,23592
0.7407407407407407,0.006578947368421052,0.3333333333333333,0.01772679874869656,0.0,0.42857142857142855,0.25,0,1,0,0,0,0,1,0,0,0,1,0,14106
0.1296296296296296,0.0021929824561403508,0.6666666666666667,0.03962460896767466,0.0,0.0,0.5,1,0,0,0,1,0,0,0,1,0,0,0,7242
0.3703703703703704,0.0,0.6666666666666667,0.03753910323253389,0.5,0.35714285714285715,0.5,0,0,1,0,1,0,0,0,0,1,0,1,22458
0.037037037037037035,0.0,0.0,0.0,0.0,0.8571428571428571,0.625,0,0,1,0,1,0,0,1,0,0,0,0,12592
0.07407407407407407,0.0,0.6666666666666667,0.03753910323253389,0.0,0.0,0.125,0,1,0,0,1,0,0,0,0,0,0,0,6081
0.46296296296296297,0.010964912280701754,0.0,0.0010427528675703858,0.0,0.5714285714285714,0.125,1,1,0,0,0,0,0,1,0,0,1,0,15091
0.037037037037037035,0.006578947368421052,0.0,0.0,0.0,0.0,0.125,0,0,0,1,0,0,0,1,0,1,0,1,8229
0.2962962962962962,0.008771929824561403,1.0,0.07090719499478623,1.0,0.7857142857142857,0.125,0,0,0,0,0,0,0,1,1,0,1,0,27633
0.018518518518518545,0.0,1.0,0.08133472367049009,0.5,0.0,0.125,0,0,1,0,1,0,0,1,0,0,0,0,8541
0.24074074074074076,0.008771929824561403,1.0,0.09801876955161627,1.0,0.0,0.0,0,0,0,0,0,0,0,0,0,0,1,0,21190
0.4074074074074074,0.010964912280701754,0.6666666666666667,0.03336809176225235,0.5,0.35714285714285715,0.5,0,1,0,0,0,1,0,0,0,0,1,0,23430
0.1111111111111111,0.0021929824561403508,0.0,0.006256517205422314,0.0,0.42857142857142855,0.125,1,1,0,0,1,0,0,0,0,0,1,0,7017
0.09259259259259262,0.0,0.0,0.00521376433785193,0.5,0.0,0.125,1,0,1,0,1,0,0,0,0,0,1,0,7869
0.18518518518518517,0.0,0.3333333333333333,0.010427528675703858,1.0,0.8571428571428571,0.625,0,0,0,1,1,0,0,0,1,0,0,1,29319
0.24074074074074076,0.006578947368421052,0.0,0.0020855057351407717,0.0,0.42857142857142855,1.0,0,0,1,0,0,0,0,1,0,0,1,0,14002
0.14814814814814814,0.006578947368421052,0.6666666666666667,0.03336809176225235,0.5,0.7857142857142857,0.625,1,0,0,1,0,1,0,0,0,0,0,1,25251
0.14814814814814814,0.0021929824561403508,0.6666666666666667,0.03128258602711158,0.5,0.42857142857142855,0.5,0,0,1,0,1,0,0,0,1,0,0,1,19363
0.3703703703703704,0.008771929824561403,0.0,0.004171011470281543,0.0,0.5714285714285714,0.25,1,0,0,0,0,1,0,0,1,0,1,0,19187
0.7037037037037037,0.006578947368421052,0.3333333333333333,0.02502606882168926,1.0,0.35714285714285715,0.125,1,0,0,1,0,0,0,1,1,0,1,0,29276
0.4259259259259259,0.0043859649122807015,0.0,0.006256517205422314,0.0,0.42857142857142855,0.25,0,0,1,0,0,0,1,0,1,0,1,0,13809
0.7407407407407407,0.006578947368421052,0.0,0.004171011470281543,0.5,0.42857142857142855,0.25,0,0,0,0,0,1,0,0,1,0,1,0,25467
0.7222222222222223,0.006578947368421052,0.6666666666666667,0.04066736183524505,1.0,0.0,0.125,1,0,0,1,0,1,0,0,1,0,1,0,29839
0.22222222222222227,0.0043859649122807015,0.0,0.004171011470281543,0.5,0.42857142857142855,0.625,0,0,1,0,0,0,0,0,0,0,0,0,19114
0.09259259259259262,0.0,0.6666666666666667,0.03858185610010428,1.0,0.0,0.25,0,0,0,0,1,0,0,1,0,0,0,1,13765
0.14814814814814814,0.0043859649122807015,0.3333333333333333,0.023983315954118876,0.5,0.42857142857142855,0.625,0,1,0,0,0,0,0,0,0,1,0,0,21571
0.4074074074074074,0.0043859649122807015,0.0,0.0020855057351407717,0.0,0.42857142857142855,0.125,1,0,0,1,0,1,0,0,0,0,0,0,14745
0.14814814814814814,0.006578947368421052,0.0,0.006256517205422314,0.5,0.8571428571428571,0.25,0,0,1,0,0,0,0,0,0,1,1,0,22240
0.0,0.0,0.6666666666666667,0.03336809176225235,0.0,0.0,0.625,1,1,0,0,1,0,1,0,0,1,0,1,12184
0.16666666666666669,0.0,0.0,0.004171011470281543,0.0,0.35714285714285715,0.625,1,0,1,0,1,0,0,0,0,0,0,0,12603
0.055555555555555525,0.0021929824561403508,0.3333333333333333,0.01564129301355579,0.0,0.8571428571428571,1.0,0,0,1,0,1,0,0,0,0,0,0,1,13961
0.0,0.0,0.6666666666666667,0.04066736183524505,0.0,0.42857142857142855,0.0,0,0,0,1,1,0,0,1,0,0,1,0,6483
0.3518518518518518,0.006578947368421052,0.0,0.0072992700729927005,0.0,0.42857142857142855,1.0,0,0,1,0,0,0,0,0,0,1,0,1,16887
0.27777777777777773,0.0021929824561403508,0.0,0.004171011470281543,0.0,0.42857142857142855,0.125,0,0,0,0,1,1,0,0,0,1,0,0,17957
0.07407407407407407,0.0,0.0,0.0031282586027111575,0.0,0.0,0.25,0,0,0,1,1,0,0,0,0,1,1,0,8549
0.1111111111111111,0.006578947368421052,0.0,0.0010427528675703858,0.0,0.0,0.25,1,0,0,1,0,0,0,0,0,0,0,0,5739
0.4074074074074074,0.008771929824561403,0.6666666666666667,0.03753910323253389,1.0,0.42857142857142855,0.125,1,1,0,0,0,0,1,0,0,0,0,1,25746
0.07407407407407407,0.0,0.6666666666666667,0.03962460896767466,0.0,0.0,1.0,0,0,1,0,1,0,0,0,0,0,1,0,9854
0.09259259259259262,0.0043859649122807015,1.0,0.05839416058394161,1.0,0.0,0.25,0,0,0,0,1,0,0,1,0,1,1,0,16817
0.09259259259259262,0.0021929824561403508,1.0,0.04796663190823775,0.5,0.0,0.625,0,0,0,1,1,0,1,0,0,0,0,0,13036
0.09259259259259262,0.0021929824561403508,0.0,0.004171011470281543,0.0,0.0,0.25,1,0,0,0,1,0,0,0,0,0,0,0,6229
0.6111111111111112,0.006578947368421052,0.0,0.0,0.5,0.0,0.625,1,1,0,0,0,0,1,0,0,1,0,0,24606
0.49999999999999994,0.0043859649122807015,0.3333333333333333,0.01772679874869656,0.5,0.35714285714285715,0.25,1,0,1,0,0,0,0,0,0,1,1,0,19695
0.3888888888888889,0.006578947368421052,0.6666666666666667,0.03545359749739312,0.5,0.5714285714285714,1.0,0,1,0,0,0,0,0,0,0,0,1,0,25221
0.6296296296296295,0.006578947368421052,0.3333333333333333,0.02502606882168926,1.0,0.7857142857142857,0.25,1,0,0,1,0,0,0,1,0,0,1,0,30011
0.0,0.0,0.0,0.0020855057351407717,0.0,0.0,1.0,0,0,1,0,1,0,0,0,0,0,0,0,9964
0.018518518518518545,0.0021929824561403508,0.3333333333333333,0.01251303441084463,0.0,0.42857142857142855,0.5,0,0,1,0,1,0,1,0,0,0,0,0,11593
0.8703703703703705,0.0021929824561403508,0.0,0.00521376433785193,0.5,0.42857142857142855,0.25,0,0,1,0,0,0,1,0,0,0,1,0,25828
0.018518518518518545,0.0,0.6666666666666667,0.03649635036496351,0.0,0.0,0.625,1,0,1,0,1,0,0,0,0,0,0,0,7837
0.48148148148148145,0.006578947368421052,0.3333333333333333,0.010427528675703858,0.5,0.42857142857142855,1.0,0,1,0,0,0,0,0,0,0,0,1,0,21152
0.3703703703703704,0.006578947368421052,1.0,0.056308654848800835,1.0,0.42857142857142855,0.125,0,0,1,0,0,0,0,0,0,0,1,0,23358
0.1111111111111111,0.0,0.0,0.0010427528675703858,0.0,0.0,0.625,1,1,0,0,1,0,0,0,0,0,0,0,8217
0.5925925925925926,0.006578947368421052,1.0,0.06882168925964546,1.0,0.8571428571428571,0.625,0,0,1,0,0,1,0,0,0,0,1,0,36071
0.5185185185185186,0.008771929824561403,1.0,0.04796663190823775,1.0,0.0,0.625,0,0,0,1,0,0,0,0,0,0,0,1,28647
0.537037037037037,0.006578947368421052,0.3333333333333333,0.01772679874869656,0.0,0.42857142857142855,0.25,1,0,0,1,0,0,0,0,0,0,0,0,11778
0.055555555555555525,0.0,0.0,0.0031282586027111575,0.0,0.8571428571428571,0.125,0,0,0,1,1,0,0,1,0,1,0,0,12893
0.037037037037037035,0.0021929824561403508,1.0,0.07820646506777894,0.5,0.0,0.25,1,0,0,1,1,0,0,0,0,0,0,0,10116
0.574074074074074,0.008771929824561403,0.3333333333333333,0.023983315954118876,0.0,0.35714285714285715,0.125,0,1,0,0,0,0,1,0,1,0,1,0,14111
0.27777777777777773,0.008771929824561403,1.0,0.045881126173096975,1.0,0.42857142857142855,0.625,0,0,0,1,0,0,0,0,0,1,1,0,28860
0.27777777777777773,0.0,0.0,0.004171011470281543,0.0,0.0,0.125,0,1,0,0,1,0,1,0,0,1,1,0,13874
0.1296296296296296,0.0,0.3333333333333333,0.011470281543274244,0.0,0.0,0.25,1,0,0,1,1,0,1,0,0,0,1,0,7052
0.20370370370370366,0.0021929824561403508,0.3333333333333333,0.01564129301355579,0.5,0.0,0.625,1,0,0,1,1,0,0,0,0,0,1,0,17514
0.1296296296296296,0.0,0.0,0.0072992700729927005,0.0,0.0,0.25,0,0,1,0,1,0,0,1,0,0,0,0,6804
0.037037037037037035,0.0043859649122807015,0.6666666666666667,0.02502606882168926,0.5,0.7857142857142857,0.625,0,0,0,1,1,0,0,1,1,0,0,0,15778
0.6111111111111112,0.0043859649122807015,0.0,0.004171011470281543,0.5,0.35714285714285715,0.5,0,0,0,1,0,0,0,0,0,0,1,0,22438
0.46296296296296297,0.010964912280701754,0.6666666666666667,0.02502606882168926,1.0,0.5714285714285714,1.0,1,0,0,0,0,0,0,0,0,1,0,1,34477
0.5555555555555556,0.0043859649122807015,0.3333333333333333,0.02502606882168926,1.0,0.42857142857142855,0.25,0,0,1,0,0,0,0,0,1,0,1,0,29430
0.7777777777777779,0.006578947368421052,0.0,0.008342022940563087,0.5,0.42857142857142855,0.125,0,1,0,0,0,0,0,0,0,0,0,1,20550
0.44444444444444436,0.0,0.3333333333333333,0.010427528675703858,0.5,0.42857142857142855,0.25,1,0,0,1,1,0,0,1,1,0,0,0,18848
0.3333333333333333,0.010964912280701754,0.0,0.0,0.0,0.42857142857142855,0.25,0,1,0,0,0,0,0,0,0,0,1,0,11134
0.18518518518518517,0.006578947368421052,0.6666666666666667,0.03858185610010428,0.5,0.0,0.625,1,1,0,0,0,0,0,0,0,1,1,0,19742
0.4259259259259259,0.0,0.0,0.0031282586027111575,0.0,0.42857142857142855,0.625,0,1,0,0,1,0,1,0,0,0,1,0,13851
0.46296296296296297,0.006578947368421052,0.0,0.0072992700729927005,0.0,0.0,0.625,1,1,0,0,0,0,0,0,0,1,1,0,13091
0.20370370370370366,0.008771929824561403,0.0,0.004171011470281543,0.0,0.42857142857142855,0.25,0,0,1,0,0,0,1,0,0,0,1,0,12137
0.7407407407407407,0.006578947368421052,0.0,0.004171011470281543,0.5,0.5714285714285714,0.25,0,0,1,0,0,0,0,0,0,0,0,1,23913
0.4259259259259259,0.0043859649122807015,0.0,0.0020855057351407717,0.0,0.42857142857142855,0.125,0,0,1,0,0,0,0,0,0,0,1,0,10460
0.018518518518518545,0.0,0.0,0.0,0.0,0.0,0.5,0,0,0,1,1,0,0,1,0,0,0,0,6951
0.5925925925925926,0.006578947368421052,0.6666666666666667,0.027111574556830033,1.0,0.42857142857142855,0.625,0,1,0,0,0,1,0,0,0,0,0,0,33692
0.09259259259259262,0.0,0.0,0.0010427528675703858,0.5,0.0,0.625,0,1,0,0,1,0,0,0,0,1,0,0,13929
0.055555555555555525,0.0,0.6666666666666667,0.02502606882168926,0.0,0.0,0.25,1,0,1,0,1,0,0,0,0,0,0,0,5080
0.7592592592592593,0.008771929824561403,0.0,0.0,0.0,0.42857142857142855,0.125,0,0,0,1,0,1,0,0,0,1,0,0,17656
0.3148148148148148,0.006578947368421052,0.0,0.0020855057351407717,0.0,0.42857142857142855,0.5,0,0,0,0,0,0,0,0,0,1,1,0,15208
0.22222222222222227,0.008771929824561403,0.0,0.0010427528675703858,0.0,0.0,0.25,0,0,0,1,0,0,0,0,0,0,1,0,8313
0.7037037037037037,0.0,0.6666666666666667,0.03336809176225235,1.0,0.42857142857142855,0.625,0,0,1,0,1,0,1,0,1,0,0,1,32220
0.537037037037037,0.006578947368421052,0.6666666666666667,0.03545359749739312,0.5,0.0,0.625,0,0,0,1,0,0,0,1,0,0,0,0,21403
0.6851851851851851,0.0043859649122807015,0.3333333333333333,0.02085505735140772,1.0,0.35714285714285715,0.625,1,0,0,1,0,0,1,0,0,0,0,1,32519
0.09259259259259262,0.0,0.6666666666666667,0.03128258602711158,0.5,0.0,0.625,1,1,0,0,1,0,0,0,0,1,0,0,13951
0.7037037037037037,0.0021929824561403508,0.0,0.0,0.5,0.35714285714285715,0.625,0,1,0,0,1,0,1,0,1,0,0,1,25460
0.0,0.0,0.3333333333333333,0.01772679874869656,0.0,0.42857142857142855,0.125,1,1,0,0,1,0,0,0,0,0,1,0,6598
0.6666666666666667,0.006578947368421052,0.3333333333333333,0.01772679874869656,1.0,0.42857142857142855,0.25,1,1,0,0,0,0,0,0,1,0,0,1,29431
0.7592592592592593,0.0043859649122807015,1.0,0.08967674661105318,1.0,0.42857142857142855,1.0,1,0,1,0,0,0,1,0,1,0,0,1,35180
0.6481481481481481,0.006578947368421052,0.0,0.0010427528675703858,0.5,0.42857142857142855,0.25,0,0,0,0,0,0,1,0,0,1,1,0,25486
0.055555555555555525,0.0,0.3333333333333333,0.011470281543274244,0.0,0.0,0.125,0,0,0,1,1,0,0,1,0,0,0,0,6633
0.07407407407407407,0.0021929824561403508,1.0,0.0959332638164755,0.5,0.0,0.25,0,0,0,1,1,1,0,0,0,1,0,0,15675
0.037037037037037035,0.0021929824561403508,0.3333333333333333,0.010427528675703858,0.5,0.0,0.25,1,0,0,1,1,0,0,1,0,1,0,0,13242
0.16666666666666669,0.008771929824561403,0.0,0.008342022940563087,0.0,0.42857142857142855,0.625,0,0,1,0,0,1,0,0,0,1,1,0,18571
0.018518518518518545,0.0021929824561403508,1.0,0.06569343065693431,0.5,0.0,0.625,1,0,1,0,1,0,0,0,0,1,0,1,14515
0.49999999999999994,0.0,0.3333333333333333,0.02502606882168926,0.5,0.42857142857142855,0.25,0,0,1,0,1,1,0,0,0,0,1,0,20337
0.5185185185185186,0.0,0.3333333333333333,0.01251303441084463,1.0,0.42857142857142855,0.25,1,0,0,0,1,0,1,0,0,0,1,0,31182
0.1111111111111111,0.0021929824561403508,0.3333333333333333,0.023983315954118876,0.0,0.0,0.625,1,0,1,0,1,0,0,1,0,1,0,0,11561
0.055555555555555525,0.0,0.3333333333333333,0.02294056308654849,0.0,0.0,0.125,0,1,0,0,1,0,0,0,0,0,1,0,5720
0.6851851851851851,0.006578947368421052,0.6666666666666667,0.03336809176225235,1.0,0.0,0.125,0,0,0,1,0,0,0,0,0,0,0,1,25783
0.49999999999999994,0.006578947368421052,0.0,0.004171011470281543,0.0,0.35714285714285715,0.125,0,0,1,0,0,0,1,0,0,1,0,0,15652
0.18518518518518517,0.0043859649122807015,0.3333333333333333,0.009384775808133473,0.5,0.42857142857142855,0.5,0,0,1,0,0,1,0,0,0,0,1,0,22233
0.48148148148148145,0.0043859649122807015,1.0,0.07820646506777894,1.0,0.42857142857142855,0.625,0,0,1,0,1,0,0,1,1,0,1,0,27078
0.2962962962962962,0.0,0.3333333333333333,0.014598540145985403,0.5,0.42857142857142855,0.625,1,0,0,0,1,0,1,0,1,0,0,1,21130
0.5185185185185186,0.008771929824561403,0.3333333333333333,0.01564129301355579,1.0,0.42857142857142855,0.125,1,0,0,1,0,0,1,0,0,1,0,1,33506
0.07407407407407407,0.0021929824561403508,1.0,0.059436913451511995,0.5,0.0,0.25,1,0,1,0,1,0,0,0,0,0,1,0,10084
0.44444444444444436,0.006578947368421052,0.6666666666666667,0.03545359749739312,0.5,0.42857142857142855,0.125,0,0,0,0,0,0,0,1,0,0,1,0,16475
0.055555555555555525,0.0,0.3333333333333333,0.02085505735140772,0.0,0.0,0.625,0,0,1,0,1,0,0,1,1,0,0,0,9154
0.0,0.0021929824561403508,0.6666666666666667,0.03649635036496351,0.5,0.0,0.25,0,0,0,0,1,0,0,0,0,0,0,0,10099
0.48148148148148145,0.0043859649122807015,0.6666666666666667,0.02502606882168926,0.5,0.0,0.25,1,0,1,0,1,0,0,1,0,1,1,0,17925
0.7592592592592593,0.006578947368421052,0.6666666666666667,0.02606882168925965,0.0,0.42857142857142855,0.625,1,1,0,0,0,0,0,0,0,1,0,1,17280
0.3333333333333333,0.0021929824561403508,0.6666666666666667,0.030239833159541193,0.5,0.0,0.25,1,0,1,0,1,0,0,0,0,0,1,0,14859
0.1111111111111111,0.006578947368421052,0.0,0.008342022940563087,0.0,0.0,0.125,0,0,0,1,0,0,0,0,0,0,0,0,5387
0.07407407407407407,0.0,0.3333333333333333,0.010427528675703858,1.0,0.42857142857142855,1.0,0,1,0,0,1,0,0,0,0,0,0,0,18341
0.037037037037037035,0.0,0.0,0.004171011470281543,0.5,0.0,0.125,1,0,1,0,1,0,0,0,0,0,0,1,9373
0.27777777777777773,0.006578947368421052,0.0,0.0,0.0,0.42857142857142855,0.25,0,0,0,0,0,0,0,0,1,0,1,0,11930
1.0,0.0021929824561403508,0.6666666666666667,0.04066736183524505,1.0,0.42857142857142855,0.25,1,1,0,0,0,0,0,1,0,1,0,1,38769
0.6481481481481481,0.006578947368421052,0.6666666666666667,0.029197080291970805,1.0,0.42857142857142855,0.625,1,0,1,0,0,0,1,0,0,1,0,1,34719
0.055555555555555525,0.0,0.0,0.0,0.0,0.0,0.125,1,1,0,0,1,1,0,0,0,1,1,0,11971
0.7777777777777779,0.0043859649122807015,0.3333333333333333,0.01772679874869656,1.0,0.42857142857142855,0.25,0,0,1,0,0,0,0,0,0,1,0,1,31766
0.055555555555555525,0.006578947368421052,0.0,0.0020855057351407717,0.5,0.0,0.625,0,0,0,1,0,0,1,0,0,0,0,0,12448
0.574074074074074,0.010964912280701754,0.0,0.0031282586027111575,0.5,0.42857142857142855,0.625,0,0,0,1,0,0,0,0,0,0,0,1,22701
0.7592592592592593,0.0,0.0,0.006256517205422314,0.5,0.5714285714285714,0.5,1,0,0,1,1,0,1,0,0,1,0,0,30407
0.537037037037037,0.006578947368421052,1.0,0.06047966631908238,1.0,0.42857142857142855,0.625,1,0,0,1,0,0,1,0,1,0,1,0,33172
0.5185185185185186,0.006578947368421052,0.0,0.0010427528675703858,0.5,0.42857142857142855,0.125,1,0,0,1,0,0,1,0,1,0,1,0,23444
0.7222222222222223,0.006578947368421052,0.3333333333333333,0.01251303441084463,0.5,0.42857142857142855,0.25,1,1,0,0,0,0,0,0,0,0,0,1,21035
0.27777777777777773,0.0043859649122807015,0.0,0.0072992700729927005,0.5,0.42857142857142855,0.125,0,0,0,1,0,1,0,0,0,1,1,0,24106
0.574074074074074,0.006578947368421052,0.6666666666666667,0.03962460896767466,1.0,0.42857142857142855,0.5,1,0,0,0,0,0,0,0,1,0,0,0,30454
0.46296296296296297,0.0021929824561403508,0.0,0.0072992700729927005,0.0,0.8571428571428571,0.125,0,1,0,0,1,0,1,0,1,0,1,0,15047
0.6851851851851851,0.006578947368421052,0.3333333333333333,0.01251303441084463,1.0,0.42857142857142855,0.625,0,0,0,1,0,0,0,0,0,0,0,0,29395
0.09259259259259262,0.0,1.0,0.08759124087591241,0.5,0.0,0.25,0,0,1,0,1,0,0,0,0,0,0,0,9307
0.49999999999999994,0.006578947368421052,0.0,0.00521376433785193,0.0,0.42857142857142855,0.125,0,0,1,0,0,0,0,1,0,1,1,0,13685
0.6851851851851851,0.008771929824561403,0.6666666666666667,0.04066736183524505,1.0,0.0,1.0,0,1,0,0,0,0,1,0,1,0,0,1,33193
0.018518518518518545,0.0021929824561403508,0.3333333333333333,0.02294056308654849,0.0,0.0,1.0,1,0,1,0,1,1,0,0,0,0,0,0,14317
0.055555555555555525,0.0,0.3333333333333333,0.018769551616266946,0.0,0.0,0.125,0,0,1,0,1,0,0,0,0,1,0,0,8100
0.055555555555555525,0.0021929824561403508,0.0,0.0072992700729927005,0.5,0.0,0.125,1,1,0,0,1,0,1,0,0,1,1,0,14479
0.7777777777777779,0.0043859649122807015,0.3333333333333333,0.02085505735140772,0.0,0.5714285714285714,0.125,0,1,0,0,0,0,0,0,0,0,0,1,15828
0.6111111111111112,0.006578947368421052,0.0,0.006256517205422314,0.5,0.42857142857142855,0.625,0,0,1,0,0,1,0,0,0,0,0,0,26424
0.7037037037037037,0.008771929824561403,0.0,0.0,0.5,0.7857142857142857,0.625,0,1,0,0,0,1,0,0,1,0,0,1,28174
0.7592592592592593,0.0043859649122807015,0.0,0.004171011470281543,0.5,0.35714285714285715,0.625,1,0,1,0,0,0,0,0,1,0,1,0,23734
0.5185185185185186,0.010964912280701754,0.0,0.0020855057351407717,0.5,0.0,0.625,0,1,0,0,0,1,0,0,0,0,1,0,24752
0.5925925925925926,0.006578947368421052,0.6666666666666667,0.02606882168925965,1.0,0.35714285714285715,0.625,0,0,0,1,0,0,1,0,1,0,0,1,32213
0.49999999999999994,0.0,0.0,0.008342022940563087,1.0,0.8571428571428571,0.625,0,0,0,1,1,0,0,1,0,0,0,1,27298
0.5555555555555556,0.006578947368421052,0.3333333333333333,0.016684045881126174,0.5,0.42857142857142855,0.125,0,0,1,0,0,1,0,0,0,0,0,0,23210
0.5185185185185186,0.0,0.0,0.008342022940563087,0.5,0.42857142857142855,1.0,1,0,1,0,1,1,0,0,0,0,0,1,27056
0.49999999999999994,0.006578947368421052,0.6666666666666667,0.02606882168925965,0.5,0.42857142857142855,0.625,1,0,1,0,0,1,0,0,0,0,0,0,23233
0.6481481481481481,0.0021929824561403508,0.3333333333333333,0.01772679874869656,0.0,0.42857142857142855,0.25,1,1,0,0,1,0,0,0,0,1,0,1,14892
0.16666666666666669,0.0043859649122807015,0.0,0.0,0.0,0.42857142857142855,0.5,0,0,1,0,0,0,0,0,0,0,0,1,11233
0.3703703703703704,0.008771929824561403,0.0,0.004171011470281543,1.0,0.5714285714285714,0.5,0,0,1,0,0,0,0,0,0,0,1,0,28428
0.3333333333333333,0.0043859649122807015,0.0,0.0031282586027111575,0.0,0.35714285714285715,0.25,1,0,1,0,1,1,0,0,0,0,1,0,14661
0.3518518518518518,0.0,0.3333333333333333,0.021897810218978103,0.5,0.0,0.5,1,0,1,0,1,0,1,0,0,1,0,1,22433
0.0,0.0,0.0,0.0,0.0,0.0,0.125,0,0,0,1,1,0,0,1,1,0,0,0,6882
0.22222222222222227,0.0,0.0,0.0010427528675703858,0.0,0.42857142857142855,0.625,0,0,0,1,1,0,1,0,1,0,1,0,15235
0.3518518518518518,0.008771929824561403,0.6666666666666667,0.029197080291970805,0.5,0.0,0.25,0,0,0,1,0,0,0,0,0,1,1,0,18697
0.3333333333333333,0.0,0.0,0.0072992700729927005,0.0,0.35714285714285715,0.625,1,0,0,1,1,0,0,0,0,1,1,0,15895
0.7222222222222223,0.006578947368421052,0.3333333333333333,0.009384775808133473,0.0,0.35714285714285715,0.125,0,0,0,0,0,1,0,0,0,0,0,1,15193
0.055555555555555525,0.0,0.0,0.006256517205422314,0.0,0.0,0.25,0,0,0,1,1,0,0,0,0,0,0,0,5587
0.09259259259259262,0.0,0.3333333333333333,0.01772679874869656,0.0,0.35714285714285715,0.125,1,0,1,0,1,0,0,1,0,0,0,0,8486
0.3518518518518518,0.010964912280701754,0.0,0.00521376433785193,0.0,0.42857142857142855,0.25,0,1,0,0,0,0,1,0,0,0,0,0,11975
0.018518518518518545,0.0043859649122807015,0.0,0.0,0.0,0.0,1.0,0,0,0,0,1,0,0,0,0,1,1,0,12726
0.018518518518518545,0.0,1.0,0.08029197080291971,0.5,0.0,0.125,0,0,0,1,1,0,0,0,0,0,0,0,7825
0.16666666666666669,0.008771929824561403,0.3333333333333333,0.01564129301355579,0.5,0.5714285714285714,0.625,0,0,1,0,0,0,0,0,0,1,1,0,26359
0.6481481481481481,0.0043859649122807015,1.0,0.04483837330552659,0.5,0.35714285714285715,0.125,1,0,0,1,0,1,0,0,0,0,0,1,23639
0.27777777777777773,0.0,1.0,0.09176225234619395,1.0,0.0,0.625,1,0,0,1,1,0,1,0,0,1,1,0,28690
0.037037037037037035,0.0043859649122807015,0.6666666666666667,0.04066736183524505,0.5,0.42857142857142855,0.125,1,0,1,0,1,0,1,0,0,1,0,0,15616
0.3518518518518518,0.010964912280701754,0.6666666666666667,0.029197080291970805,0.5,0.8571428571428571,0.125,0,0,0,1,0,0,1,0,0,0,0,1,21182
0.574074074074074,0.008771929824561403,0.6666666666666667,0.03441084462982273,1.0,0.0,0.25,0,1,0,0,0,0,1,0,1,0,0,1,28853
0.2962962962962962,0.010964912280701754,0.0,0.0020855057351407717,0.5,0.0,0.625,0,0,1,0,0,0,0,0,0,0,1,0,17972
0.14814814814814814,0.006578947368421052,0.3333333333333333,0.023983315954118876,0.5,0.42857142857142855,0.625,1,0,1,0,0,1,0,0,0,0,1,0,23844
0.14814814814814814,0.0,0.3333333333333333,0.016684045881126174,0.5,0.42857142857142855,0.5,1,0,0,0,1,0,1,0,0,1,1,0,24071
0.5555555555555556,0.0,0.0,0.00521376433785193,0.5,0.42857142857142855,0.125,0,0,1,0,1,0,1,0,0,0,0,1,21658
0.22222222222222227,0.0,0.0,0.006256517205422314,0.5,0.0,0.25,1,1,0,0,1,0,1,0,0,1,1,0,19904
0.6111111111111112,0.0021929824561403508,0.0,0.006256517205422314,0.5,0.42857142857142855,0.125,0,0,1,0,1,0,0,1,0,0,0,1,20125
0.6296296296296295,0.008771929824561403,0.0,0.0031282586027111575,0.5,0.5714285714285714,1.0,0,1,0,0,0,0,1,0,0,0,1,0,29105
0.7037037037037037,0.006578947368421052,0.3333333333333333,0.02502606882168926,1.0,0.42857142857142855,0.0,1,0,1,0,0,0,0,0,0,0,1,0,27716
0.4074074074074074,0.0043859649122807015,0.6666666666666667,0.02606882168925965,0.5,0.5714285714285714,0.125,0,0,0,0,0,0,0,0,0,1,1,0,22802
0.5185185185185186,0.006578947368421052,0.6666666666666667,0.03232533889468196,1.0,0.5714285714285714,0.125,0,0,1,0,0,1,0,0,0,0,1,0,35102
0.7222222222222223,0.0043859649122807015,0.0,0.0072992700729927005,0.5,0.42857142857142855,0.125,0,0,1,0,0,0,0,0,1,0,0,1,20908
0.3888888888888889,0.0043859649122807015,0.3333333333333333,0.013555787278415015,0.5,0.35714285714285715,0.5,0,1,0,0,0,0,0,0,0,0,0,0,19401
0.7777777777777779,0.006578947368421052,0.3333333333333333,0.023983315954118876,1.0,0.5714285714285714,0.625,0,0,1,0,0,0,1,0,0,0,0,1,35188
0.5925925925925926,0.006578947368421052,1.0,0.06360792492179354,1.0,0.5714285714285714,0.125,0,0,1,0,0,0,1,0,0,0,0,0,34014
0.055555555555555525,0.0021929824561403508,0.3333333333333333,0.013555787278415015,0.0,0.8571428571428571,0.5,0,0,1,0,1,0,0,0,1,0,0,0,12337
0.7407407407407407,0.008771929824561403,0.3333333333333333,0.018769551616266946,1.0,0.42857142857142855,0.25,0,0,0,1,0,1,0,0,0,0,0,1,32539
0.1296296296296296,0.006578947368421052,0.6666666666666667,0.030239833159541193,0.5,0.0,0.625,1,0,0,1,0,0,1,0,0,0,1,0,13943
0.3703703703703704,0.010964912280701754,0.3333333333333333,0.01251303441084463,0.5,0.42857142857142855,0.125,0,1,0,0,0,0,0,1,1,0,1,0,19060
0.07407407407407407,0.0,0.0,0.004171011470281543,0.5,0.0,0.625,0,0,1,0,1,0,1,0,0,0,1,0,13664
0.49999999999999994,0.0,0.0,0.004171011470281543,0.5,0.0,0.625,1,0,0,0,1,1,0,0,0,1,1,0,23498
0.2962962962962962,0.006578947368421052,0.0,0.0020855057351407717,0.0,0.42857142857142855,1.0,0,1,0,0,0,0,0,1,0,0,1,0,15473
0.6851851851851851,0.008771929824561403,0.6666666666666667,0.04066736183524505,1.0,0.42857142857142855,0.125,1,0,0,1,0,0,0,0,0,1,0,1,30244
0.3703703703703704,0.0043859649122807015,0.0,0.008342022940563087,0.0,0.42857142857142855,0.25,1,0,0,0,0,0,0,0,0,0,1,0,10090
0.20370370370370366,0.0043859649122807015,0.3333333333333333,0.021897810218978103,0.5,0.7857142857142857,0.25,0,0,0,0,0,0,0,0,0,0,1,0,19209
0.037037037037037035,0.0,1.0,0.08967674661105318,1.0,0.0,0.25,1,0,1,0,1,0,1,0,0,1,0,0,18249
0.7592592592592593,0.0,0.6666666666666667,0.02502606882168926,1.0,0.42857142857142855,0.25,1,0,0,1,1,0,1,0,1,0,0,0,32234
0.4259259259259259,0.008771929824561403,1.0,0.08029197080291971,1.0,0.42857142857142855,0.625,0,0,0,1,0,0,1,0,0,0,0,1,26811
0.4259259259259259,0.0043859649122807015,1.0,0.07090719499478623,1.0,0.42857142857142855,0.125,0,0,0,0,0,0,0,1,1,0,1,0,25263
0.16666666666666669,0.0021929824561403508,0.0,0.0,0.0,0.42857142857142855,0.0,0,0,1,0,1,0,0,1,1,0,1,0,11079
0.1296296296296296,0.0043859649122807015,0.6666666666666667,0.03545359749739312,0.0,0.0,0.25,1,0,1,0,1,0,0,0,0,0,0,1,6385
0.4259259259259259,0.0043859649122807015,0.0,0.004171011470281543,1.0,0.5714285714285714,0.125,1,0,0,1,0,0,0,0,0,0,0,1,26822
0.1296296296296296,0.0021929824561403508,0.0,0.0072992700729927005,0.0,0.0,0.0,0,0,0,1,1,0,0,0,0,0,1,0,5521
0.07407407407407407,0.0043859649122807015,0.0,0.0010427528675703858,0.0,0.0,0.625,0,0,0,1,1,0,0,0,0,0,0,0,8013
0.6851851851851851,0.006578947368421052,0.3333333333333333,0.011470281543274244,1.0,0.42857142857142855,0.625,0,0,1,0,0,0,1,0,0,0,1,0,31017
0.1296296296296296,0.0,1.0,0.07090719499478623,0.5,0.0,0.125,0,0,1,0,1,0,1,0,0,0,0,0,11464
0.537037037037037,0.006578947368421052,0.0,0.008342022940563087,0.5,0.42857142857142855,0.25,1,0,0,1,0,0,0,0,0,0,0,1,20957
0.055555555555555525,0.0043859649122807015,0.0,0.004171011470281543,0.5,0.0,0.5,0,0,0,1,1,0,0,1,1,0,1,0,11808
0.48148148148148145,0.0043859649122807015,0.6666666666666667,0.03858185610010428,0.5,0.42857142857142855,0.25,1,1,0,0,0,0,1,0,0,1,1,0,22559
0.6851851851851851,0.006578947368421052,0.0,0.008342022940563087,0.5,0.35714285714285715,0.125,1,0,0,0,0,0,1,0,1,0,1,0,21685
0.3148148148148148,0.0021929824561403508,0.6666666666666667,0.03753910323253389,1.0,0.8571428571428571,0.5,0,0,1,0,1,0,0,0,1,0,0,1,27632
0.537037037037037,0.006578947368421052,0.3333333333333333,0.01772679874869656,1.0,0.42857142857142855,0.25,0,0,0,0,0,1,0,0,0,0,0,0,31625
0.537037037037037,0.006578947368421052,0.6666666666666667,0.03128258602711158,1.0,0.42857142857142855,0.25,1,1,0,0,0,0,0,0,0,0,0,0,27417
0.5925925925925926,0.0,1.0,0.06986444212721585,1.0,0.42857142857142855,1.0,0,0,0,1,1,1,0,0,0,0,1,0,36391
0.1111111111111111,0.0,0.0,0.0072992700729927005,0.0,0.0,1.0,0,0,0,1,1,0,1,0,0,0,0,0,11144
0.7407407407407407,0.008771929824561403,0.6666666666666667,0.03128258602711158,1.0,0.35714285714285715,0.125,0,1,0,0,0,0,0,0,1,0,0,1,27836
0.4074074074074074,0.006578947368421052,0.3333333333333333,0.023983315954118876,1.0,0.0,0.625,0,1,0,0,0,0,0,1,1,0,1,0,25715
0.1296296296296296,0.0021929824561403508,1.0,0.1032325338894682,0.5,0.8571428571428571,0.5,0,0,0,0,1,1,0,0,0,0,0,0,18998
0.22222222222222227,0.0,0.0,0.0020855057351407717,0.0,0.0,0.625,0,0,1,0,1,0,1,0,0,0,0,1,13630
0.037037037037037035,0.006578947368421052,1.0,0.08967674661105318,0.5,0.0,0.625,0,0,1,0,0,0,0,1,1,0,0,0,12657
0.6851851851851851,0.0021929824561403508,0.0,0.0,0.5,0.42857142857142855,0.625,0,0,0,1,1,1,0,0,0,0,1,0,25732
0.055555555555555525,0.0,0.0,0.004171011470281543,0.0,0.0,0.25,0,1,0,0,1,0,1,0,0,0,0,0,8628
0.037037037037037035,0.006578947368421052,0.3333333333333333,0.010427528675703858,0.0,0.0,0.625,1,0,1,0,0,0,0,1,0,0,0,0,7158
0.18518518518518517,0.006578947368421052,0.6666666666666667,0.030239833159541193,0.5,0.42857142857142855,0.25,1,0,1,0,0,0,1,0,0,1,1,0,22722
0.962962962962963,0.0043859649122807015,0.6666666666666667,0.03858185610010428,1.0,0.42857142857142855,0.625,1,0,0,1,0,0,0,0,0,0,0,1,36238
0.055555555555555525,0.0021929824561403508,0.6666666666666667,0.03962460896767466,1.0,0.0,0.625,0,0,1,0,1,0,0,0,0,0,0,0,14905
0.4259259259259259,0.0043859649122807015,0.0,0.004171011470281543,0.0,0.8571428571428571,0.125,0,0,1,0,1,0,0,1,0,1,1,0,15251
0.7592592592592593,0.0043859649122807015,1.0,0.06360792492179354,1.0,0.5714285714285714,0.625,0,0,0,0,0,0,0,0,0,0,0,1,34793
0.9814814814814814,0.0,0.3333333333333333,0.023983315954118876,1.0,0.0,0.125,1,0,0,1,1,0,0,0,0,1,1,0,35571
0.09259259259259262,0.0,0.0,0.008342022940563087,0.0,0.0,1.0,0,0,0,0,1,0,0,0,0,0,1,0,8628
0.22222222222222227,0.006578947368421052,1.0,0.049009384775808136,0.5,0.0,1.0,0,0,1,0,0,0,0,1,0,0,0,1,18901
0.4074074074074074,0.006578947368421052,0.3333333333333333,0.011470281543274244,0.5,0.42857142857142855,0.625,1,1,0,0,0,0,1,0,1,0,1,0,22791
0.037037037037037035,0.0021929824561403508,0.3333333333333333,0.02294056308654849,0.0,0.0,0.125,0,0,0,0,1,0,0,0,0,1,0,0,7693
0.5555555555555556,0.008771929824561403,0.0,0.006256517205422314,0.5,0.42857142857142855,0.5,0,1,0,0,0,0,1,0,0,0,0,1,22605
0.7222222222222223,0.008771929824561403,0.3333333333333333,0.01772679874869656,1.0,0.42857142857142855,0.5,0,0,1,0,0,0,1,0,0,0,0,1,30590
0.7592592592592593,0.0043859649122807015,0.0,0.0020855057351407717,0.5,0.42857142857142855,0.25,0,0,0,0,0,0,0,0,0,0,0,0,19885
0.48148148148148145,0.0043859649122807015,0.6666666666666667,0.029197080291970805,1.0,0.7857142857142857,0.625,1,0,0,0,0,0,0,0,0,1,1,0,31315
0.055555555555555525,0.0,0.0,0.0,0.0,0.0,0.125,0,0,0,1,1,0,0,0,0,0,0,0,4932
0.3518518518518518,0.0043859649122807015,0.3333333333333333,0.01772679874869656,1.0,0.0,0.25,0,0,0,1,0,0,0,0,1,0,0,0,23510
0.018518518518518545,0.0,0.0,0.004171011470281543,0.0,0.0,0.125,0,1,0,0,1,0,0,0,0,0,0,0,5241
0.8148148148148149,0.0021929824561403508,0.3333333333333333,0.01251303441084463,1.0,1.0,0.25,1,1,0,0,0,0,0,0,0,0,0,1,37920
0.24074074074074076,0.0,1.0,0.09384775808133473,1.0,0.42857142857142855,0.125,0,0,1,0,1,1,0,0,0,0,0,1,26847
0.7777777777777779,0.0043859649122807015,0.3333333333333333,0.02502606882168926,1.0,1.0,0.125,1,0,0,1,0,0,0,0,0,0,0,1,32398
0.3888888888888889,0.008771929824561403,1.0,0.1032325338894682,1.0,0.35714285714285715,1.0,1,1,0,0,0,1,0,0,0,0,0,1,31349
0.018518518518518545,0.0,0.0,0.0,0.5,0.0,0.25,0,1,0,0,1,0,0,1,1,0,1,0,11199
0.7037037037037037,0.008771929824561403,0.6666666666666667,0.027111574556830033,1.0,0.42857142857142855,0.25,1,0,1,0,0,1,0,0,0,0,0,1,31882
0.037037037037037035,0.0,0.3333333333333333,0.023983315954118876,0.0,0.0,0.5,1,0,0,0,1,0,0,1,1,0,0,1,8498
0.20370370370370366,0.008771929824561403,0.6666666666666667,0.03441084462982273,0.5,0.42857142857142855,0.625,1,1,0,0,0,0,1,0,0,1,0,1,24500
0.4259259259259259,0.006578947368421052,1.0,0.09906152241918666,1.0,0.35714285714285715,0.125,1,1,0,0,0,0,1,0,0,0,0,1,25425
0.3333333333333333,0.006578947368421052,0.3333333333333333,0.009384775808133473,1.0,0.42857142857142855,0.25,0,0,0,1,0,0,0,0,1,0,1,0,25628
0.6851851851851851,0.0043859649122807015,0.3333333333333333,0.010427528675703858,1.0,0.42857142857142855,0.625,1,0,0,0,0,0,1,0,0,0,1,0,31171
0.46296296296296297,0.0043859649122807015,0.3333333333333333,0.014598540145985403,1.0,0.42857142857142855,0.125,1,0,0,1,1,0,1,0,0,1,0,0,28900
0.09259259259259262,0.0021929824561403508,0.6666666666666667,0.02606882168925965,0.5,0.0,0.25,0,1,0,0,1,0,0,1,0,0,0,0,8702
0.018518518518518545,0.0043859649122807015,0.0,0.004171011470281543,0.5,0.0,0.625,0,1,0,0,1,0,0,1,0,1,1,0,15357
0.25925925925925924,0.0,0.3333333333333333,0.018769551616266946,0.5,0.42857142857142855,0.625,0,0,0,1,1,0,0,0,0,0,1,0,18856
0.1111111111111111,0.0021929824561403508,0.3333333333333333,0.019812304483837334,0.0,0.0,1.0,0,0,1,0,1,0,0,0,0,0,0,1,9879
0.2962962962962962,0.0043859649122807015,0.6666666666666667,0.028154327424400417,0.5,0.0,0.0,1,0,1,0,0,0,0,0,0,1,0,0,17216
0.6851851851851851,0.006578947368421052,0.0,0.0072992700729927005,0.0,0.42857142857142855,0.625,0,0,1,0,0,0,0,0,0,1,0,0,17545
0.27777777777777773,0.008771929824561403,0.3333333333333333,0.01772679874869656,1.0,0.35714285714285715,0.125,0,0,1,0,0,0,0,1,0,0,0,1,24089
0.09259259259259262,0.0,0.0,0.008342022940563087,0.0,0.0,0.25,0,1,0,0,1,0,0,0,0,0,1,0,5243
0.7222222222222223,0.0,0.0,0.0072992700729927005,0.5,0.35714285714285715,0.625,0,0,0,1,1,0,0,0,0,0,0,1,22315
0.037037037037037035,0.0021929824561403508,0.3333333333333333,0.014598540145985403,0.0,0.0,1.0,0,1,0,0,1,1,0,0,0,0,1,0,12955
0.4259259259259259,0.006578947368421052,0.3333333333333333,0.01251303441084463,0.5,0.35714285714285715,0.0,0,0,0,0,0,0,0,1,0,1,0,1,18742
0.1111111111111111,0.0043859649122807015,0.3333333333333333,0.009384775808133473,0.5,0.42857142857142855,0.0,1,0,0,1,0,0,0,0,0,0,1,0,9243
0.09259259259259262,0.006578947368421052,0.0,0.00521376433785193,0.0,0.0,0.625,0,0,1,0,0,1,0,0,0,0,1,0,12445
0.27777777777777773,0.008771929824561403,1.0,0.06777893639207508,1.0,0.42857142857142855,0.625,0,0,0,1,0,0,0,0,0,1,1,0,29183
0.22222222222222227,0.008771929824561403,0.6666666666666667,0.03962460896767466,0.5,0.0,0.125,1,0,1,0,0,0,1,0,1,0,0,0,17156
0.574074074074074,0.006578947368421052,0.0,0.008342022940563087,0.5,1.0,0.125,1,0,0,0,0,0,1,0,0,0,0,1,26503
0.44444444444444436,0.006578947368421052,0.3333333333333333,0.019812304483837334,1.0,0.42857142857142855,1.0,0,0,0,1,0,0,1,0,1,0,0,0,30125
0.7777777777777779,0.006578947368421052,0.0,0.0031282586027111575,0.5,0.42857142857142855,0.125,1,0,0,1,0,0,0,0,1,0,0,1,21331
0.5555555555555556,0.0043859649122807015,0.6666666666666667,0.027111574556830033,1.0,0.42857142857142855,0.625,0,0,1,0,0,0,0,0,0,0,0,1,30385
0.3703703703703704,0.006578947368421052,0.0,0.008342022940563087,0.0,0.5714285714285714,0.125,0,0,0,1,0,0,0,0,0,0,1,0,13338
0.3518518518518518,0.006578947368421052,0.3333333333333333,0.01251303441084463,0.5,0.42857142857142855,0.625,1,0,0,1,0,0,1,0,0,1,1,0,23164
0.4259259259259259,0.006578947368421052,0.0,0.0031282586027111575,0.0,0.42857142857142855,0.625,0,0,0,0,0,0,1,0,0,0,1,0,14087
0.7777777777777779,0.010964912280701754,0.6666666666666667,0.03336809176225235,0.5,0.7857142857142857,0.25,0,1,0,0,0,0,0,0,0,0,0,1,22938
0.0,0.0021929824561403508,0.6666666666666667,0.02606882168925965,0.0,0.35714285714285715,0.25,1,0,1,0,1,0,0,0,0,0,0,0,7136
0.16666666666666669,0.006578947368421052,0.3333333333333333,0.01564129301355579,0.5,0.42857142857142855,0.25,0,1,0,0,0,1,0,0,1,0,0,0,22775
0.018518518518518545,0.0,1.0,0.04692387904066737,0.5,0.0,0.625,0,0,1,0,1,0,0,0,0,0,0,0,10275
0.1111111111111111,0.0021929824561403508,0.3333333333333333,0.01251303441084463,0.5,0.0,0.625,1,1,0,0,1,0,0,0,0,0,0,1,10370
0.5925925925925926,0.0043859649122807015,0.3333333333333333,0.018769551616266946,1.0,0.42857142857142855,0.125,1,1,0,0,0,1,0,0,0,1,1,0,34521
0.8148148148148149,0.0021929824561403508,0.3333333333333333,0.016684045881126174,1.0,0.7857142857142857,0.625,1,1,0,0,0,0,0,0,0,0,1,0,38114
0.7592592592592593,0.006578947368421052,0.0,0.0072992700729927005,0.5,0.42857142857142855,0.5,1,0,1,0,0,0,1,0,0,1,1,0,27088
0.9444444444444444,0.0021929824561403508,1.0,0.09176225234619395,1.0,0.35714285714285715,1.0,1,0,1,0,0,0,0,0,0,0,0,1,37745
0.7777777777777779,0.006578947368421052,1.0,0.07820646506777894,0.5,0.8571428571428571,0.25,0,0,1,0,0,0,0,0,0,0,0,1,23090
0.6666666666666667,0.0043859649122807015,0.6666666666666667,0.03858185610010428,1.0,1.0,0.125,0,1,0,0,0,0,1,0,1,0,0,1,34403
0.6851851851851851,0.006578947368421052,1.0,0.04692387904066737,1.0,0.42857142857142855,0.125,1,0,0,0,0,0,1,0,1,0,0,1,31018
0.018518518518518545,0.0,0.3333333333333333,0.021897810218978103,0.0,0.0,0.25,1,0,0,1,1,0,1,0,0,0,1,0,7640
0.44444444444444436,0.008771929824561403,0.0,0.0,0.0,0.5714285714285714,0.0,1,1,0,0,0,0,0,0,0,1,1,0,16166
0.44444444444444436,0.0,0.0,0.0,0.0,0.42857142857142855,0.625,0,0,0,0,1,0,0,0,0,0,0,0,13208
0.037037037037037035,0.0,0.6666666666666667,0.03545359749739312,0.0,0.0,0.125,1,0,1,0,1,0,0,0,0,0,1,0,5661
0.07407407407407407,0.0,0.0,0.0072992700729927005,0.0,0.0,0.25,1,0,1,0,1,0,0,0,0,1,1,0,8655
0.6481481481481481,0.010964912280701754,0.6666666666666667,0.02502606882168926,1.0,0.0,0.5,0,0,1,0,0,0,1,0,0,0,0,1,28678
0.20370370370370366,0.0,1.0,0.0521376433785193,1.0,0.42857142857142855,0.625,0,0,1,0,1,1,0,0,1,0,0,1,29896
0.1296296296296296,0.0,0.3333333333333333,0.01564129301355579,0.0,0.0,0.25,0,0,0,1,1,0,0,1,0,0,0,0,5232
0.7592592592592593,0.006578947368421052,0.3333333333333333,0.014598540145985403,1.0,0.5714285714285714,0.25,0,0,0,1,0,0,0,0,1,0,0,1,32922
0.20370370370370366,0.006578947368421052,0.0,0.0010427528675703858,0.0,0.42857142857142855,0.125,0,0,1,0,0,1,0,0,0,0,0,1,15025
0.574074074074074,0.010964912280701754,0.0,0.0020855057351407717,0.0,1.0,0.625,0,0,0,1,0,1,0,0,0,0,1,0,21104
0.27777777777777773,0.0043859649122807015,0.0,0.0072992700729927005,0.0,0.35714285714285715,0.625,0,1,0,0,0,0,1,0,0,0,1,0,14361
0.037037037037037035,0.0021929824561403508,0.0,0.00521376433785193,1.0,0.0,0.625,0,0,0,0,1,0,0,0,0,0,1,0,15054
0.46296296296296297,0.0043859649122807015,0.0,0.0072992700729927005,0.0,0.35714285714285715,0.125,1,0,1,0,0,0,1,0,1,0,1,0,13438
0.7037037037037037,0.008771929824561403,0.0,0.0010427528675703858,0.5,0.35714285714285715,1.0,0,0,0,0,0,0,0,1,0,1,1,0,27047
0.3703703703703704,0.006578947368421052,0.3333333333333333,0.009384775808133473,0.5,0.42857142857142855,0.625,1,1,0,0,0,0,0,0,1,0,1,0,20641
0.5925925925925926,0.0043859649122807015,0.3333333333333333,0.023983315954118876,1.0,0.35714285714285715,0.25,1,0,0,1,0,0,0,0,0,0,0,1,27904
0.574074074074074,0.0043859649122807015,0.0,0.0010427528675703858,1.0,0.42857142857142855,0.625,0,0,1,0,0,0,1,0,0,0,1,0,32670
0.20370370370370366,0.0021929824561403508,0.3333333333333333,0.021897810218978103,0.5,0.0,0.625,0,0,1,0,1,1,0,0,0,0,0,1,21536
0.9814814814814814,0.0021929824561403508,0.6666666666666667,0.03962460896767466,0.5,0.42857142857142855,1.0,0,0,0,1,0,0,0,0,0,0,0,1,27364
0.18518518518518517,0.008771929824561403,0.3333333333333333,0.009384775808133473,0.5,0.42857142857142855,0.125,0,0,1,0,0,0,0,1,0,1,0,0,19526
0.055555555555555525,0.0,1.0,0.07507820646506778,0.5,0.0,0.125,0,0,0,1,1,1,0,0,0,0,1,0,12413
0.3703703703703704,0.008771929824561403,0.0,0.00521376433785193,0.0,0.42857142857142855,0.25,0,0,1,0,0,1,0,0,0,1,1,0,17740
0.14814814814814814,0.006578947368421052,1.0,0.06152241918665277,1.0,0.0,0.625,0,0,1,0,0,0,0,0,0,0,1,0,23960
0.037037037037037035,0.0,0.0,0.0031282586027111575,0.0,0.0,0.125,0,1,0,0,1,0,0,0,0,0,1,0,5412
0.44444444444444436,0.0043859649122807015,0.3333333333333333,0.009384775808133473,0.5,0.42857142857142855,0.125,1,1,0,0,0,1,0,0,0,0,1,0,19687
0.3148148148148148,0.006578947368421052,0.0,0.0010427528675703858,0.0,0.42857142857142855,0.25,0,0,1,0,0,0,1,0,0,0,1,0,12296
0.055555555555555525,0.0,0.0,0.0031282586027111575,0.5,0.0,0.125,0,0,1,0,1,0,0,1,1,0,0,0,10307
0.7592592592592593,0.006578947368421052,0.0,0.00521376433785193,0.0,0.42857142857142855,0.125,0,0,1,0,0,0,0,0,0,0,0,1,12518
0.1111111111111111,0.0021929824561403508,0.0,0.0020855057351407717,0.0,0.0,0.25,0,0,1,0,1,1,0,0,0,0,1,0,10731
0.09259259259259262,0.0021929824561403508,0.3333333333333333,0.02502606882168926,0.0,0.0,0.125,1,0,1,0,1,0,1,0,0,0,1,0,7777
0.574074074074074,0.0043859649122807015,0.3333333333333333,0.010427528675703858,1.0,0.42857142857142855,0.5,0,0,0,0,0,0,1,0,0,0,0,1,31935
0.4074074074074074,0.0043859649122807015,0.0,0.006256517205422314,0.0,0.5714285714285714,0.625,0,0,0,0,0,0,1,0,0,1,1,0,22231
0.1111111111111111,0.0,0.6666666666666667,0.02502606882168926,0.5,0.0,0.0,1,0,0,0,1,0,1,0,0,0,0,0,11082
0.6851851851851851,0.006578947368421052,0.3333333333333333,0.02085505735140772,0.0,0.35714285714285715,0.625,1,0,0,1,0,0,1,0,0,0,1,0,15292
0.7222222222222223,0.0043859649122807015,0.3333333333333333,0.014598540145985403,0.0,0.5714285714285714,0.125,0,0,0,1,0,1,0,0,0,1,0,1,23334
0.4074074074074074,0.0043859649122807015,0.3333333333333333,0.010427528675703858,0.0,0.7857142857142857,0.5,1,0,1,0,0,0,0,1,0,1,0,1,17646
0.6481481481481481,0.0043859649122807015,0.3333333333333333,0.02294056308654849,1.0,0.42857142857142855,0.5,1,0,1,0,0,0,0,0,0,1,1,0,32122
0.6111111111111112,0.0,0.0,0.008342022940563087,0.5,0.5714285714285714,0.625,0,0,0,1,1,0,1,0,0,0,0,1,27187
0.48148148148148145,0.008771929824561403,0.6666666666666667,0.02606882168925965,0.5,0.35714285714285715,0.125,0,0,0,1,0,0,0,1,0,0,0,1,16611
0.3703703703703704,0.006578947368421052,0.6666666666666667,0.04066736183524505,0.5,0.42857142857142855,0.5,0,0,0,1,0,0,0,1,0,0,0,1,19889
0.4259259259259259,0.0043859649122807015,0.0,0.006256517205422314,0.0,0.42857142857142855,0.625,1,0,1,0,0,0,0,1,0,0,0,0,12905
0.7037037037037037,0.006578947368421052,0.6666666666666667,0.03962460896767466,1.0,0.42857142857142855,0.625,0,0,0,1,0,0,0,0,0,0,0,1,30918
0.46296296296296297,0.006578947368421052,0.0,0.0072992700729927005,1.0,0.7857142857142857,0.625,0,0,0,1,0,0,0,0,0,0,0,1,28308
0.3888888888888889,0.010964912280701754,0.0,0.00521376433785193,0.5,0.42857142857142855,1.0,0,0,0,1,0,0,0,1,0,1,1,0,24056
0.7222222222222223,0.006578947368421052,0.6666666666666667,0.030239833159541193,1.0,0.42857142857142855,0.125,0,0,0,1,0,0,0,0,0,0,0,0,28320
0.09259259259259262,0.0021929824561403508,1.0,0.09280500521376434,0.5,0.0,1.0,1,0,1,0,1,0,1,0,0,1,0,0,18677
0.574074074074074,0.0043859649122807015,0.6666666666666667,0.028154327424400417,1.0,0.35714285714285715,0.25,0,0,1,0,1,1,0,0,0,0,0,1,32775
0.49999999999999994,0.0,0.6666666666666667,0.03232533889468196,0.5,0.42857142857142855,1.0,0,0,0,1,1,1,0,0,0,0,1,0,24826
0.1296296296296296,0.0021929824561403508,0.0,0.0,0.0,0.0,0.25,0,0,0,1,1,1,0,0,0,0,1,0,10704
0.22222222222222227,0.006578947368421052,1.0,0.08446298227320126,1.0,0.42857142857142855,0.125,0,1,0,0,0,1,0,0,1,0,0,1,27588
0.6296296296296295,0.0043859649122807015,0.3333333333333333,0.01564129301355579,0.0,0.42857142857142855,0.625,1,0,1,0,0,0,1,0,1,0,0,1,17098
0.07407407407407407,0.0021929824561403508,1.0,0.09801876955161627,0.5,0.0,0.625,0,0,0,0,1,0,0,1,0,0,0,0,12219
0.4259259259259259,0.0,0.6666666666666667,0.027111574556830033,0.5,0.35714285714285715,0.25,1,0,0,1,1,1,0,0,0,1,1,0,23938
0.037037037037037035,0.0043859649122807015,0.0,0.0,0.0,1.0,0.5,1,1,0,0,1,0,1,0,0,0,0,0,15760
0.3703703703703704,0.010964912280701754,0.0,0.0020855057351407717,0.0,0.0,0.25,0,0,0,0,0,0,1,0,0,0,1,0,10965
0.09259259259259262,0.0,0.3333333333333333,0.018769551616266946,0.0,0.0,0.5,1,0,0,1,1,0,0,0,0,0,1,0,7401
0.1111111111111111,0.0,0.0,0.00521376433785193,0.0,0.0,0.625,0,0,0,1,1,0,0,0,0,0,1,0,8223
0.055555555555555525,0.0,0.0,0.0072992700729927005,0.0,0.0,0.25,0,1,0,0,1,0,0,1,0,0,1,0,5667
0.574074074074074,0.008771929824561403,0.0,0.004171011470281543,0.5,0.42857142857142855,0.25,1,0,0,1,0,0,0,0,0,1,0,1,23832
0.1111111111111111,0.0043859649122807015,0.0,0.0072992700729927005,0.5,0.7857142857142857,0.25,1,1,0,0,1,0,1,0,0,1,0,1,17716
1.0,0.0021929824561403508,0.3333333333333333,0.010427528675703858,0.5,0.35714285714285715,0.625,1,0,0,0,0,0,0,0,0,1,0,1,28493
0.0,0.0,0.0,0.0010427528675703858,0.0,0.0,0.625,1,0,0,1,1,0,0,0,0,1,0,0,11494
0.7777777777777779,0.008771929824561403,0.3333333333333333,0.021897810218978103,0.5,0.7857142857142857,0.625,1,0,0,1,0,0,0,0,1,0,0,1,25385
0.6851851851851851,0.006578947368421052,0.0,0.0010427528675703858,0.5,0.42857142857142855,0.5,0,0,0,1,0,0,0,0,0,0,1,0,22304
0.44444444444444436,0.0,0.0,0.008342022940563087,0.0,0.42857142857142855,0.25,1,0,1,0,1,0,0,0,0,1,0,0,14719
0.25925925925925924,0.0,0.6666666666666667,0.029197080291970805,0.5,0.42857142857142855,0.125,0,0,0,0,1,0,0,1,0,0,1,0,18246
0.3148148148148148,0.0021929824561403508,0.3333333333333333,0.01564129301355579,0.5,0.42857142857142855,1.0,0,0,0,1,1,0,1,0,0,0,1,0,23196
0.22222222222222227,0.006578947368421052,1.0,0.09489051094890512,1.0,0.42857142857142855,0.25,0,0,0,1,0,1,0,0,0,0,1,0,27835
0.3333333333333333,0.006578947368421052,0.0,0.0020855057351407717,0.0,0.5714285714285714,0.25,0,0,0,1,0,0,1,0,1,0,1,0,18516
0.07407407407407407,0.0,0.3333333333333333,0.018769551616266946,0.5,0.0,0.25,0,0,1,0,1,0,0,1,0,0,1,0,10698
0.49999999999999994,0.0021929824561403508,0.0,0.0031282586027111575,0.0,1.0,0.625,0,0,0,1,1,0,1,0,0,0,1,0,17656
0.5555555555555556,0.006578947368421052,0.0,0.0031282586027111575,0.5,0.42857142857142855,1.0,1,1,0,0,0,0,0,0,0,1,0,1,26009
0.09259259259259262,0.0021929824561403508,0.6666666666666667,0.02606882168925965,0.0,0.0,0.125,1,0,1,0,1,0,0,1,0,0,0,1,5316
0.7037037037037037,0.0,0.0,0.0072992700729927005,0.5,0.42857142857142855,1.0,1,1,0,0,1,0,0,0,1,0,0,1,25273
0.0,0.0,0.0,0.008342022940563087,0.0,0.0,0.625,0,0,1,0,1,0,0,0,0,0,1,0,8363
0.055555555555555525,0.0,0.3333333333333333,0.021897810218978103,0.0,0.0,0.625,1,0,0,0,1,0,0,0,0,0,1,0,7556
0.46296296296296297,0.006578947368421052,0.6666666666666667,0.03128258602711158,1.0,1.0,0.125,0,0,1,0,0,0,1,0,0,0,1,0,29506
0.7777777777777779,0.008771929824561403,1.0,0.07299270072992702,0.5,0.42857142857142855,0.125,1,0,1,0,0,0,0,1,0,0,0,1,19746
0.20370370370370366,0.006578947368421052,0.6666666666666667,0.03962460896767466,0.5,0.35714285714285715,0.25,1,0,0,1,0,0,0,0,0,1,0,0,20600
0.1296296296296296,0.0021929824561403508,0.6666666666666667,0.030239833159541193,0.0,0.0,0.625,1,1,0,0,1,0,0,0,0,1,0,1,9726
0.4074074074074074,0.006578947368421052,1.0,0.1032325338894682,1.0,0.8571428571428571,0.625,0,0,0,1,0,1,0,0,0,0,1,0,31629
0.2962962962962962,0.0043859649122807015,0.6666666666666667,0.03232533889468196,1.0,0.7857142857142857,0.625,1,1,0,0,0,1,0,0,1,0,0,1,32445
0.7037037037037037,0.006578947368421052,0.0,0.0072992700729927005,0.5,0.8571428571428571,0.625,1,0,0,1,0,0,0,1,0,1,1,0,27910
0.037037037037037035,0.0,0.0,0.0031282586027111575,0.0,0.0,0.625,0,0,1,0,1,0,0,0,0,0,0,0,8310
0.574074074074074,0.0021929824561403508,0.0,0.008342022940563087,0.5,0.8571428571428571,0.25,1,0,1,0,1,0,0,0,0,1,1,0,24481
0.07407407407407407,0.0,0.6666666666666667,0.03232533889468196,0.0,0.0,0.0,0,0,1,0,1,0,0,0,0,0,0,0,5499
0.037037037037037035,0.0,0.6666666666666667,0.03441084462982273,0.0,0.0,0.25,1,0,1,0,1,0,0,0,0,0,0,1,4976
0.037037037037037035,0.0043859649122807015,1.0,0.08654848800834203,0.5,0.42857142857142855,0.125,1,0,1,0,1,0,0,0,0,0,0,0,10188
0.18518518518518517,0.006578947368421052,0.0,0.0020855057351407717,0.0,0.42857142857142855,0.625,0,0,1,0,0,1,0,0,1,0,0,1,17932
0.018518518518518545,0.0,0.0,0.0,0.5,1.0,0.625,0,1,0,0,1,0,0,0,0,0,0,0,17312
0.4074074074074074,0.0,0.6666666666666667,0.03441084462982273,0.5,0.0,0.25,0,1,0,0,1,0,0,1,0,0,1,0,16681
0.4074074074074074,0.0043859649122807015,0.6666666666666667,0.03858185610010428,0.5,0.42857142857142855,0.625,0,1,0,0,0,0,1,0,0,0,0,1,21385
0.574074074074074,0.008771929824561403,0.0,0.0020855057351407717,0.5,0.42857142857142855,0.625,0,0,1,0,0,0,0,1,0,0,0,1,22483
0.1111111111111111,0.0021929824561403508,1.0,0.043795620437956206,0.5,0.0,0.5,0,0,1,0,1,1,0,0,0,0,0,0,15164
0.09259259259259262,0.0043859649122807015,0.0,0.0020855057351407717,0.0,0.0,0.25,0,1,0,0,1,0,0,0,0,0,1,0,6262
0.537037037037037,0.006578947368421052,0.6666666666666667,0.030239833159541193,1.0,0.5714285714285714,0.625,1,1,0,0,0,0,1,0,0,0,0,0,35425
0.09259259259259262,0.0021929824561403508,1.0,0.059436913451511995,1.0,0.0,0.25,1,1,0,0,1,0,1,0,0,1,0,0,17337
0.49999999999999994,0.008771929824561403,0.3333333333333333,0.01251303441084463,0.5,0.42857142857142855,0.25,1,1,0,0,0,0,0,0,0,1,0,1,20198
0.2962962962962962,0.0,0.0,0.004171011470281543,0.0,0.42857142857142855,0.25,0,0,1,0,1,0,0,0,0,0,0,1,11600
0.4074074074074074,0.0043859649122807015,0.3333333333333333,0.01251303441084463,0.5,0.42857142857142855,0.125,1,0,0,1,0,0,1,0,0,1,1,0,21912
0.07407407407407407,0.0021929824561403508,0.0,0.004171011470281543,1.0,0.35714285714285715,0.25,0,0,0,1,1,0,0,0,0,0,1,0,15409
0.16666666666666669,0.006578947368421052,0.6666666666666667,0.03128258602711158,1.0,0.35714285714285715,0.5,0,0,1,0,0,1,0,0,0,0,1,0,28470
0.07407407407407407,0.0,0.0,0.0031282586027111575,0.0,0.0,0.25,0,1,0,0,1,0,0,1,0,0,0,0,5474
0.6296296296296295,0.006578947368421052,0.0,0.0031282586027111575,0.5,0.42857142857142855,0.625,0,0,1,0,0,1,0,0,0,0,1,0,27159
0.3703703703703704,0.006578947368421052,0.0,0.0,0.0,1.0,0.25,0,0,1,0,0,0,0,0,0,0,1,0,15067
0.6851851851851851,0.010964912280701754,0.6666666666666667,0.02502606882168926,1.0,0.42857142857142855,0.25,0,0,1,0,0,0,0,0,0,1,0,1,31623
0.6481481481481481,0.0043859649122807015,0.0,0.008342022940563087,0.5,0.42857142857142855,0.125,0,0,0,0,1,0,0,1,0,0,1,0,19723
0.44444444444444436,0.0043859649122807015,0.3333333333333333,0.018769551616266946,0.5,0.42857142857142855,0.125,1,0,1,0,1,0,0,0,0,1,0,1,20625
0.5185185185185186,0.008771929824561403,1.0,0.04796663190823775,1.0,0.42857142857142855,0.25,1,1,0,0,0,0,1,0,0,1,0,1,34095
0.574074074074074,0.008771929824561403,0.0,0.0010427528675703858,0.0,0.0,0.125,0,0,1,0,0,0,1,0,0,0,1,0,12361
0.4074074074074074,0.006578947368421052,0.6666666666666667,0.027111574556830033,0.5,0.35714285714285715,0.625,0,0,0,1,0,0,1,0,0,0,1,0,20207
0.16666666666666669,0.010964912280701754,0.0,0.00521376433785193,0.0,0.35714285714285715,0.5,1,0,1,0,0,0,0,0,0,1,0,0,14094
0.018518518518518545,0.0,0.0,0.0010427528675703858,0.0,0.5714285714285714,0.625,0,0,0,1,1,0,0,0,0,0,1,0,13288
0.3703703703703704,0.0,0.0,0.0010427528675703858,0.0,0.0,0.5,0,0,0,1,1,0,0,0,0,0,0,1,9150
0.574074074074074,0.0021929824561403508,0.6666666666666667,0.03232533889468196,1.0,0.42857142857142855,0.25,0,0,0,1,1,0,0,0,0,0,0,0,27739
0.018518518518518545,0.0021929824561403508,0.3333333333333333,0.01564129301355579,0.0,0.0,0.5,0,0,1,0,1,0,0,0,0,0,0,0,6224
0.6851851851851851,0.010964912280701754,0.3333333333333333,0.010427528675703858,1.0,0.5714285714285714,0.25,0,0,1,0,0,0,0,0,0,0,1,0,32610
0.09259259259259262,0.0021929824561403508,0.0,0.0072992700729927005,0.5,0.0,1.0,1,1,0,0,1,0,0,0,0,0,0,1,12301
0.5925925925925926,0.0,0.0,0.008342022940563087,0.5,0.35714285714285715,0.5,0,0,1,0,1,0,1,0,0,0,1,0,22909
0.20370370370370366,0.010964912280701754,0.3333333333333333,0.016684045881126174,0.5,0.42857142857142855,0.625,0,0,1,0,0,0,0,1,1,0,1,0,20378
0.09259259259259262,0.0043859649122807015,0.0,0.00521376433785193,0.0,0.0,0.125,0,0,1,0,1,0,1,0,0,0,1,0,7882
0.3333333333333333,0.010964912280701754,1.0,0.09801876955161627,0.5,0.42857142857142855,0.25,0,1,0,0,0,1,0,0,0,0,1,0,20815
0.018518518518518545,0.0,0.0,0.0010427528675703858,0.0,0.42857142857142855,0.125,0,0,0,1,1,0,0,1,0,0,0,1,7806
0.574074074074074,0.0,0.0,0.0072992700729927005,0.5,0.0,0.125,0,0,0,1,1,0,1,0,0,0,1,0,19036
0.3518518518518518,0.0043859649122807015,0.6666666666666667,0.03753910323253389,0.5,0.42857142857142855,0.25,1,0,0,1,0,0,0,0,0,0,0,0,16397
0.3333333333333333,0.006578947368421052,0.0,0.00521376433785193,0.0,0.42857142857142855,0.625,0,0,0,1,0,0,0,1,0,0,1,0,12942
0.3333333333333333,0.008771929824561403,0.0,0.00521376433785193,0.0,0.42857142857142855,0.625,0,0,1,0,0,0,0,1,1,0,0,1,14858
0.055555555555555525,0.0021929824561403508,0.3333333333333333,0.02085505735140772,0.0,0.42857142857142855,1.0,0,0,0,1,1,0,0,0,0,0,0,0,12215
0.07407407407407407,0.0021929824561403508,0.6666666666666667,0.02606882168925965,0.0,0.0,0.25,0,0,0,0,1,0,0,0,0,0,1,0,5847
0.24074074074074076,0.0043859649122807015,0.0,0.0,0.0,0.42857142857142855,0.25,0,1,0,0,0,0,1,0,1,0,1,0,13924
0.3888888888888889,0.17105263157894735,0.0,0.0010427528675703858,0.0,0.42857142857142855,0.5,1,0,1,0,1,0,0,0,0,0,0,0,12637
0.16666666666666669,0.006578947368421052,1.0,0.05526590198123045,0.5,0.42857142857142855,0.5,0,0,0,1,0,0,0,0,0,1,1,0,20857
0.0,0.0,0.6666666666666667,0.03649635036496351,0.0,0.0,0.625,0,0,0,1,1,0,0,0,0,0,0,0,8622
0.5925925925925926,0.006578947368421052,0.0,0.004171011470281543,0.0,0.42857142857142855,0.125,0,1,0,0,0,0,0,1,0,0,0,1,12093
0.1111111111111111,0.0,0.0,0.006256517205422314,0.0,0.42857142857142855,0.625,1,0,0,1,1,0,0,0,0,1,0,0,11608
0.037037037037037035,0.0021929824561403508,0.0,0.00521376433785193,1.0,0.0,0.125,0,0,0,1,1,0,0,0,0,0,0,1,11881
0.1111111111111111,0.0,0.0,0.004171011470281543,0.5,0.35714285714285715,1.0,1,0,0,0,1,0,0,1,0,1,1,0,17672
0.7407407407407407,0.008771929824561403,0.0,0.0020855057351407717,0.5,0.42857142857142855,1.0,0,0,1,0,0,0,1,0,0,0,0,1,25592
0.3703703703703704,0.006578947368421052,1.0,0.05839416058394161,1.0,0.42857142857142855,0.125,0,1,0,0,0,1,0,0,1,0,1,0,28015
0.574074074074074,0.006578947368421052,0.0,0.0072992700729927005,0.0,0.42857142857142855,0.625,0,0,1,0,0,0,0,1,0,0,0,0,14123
0.8518518518518519,0.0021929824561403508,0.3333333333333333,0.01251303441084463,0.0,0.42857142857142855,0.5,1,0,1,0,0,0,0,0,0,1,1,0,18296
0.3518518518518518,0.006578947368421052,0.6666666666666667,0.02606882168925965,0.0,0.42857142857142855,0.25,0,0,0,1,0,0,0,0,0,0,1,0,11451
0.7222222222222223,0.008771929824561403,0.3333333333333333,0.014598540145985403,1.0,0.35714285714285715,0.125,1,1,0,0,0,1,0,0,0,1,1,0,35062
0.1296296296296296,0.0043859649122807015,0.0,0.0010427528675703858,0.0,0.0,0.125,1,1,0,0,0,0,0,1,0,0,0,0,5205
0.7592592592592593,0.0,0.0,0.0,0.5,0.0,0.25,1,0,1,0,1,0,1,0,0,1,0,1,24263
0.018518518518518545,0.0,0.3333333333333333,0.01251303441084463,0.0,0.42857142857142855,0.5,0,1,0,0,1,0,0,1,0,0,0,0,8857
0.07407407407407407,0.006578947368421052,0.0,0.0,0.0,1.0,0.25,0,1,0,0,0,0,0,0,0,0,0,1,11035
0.7222222222222223,0.0043859649122807015,0.6666666666666667,0.03128258602711158,1.0,0.42857142857142855,0.625,0,0,1,0,0,0,1,0,0,0,0,1,31879
0.5185185185185186,0.006578947368421052,0.6666666666666667,0.03232533889468196,1.0,0.35714285714285715,0.0,0,0,0,0,0,1,0,0,0,0,1,0,32073
0.574074074074074,0.0,0.0,0.0020855057351407717,0.0,0.0,0.625,0,0,0,0,1,0,1,0,0,0,0,1,13664
0.6481481481481481,0.006578947368421052,0.3333333333333333,0.02085505735140772,1.0,0.5714285714285714,0.625,0,0,1,0,0,0,0,0,0,1,0,0,36916
0.07407407407407407,0.0,0.3333333333333333,0.016684045881126174,0.0,0.0,0.625,1,0,0,1,1,0,1,0,0,1,1,0,12979
0.537037037037037,0.006578947368421052,0.6666666666666667,0.03858185610010428,1.0,0.42857142857142855,0.125,0,0,1,0,0,1,0,0,0,1,0,1,35118
0.1111111111111111,0.0021929824561403508,0.0,0.006256517205422314,0.5,0.0,0.25,0,0,0,1,1,0,1,0,0,0,1,0,10576
0.1296296296296296,0.0,0.0,0.0031282586027111575,0.0,0.0,0.125,0,0,0,0,1,0,0,1,0,0,1,0,5449
0.44444444444444436,0.006578947368421052,0.6666666666666667,0.03753910323253389,0.5,0.42857142857142855,0.125,0,0,1,0,0,0,0,0,0,1,1,0,19121
0.6296296296296295,0.006578947368421052,1.0,0.08133472367049009,0.5,0.42857142857142855,0.625,0,0,1,0,0,1,0,0,0,0,1,0,25891
0.5925925925925926,0.008771929824561403,0.6666666666666667,0.03753910323253389,1.0,0.42857142857142855,0.0,0,0,1,0,0,1,0,0,0,0,0,1,31782
0.5925925925925926,0.010964912280701754,1.0,0.08550573514077164,1.0,0.42857142857142855,0.625,0,0,1,0,0,0,0,0,0,0,0,1,30763
0.18518518518518517,0.006578947368421052,0.0,0.0020855057351407717,0.0,0.42857142857142855,0.625,0,0,1,0,0,0,0,0,0,0,1,0,12863
0.46296296296296297,0.0,0.6666666666666667,0.028154327424400417,0.5,0.42857142857142855,0.125,0,0,0,1,1,0,0,0,1,0,0,1,16969
0.0,0.0,0.0,0.008342022940563087,0.0,0.0,0.625,0,0,0,1,1,0,0,0,0,0,0,0,8459
0.27777777777777773,0.006578947368421052,0.3333333333333333,0.019812304483837334,0.5,0.0,0.625,0,1,0,0,0,0,1,0,0,0,0,0,19104
0.24074074074074076,0.010964912280701754,0.6666666666666667,0.030239833159541193,0.5,0.42857142857142855,0.625,0,0,0,1,0,0,0,0,0,0,0,1,18239
0.3333333333333333,0.006578947368421052,1.0,0.06256517205422316,1.0,0.42857142857142855,0.25,1,0,0,1,0,0,0,0,0,0,1,0,24133
0.7407407407407407,0.0,0.0,0.0031282586027111575,1.0,0.42857142857142855,1.0,0,0,0,0,1,1,0,0,0,0,1,0,34950
0.27777777777777773,0.0,0.3333333333333333,0.016684045881126174,0.5,0.42857142857142855,0.625,0,0,1,0,1,1,0,0,1,0,0,1,23997
0.7407407407407407,0.010964912280701754,0.6666666666666667,0.03962460896767466,1.0,0.42857142857142855,0.625,0,0,0,1,0,0,1,0,0,0,0,0,31226
0.07407407407407407,0.0,1.0,0.04483837330552659,0.5,0.0,0.25,1,1,0,0,1,0,1,0,0,0,0,0,12131
0.9074074074074074,0.0021929824561403508,0.3333333333333333,0.009384775808133473,1.0,0.35714285714285715,0.5,1,0,0,1,0,0,1,0,0,0,0,1,37428
0.1111111111111111,0.0,0.0,0.0020855057351407717,0.0,0.7857142857142857,0.625,0,0,0,1,1,0,0,0,0,1,1,0,13586
0.018518518518518545,0.0021929824561403508,0.0,0.008342022940563087,0.0,0.0,0.25,0,1,0,0,1,0,0,0,0,0,0,0,6680
0.3333333333333333,0.006578947368421052,0.0,0.008342022940563087,0.0,0.7857142857142857,0.625,0,1,0,0,0,0,1,0,0,0,1,0,16583
0.16666666666666669,0.0043859649122807015,0.0,0.00521376433785193,0.5,0.42857142857142855,0.625,0,0,0,1,0,0,1,0,0,1,0,0,23540
0.49999999999999994,0.008771929824561403,0.0,0.0,0.0,0.42857142857142855,1.0,0,0,0,1,0,0,0,0,0,0,1,0,13938
0.6851851851851851,0.006578947368421052,0.0,0.004171011470281543,0.5,0.42857142857142855,0.25,0,0,0,1,0,1,0,0,1,0,0,1,24379
0.7407407407407407,0.0043859649122807015,0.3333333333333333,0.023983315954118876,1.0,0.42857142857142855,0.125,1,0,0,0,0,0,1,0,0,0,1,0,29161
0.1111111111111111,0.0043859649122807015,0.0,0.00521376433785193,0.0,0.5714285714285714,0.625,1,0,0,1,1,0,1,0,0,1,1,0,17928
0.7592592592592593,0.0043859649122807015,0.6666666666666667,0.027111574556830033,1.0,0.42857142857142855,0.625,1,0,0,0,0,0,1,0,0,1,0,1,34924
0.574074074074074,0.0021929824561403508,0.0,0.008342022940563087,0.5,0.0,0.625,1,0,0,1,1,0,1,0,0,0,1,0,21654
0.46296296296296297,0.006578947368421052,0.6666666666666667,0.03858185610010428,0.5,0.42857142857142855,0.25,0,0,0,1,0,0,0,0,1,0,0,1,18247
0.4259259259259259,0.0,0.3333333333333333,0.02085505735140772,1.0,0.0,0.25,1,0,0,0,1,1,0,0,0,1,1,0,27782
0.7407407407407407,0.008771929824561403,0.0,0.0,1.0,0.42857142857142855,0.125,0,0,0,1,0,1,0,0,1,0,0,1,32966
0.037037037037037035,0.0021929824561403508,0.6666666666666667,0.027111574556830033,0.0,0.0,0.625,1,0,1,0,1,0,1,0,0,0,0,0,9612
0.574074074074074,0.008771929824561403,0.3333333333333333,0.01251303441084463,0.5,0.42857142857142855,0.125,1,1,0,0,0,1,0,0,0,1,0,1,26310
0.20370370370370366,0.0,0.6666666666666667,0.03962460896767466,0.5,0.5714285714285714,0.25,0,0,1,0,1,1,0,0,0,0,0,1,26267
0.1296296296296296,0.0,0.6666666666666667,0.03128258602711158,0.0,0.42857142857142855,0.625,0,0,0,1,1,0,0,1,0,0,0,0,9826
0.4259259259259259,0.008771929824561403,1.0,0.06152241918665277,1.0,0.42857142857142855,0.625,0,0,1,0,0,0,0,0,1,0,1,0,26598
0.6111111111111112,0.0,0.0,0.0031282586027111575,0.5,0.5714285714285714,0.125,0,0,0,1,1,0,1,0,0,0,1,0,26375
0.16666666666666669,0.008771929824561403,0.0,0.006256517205422314,1.0,0.42857142857142855,0.25,0,0,0,0,0,1,0,0,0,0,1,0,27796
0.8518518518518519,0.0043859649122807015,0.0,0.0020855057351407717,0.5,0.42857142857142855,0.25,1,0,1,0,0,0,1,0,0,0,1,0,26466
0.1296296296296296,0.0,1.0,0.06569343065693431,0.5,0.42857142857142855,0.125,0,0,0,1,1,0,1,0,1,0,0,0,12768
0.27777777777777773,0.008771929824561403,0.0,0.008342022940563087,0.0,0.35714285714285715,0.125,0,0,0,1,0,0,0,0,0,0,1,0,10695
0.3888888888888889,0.008771929824561403,0.3333333333333333,0.02502606882168926,0.5,0.8571428571428571,0.625,1,0,0,0,0,0,1,0,0,0,0,1,23888
0.5925925925925926,0.006578947368421052,0.3333333333333333,0.02502606882168926,1.0,0.42857142857142855,0.625,1,0,0,0,0,0,0,0,0,1,1,0,32291
0.018518518518518545,0.0021929824561403508,0.3333333333333333,0.01564129301355579,0.0,0.0,0.25,0,0,0,0,1,0,1,0,0,0,0,0,6754
0.07407407407407407,0.0,0.3333333333333333,0.02085505735140772,0.0,0.0,0.25,1,0,1,0,1,0,0,0,0,0,0,0,5110
0.0,0.0,0.3333333333333333,0.014598540145985403,0.0,0.0,0.625,0,0,1,0,1,0,0,1,0,0,0,1,8927
0.7222222222222223,0.0043859649122807015,0.6666666666666667,0.030239833159541193,1.0,0.0,0.25,1,0,1,0,0,0,1,0,0,1,0,0,31736
0.5555555555555556,1.0,0.3333333333333333,0.01772679874869656,0.0,0.42857142857142855,0.125,1,0,0,1,0,0,1,0,0,1,1,0,17009
0.16666666666666669,0.006578947368421052,1.0,0.04275286757038582,0.0,0.42857142857142855,0.625,0,1,0,0,0,0,0,1,0,1,1,0,15032
0.2962962962962962,0.0,0.3333333333333333,0.021897810218978103,0.5,0.0,0.5,1,0,1,0,1,0,0,0,0,0,1,0,17292
0.574074074074074,0.006578947368421052,0.3333333333333333,0.01564129301355579,1.0,0.42857142857142855,0.125,1,0,0,1,0,0,1,0,0,1,1,0,32012
0.4259259259259259,0.0,0.6666666666666667,0.03545359749739312,0.5,0.7857142857142857,1.0,0,1,0,0,1,0,0,0,0,1,0,0,26724
0.055555555555555525,0.0021929824561403508,0.3333333333333333,0.01564129301355579,1.0,0.0,0.25,0,0,0,0,1,0,0,0,0,0,1,0,13388
0.27777777777777773,0.0,0.0,0.008342022940563087,0.0,0.5714285714285714,0.125,1,0,0,0,1,0,1,0,0,0,0,1,15927
0.018518518518518545,0.0,0.3333333333333333,0.014598540145985403,1.0,0.0,0.625,0,0,1,0,1,0,0,0,0,0,0,1,13903
0.5185185185185186,0.006578947368421052,0.0,0.0072992700729927005,1.0,0.0,0.25,0,0,1,0,0,0,0,0,0,0,1,0,26206
0.3518518518518518,0.006578947368421052,0.6666666666666667,0.03128258602711158,0.5,0.5714285714285714,0.25,1,0,0,1,0,0,1,0,0,0,0,1,23530
0.22222222222222227,0.0,0.0,0.006256517205422314,0.0,0.42857142857142855,0.125,0,0,0,1,1,0,0,1,0,0,1,0,10348
0.2962962962962962,0.0021929824561403508,0.0,0.0,0.0,0.8571428571428571,0.25,1,0,1,0,1,0,1,0,0,0,0,1,14678
0.0,0.0,0.3333333333333333,0.023983315954118876,0.5,0.0,0.625,1,0,1,0,1,0,0,0,0,0,1,0,11888
0.3518518518518518,0.0043859649122807015,0.3333333333333333,0.02294056308654849,0.5,0.7857142857142857,0.625,0,0,0,1,0,0,0,0,0,0,1,0,20174
0.07407407407407407,0.0,0.3333333333333333,0.01251303441084463,0.0,0.0,0.625,1,0,0,1,1,0,0,0,0,0,0,0,7158
0.6481481481481481,0.010964912280701754,0.0,0.00521376433785193,0.5,0.42857142857142855,0.625,0,0,0,1,0,0,1,0,0,0,0,1,24571
0.16666666666666669,0.0043859649122807015,0.0,0.0,0.0,0.35714285714285715,0.125,0,0,0,1,0,0,0,0,0,0,1,0,10557
0.27777777777777773,0.0043859649122807015,0.3333333333333333,0.01251303441084463,0.5,0.42857142857142855,0.25,0,1,0,0,0,0,1,0,1,0,1,0,20400
0.6111111111111112,0.0021929824561403508,0.0,0.004171011470281543,0.5,0.8571428571428571,0.25,0,1,0,0,1,0,1,0,0,0,1,0,24640
0.5555555555555556,0.0043859649122807015,0.3333333333333333,0.01772679874869656,1.0,0.35714285714285715,0.625,1,0,1,0,0,0,1,0,0,1,0,1,34555
0.6666666666666667,0.0043859649122807015,0.3333333333333333,0.021897810218978103,1.0,0.42857142857142855,0.25,0,0,0,1,0,0,0,0,0,0,0,0,28117
0.3148148148148148,0.006578947368421052,0.3333333333333333,0.014598540145985403,0.5,0.35714285714285715,0.25,1,0,0,1,0,0,1,0,0,1,1,0,23084
0.6851851851851851,0.010964912280701754,0.3333333333333333,0.021897810218978103,1.0,0.42857142857142855,1.0,1,0,0,1,0,0,1,0,0,1,1,0,37870
0.6111111111111112,0.0,0.0,0.00521376433785193,0.5,0.42857142857142855,0.125,1,1,0,0,1,0,1,0,0,1,1,0,24716
0.09259259259259262,0.0,0.0,0.004171011470281543,0.0,0.42857142857142855,0.0,0,1,0,0,1,0,0,0,0,0,1,0,7442
0.14814814814814814,0.0043859649122807015,1.0,0.07507820646506778,1.0,0.35714285714285715,0.25,0,1,0,0,0,0,0,1,0,1,1,0,28097
0.5555555555555556,0.008771929824561403,0.3333333333333333,0.018769551616266946,1.0,0.42857142857142855,0.125,0,0,0,1,0,0,0,0,0,0,0,0,28266
0.5185185185185186,0.006578947368421052,0.0,0.0,0.5,1.0,0.25,0,1,0,0,0,0,0,0,0,0,0,1,24994
0.07407407407407407,0.0,0.0,0.0031282586027111575,0.0,0.0,0.25,0,0,0,1,1,0,0,0,0,0,0,0,6362
0.7777777777777779,0.0043859649122807015,0.3333333333333333,0.019812304483837334,1.0,1.0,0.25,0,0,0,1,0,0,0,1,0,1,0,1,35067
0.48148148148148145,0.006578947368421052,0.6666666666666667,0.03441084462982273,0.5,0.42857142857142855,0.25,0,0,0,0,0,1,0,0,0,1,0,0,24167
0.49999999999999994,0.010964912280701754,0.0,0.008342022940563087,0.0,0.42857142857142855,0.125,0,0,0,1,0,0,1,0,0,0,0,0,12466
0.3703703703703704,0.006578947368421052,0.0,0.00521376433785193,0.0,0.42857142857142855,0.5,0,0,1,0,0,0,1,0,0,0,1,0,14091
0.7777777777777779,0.006578947368421052,0.0,0.0010427528675703858,0.5,0.8571428571428571,0.0,1,1,0,0,0,0,0,1,0,0,0,1,21352
0.037037037037037035,0.0021929824561403508,0.6666666666666667,0.02502606882168926,0.0,0.0,0.5,1,0,0,0,1,0,0,0,0,0,0,0,6213
0.3518518518518518,0.008771929824561403,0.0,0.006256517205422314,0.0,0.35714285714285715,0.25,0,0,0,1,0,0,0,0,0,0,0,0,10351
0.24074074074074076,0.0043859649122807015,0.0,0.0,0.0,0.5714285714285714,0.25,0,0,0,1,0,0,1,0,0,0,0,1,17412
0.6296296296296295,0.008771929824561403,0.6666666666666667,0.03649635036496351,1.0,0.5714285714285714,0.625,1,0,1,0,0,0,1,0,1,0,1,0,37152
0.46296296296296297,0.006578947368421052,0.0,0.0010427528675703858,0.0,0.42857142857142855,0.125,0,0,0,1,0,1,0,0,0,1,1,0,17837
0.3888888888888889,0.008771929824561403,0.0,0.0010427528675703858,0.0,0.35714285714285715,0.0,1,0,0,1,0,1,0,0,0,1,0,1,16754
0.1296296296296296,0.0043859649122807015,0.6666666666666667,0.027111574556830033,0.5,0.0,0.25,0,0,0,1,1,0,0,0,0,0,0,0,8604
0.44444444444444436,0.006578947368421052,1.0,0.06465067778936393,1.0,0.42857142857142855,0.625,1,0,0,0,0,0,0,0,0,0,1,0,24624
0.7222222222222223,0.006578947368421052,0.0,0.008342022940563087,0.5,0.42857142857142855,0.5,0,0,1,0,0,0,0,0,0,0,1,0,20608
0.3518518518518518,0.0043859649122807015,0.6666666666666667,0.028154327424400417,0.5,0.42857142857142855,0.125,0,0,0,1,0,0,0,0,0,1,0,1,20176
0.20370370370370366,0.0043859649122807015,0.0,0.0,0.0,0.0,0.25,0,0,0,1,0,0,1,0,1,0,0,0,12437
0.07407407407407407,0.0,0.0,0.0020855057351407717,0.0,0.0,1.0,0,1,0,0,1,1,0,0,0,0,1,0,14367
0.4259259259259259,0.008771929824561403,0.6666666666666667,0.03962460896767466,0.5,0.42857142857142855,0.625,1,0,1,0,0,0,0,0,0,1,0,0,22195
0.16666666666666669,0.008771929824561403,0.3333333333333333,0.023983315954118876,0.5,0.35714285714285715,0.25,1,0,1,0,0,0,0,0,0,1,1,0,20075
0.49999999999999994,0.006578947368421052,0.0,0.0010427528675703858,0.0,0.8571428571428571,1.0,0,0,1,0,0,0,1,0,0,0,1,0,17696
0.49999999999999994,0.0,0.6666666666666667,0.03232533889468196,0.5,0.0,0.25,1,1,0,0,1,0,0,1,0,1,1,0,19719
0.4259259259259259,0.010964912280701754,0.6666666666666667,0.03962460896767466,0.5,0.42857142857142855,1.0,1,0,1,0,0,0,0,1,1,0,0,1,22135
0.1296296296296296,0.0043859649122807015,0.6666666666666667,0.03649635036496351,0.0,0.42857142857142855,0.125,0,0,1,0,1,0,0,0,0,0,0,0,8022
0.24074074074074076,0.006578947368421052,0.6666666666666667,0.030239833159541193,1.0,1.0,0.625,1,0,1,0,0,0,0,0,0,0,0,0,30504
0.7037037037037037,0.006578947368421052,0.3333333333333333,0.02502606882168926,1.0,0.42857142857142855,1.0,1,0,1,0,0,0,0,0,1,0,0,0,32469
0.09259259259259262,0.0021929824561403508,0.6666666666666667,0.02502606882168926,1.0,0.0,0.25,1,0,1,0,1,0,0,0,0,1,0,0,16312
0.7037037037037037,0.006578947368421052,0.0,0.0,0.5,1.0,0.25,1,0,0,0,0,0,1,0,0,1,0,1,29552
0.7407407407407407,0.0043859649122807015,0.3333333333333333,0.018769551616266946,1.0,0.42857142857142855,0.125,1,1,0,0,0,1,0,0,0,0,1,0,30941
0.2962962962962962,0.0,0.6666666666666667,0.03962460896767466,0.5,0.42857142857142855,0.25,0,0,0,1,1,0,0,1,1,0,0,1,18018
0.7592592592592593,0.008771929824561403,0.3333333333333333,0.014598540145985403,0.0,0.42857142857142855,0.625,1,0,1,0,0,0,0,1,0,0,1,0,13809
0.7407407407407407,0.006578947368421052,1.0,0.07194994786235663,1.0,0.42857142857142855,0.625,0,0,1,0,0,0,0,0,0,0,1,0,30950
0.3888888888888889,0.008771929824561403,0.0,0.008342022940563087,0.0,0.35714285714285715,0.625,0,1,0,0,0,1,0,0,1,0,0,1,18297
0.6666666666666667,0.0,0.6666666666666667,0.029197080291970805,0.5,0.0,1.0,0,0,1,0,1,0,1,0,0,0,0,1,23554
0.24074074074074076,0.0021929824561403508,0.3333333333333333,0.014598540145985403,0.5,0.42857142857142855,0.0,0,0,0,1,1,0,0,1,0,0,1,0,17488
0.3703703703703704,0.010964912280701754,0.6666666666666667,0.03962460896767466,1.0,0.42857142857142855,0.0,1,0,1,0,0,0,0,0,0,1,0,0,26213
0.1111111111111111,0.006578947368421052,0.0,0.0010427528675703858,0.0,0.0,0.0,0,0,1,0,0,0,0,0,1,0,0,0,5738
0.20370370370370366,0.006578947368421052,0.3333333333333333,0.014598540145985403,1.0,0.5714285714285714,0.625,0,0,0,1,0,0,0,0,0,0,0,1,28666
0.5185185185185186,0.0,0.0,0.006256517205422314,0.0,0.42857142857142855,0.625,0,1,0,0,1,1,0,0,0,0,0,1,17446
0.0,0.006578947368421052,0.0,0.008342022940563087,0.0,0.0,0.25,0,0,0,0,0,0,0,0,0,0,1,0,6380
0.0,0.0021929824561403508,0.3333333333333333,0.023983315954118876,0.0,0.0,0.25,1,0,0,1,1,0,0,1,0,0,0,1,6661
0.5185185185185186,0.008771929824561403,1.0,0.06986444212721585,1.0,0.42857142857142855,0.5,1,1,0,0,0,0,0,1,0,1,0,1,33548
0.3518518518518518,0.0043859649122807015,0.3333333333333333,0.019812304483837334,0.0,0.42857142857142855,1.0,1,0,0,1,0,0,0,0,0,0,0,1,13860
0.037037037037037035,0.0021929824561403508,0.0,0.00521376433785193,0.0,0.0,0.25,0,0,1,0,1,0,0,1,0,0,1,0,6137
0.1111111111111111,0.0,0.0,0.008342022940563087,0.0,0.0,0.625,0,0,1,0,1,0,0,0,0,1,0,1,11312
0.055555555555555525,0.0021929824561403508,1.0,0.056308654848800835,0.5,0.35714285714285715,0.25,0,0,0,1,1,0,0,0,0,0,0,0,11620
0.055555555555555525,0.0,0.0,0.0031282586027111575,1.0,0.0,0.25,0,0,1,0,1,0,0,0,0,0,0,0,13670
0.6111111111111112,0.008771929824561403,0.0,0.00521376433785193,0.5,0.42857142857142855,0.125,1,0,1,0,0,0,1,0,0,1,0,1,24176
0.1296296296296296,0.0043859649122807015,0.6666666666666667,0.03753910323253389,0.0,0.0,0.25,1,1,0,0,1,0,1,0,1,0,0,1,9343
0.037037037037037035,0.0,0.3333333333333333,0.014598540145985403,0.0,0.0,0.25,0,0,0,1,1,0,0,0,0,0,0,0,5401
0.9444444444444444,0.0043859649122807015,0.3333333333333333,0.01251303441084463,1.0,0.42857142857142855,0.5,1,0,0,1,1,0,0,0,0,0,0,1,36042
0.18518518518518517,0.0,0.6666666666666667,0.03128258602711158,0.5,0.0,0.625,0,0,0,1,1,0,0,0,1,0,0,1,18143
0.6481481481481481,0.006578947368421052,0.0,0.006256517205422314,0.5,0.42857142857142855,0.25,0,0,0,1,0,0,0,0,0,0,1,0,19685
0.537037037037037,0.0021929824561403508,1.0,0.04692387904066737,1.0,0.42857142857142855,1.0,1,0,0,1,1,1,0,0,1,0,1,0,36381
0.018518518518518545,0.0,0.6666666666666667,0.04066736183524505,0.0,0.0,0.125,1,0,0,1,1,0,0,0,0,0,0,0,5620
0.037037037037037035,0.006578947368421052,0.3333333333333333,0.011470281543274244,0.0,0.0,0.625,0,0,1,0,0,0,0,0,0,1,0,0,10532
0.3888888888888889,0.0021929824561403508,0.6666666666666667,0.03336809176225235,0.5,0.35714285714285715,0.125,0,0,1,0,1,0,0,1,0,0,0,1,16951
0.48148148148148145,0.0,1.0,0.054223149113660066,1.0,0.42857142857142855,0.625,0,1,0,0,1,0,0,0,0,0,1,0,24584
0.48148148148148145,0.008771929824561403,0.6666666666666667,0.03545359749739312,0.5,0.5714285714285714,0.625,1,0,0,0,0,0,0,0,0,0,0,1,22720
0.5185185185185186,0.0043859649122807015,0.0,0.0,0.5,0.5714285714285714,0.25,0,0,0,0,0,1,0,0,0,0,0,0,27951
0.574074074074074,0.0,0.3333333333333333,0.01772679874869656,0.0,0.5714285714285714,0.5,1,1,0,0,1,0,1,0,0,1,0,0,21482
0.09259259259259262,0.0043859649122807015,0.0,0.0031282586027111575,0.5,0.0,0.25,1,0,1,0,1,0,0,1,0,0,0,0,10567
0.09259259259259262,0.0,0.3333333333333333,0.019812304483837334,0.0,0.0,0.625,0,1,0,0,1,0,0,0,0,0,1,0,7282
0.25925925925925924,0.0,0.0,0.006256517205422314,0.0,0.42857142857142855,0.125,1,0,1,0,1,0,0,0,0,0,1,0,10692
0.46296296296296297,0.006578947368421052,0.0,0.0010427528675703858,0.5,0.0,0.625,0,1,0,0,0,0,0,0,0,0,0,0,17056
0.18518518518518517,0.0043859649122807015,0.3333333333333333,0.023983315954118876,0.5,0.42857142857142855,0.125,1,0,1,0,0,0,1,0,1,0,1,0,20669
0.5555555555555556,0.006578947368421052,0.0,0.0,0.5,0.42857142857142855,0.5,0,0,0,0,0,0,1,0,0,1,1,0,26500
0.6481481481481481,0.008771929824561403,0.0,0.0020855057351407717,0.5,0.42857142857142855,1.0,0,0,0,0,0,0,0,0,0,1,1,0,27745
0.7777777777777779,0.006578947368421052,0.6666666666666667,0.02502606882168926,1.0,0.42857142857142855,1.0,0,0,1,0,0,0,0,0,0,0,0,1,31611
0.6111111111111112,0.008771929824561403,0.0,0.0031282586027111575,0.5,0.42857142857142855,0.625,1,0,1,0,0,0,0,0,0,0,1,0,21161
0.44444444444444436,0.0043859649122807015,1.0,0.07299270072992702,1.0,0.42857142857142855,0.25,1,0,1,0,0,0,0,0,0,1,0,1,27000
0.49999999999999994,0.0,0.0,0.0,0.0,0.42857142857142855,0.25,0,0,0,1,1,0,0,0,0,0,1,0,11051
0.7407407407407407,0.006578947368421052,0.0,0.0072992700729927005,0.5,0.42857142857142855,0.625,0,1,0,0,0,0,1,0,1,0,1,0,25498
0.2962962962962962,0.006578947368421052,1.0,0.056308654848800835,1.0,0.42857142857142855,0.625,0,1,0,0,0,0,1,0,0,0,0,1,27495
0.962962962962963,0.0021929824561403508,0.0,0.00521376433785193,0.5,0.42857142857142855,0.5,0,0,1,0,0,0,0,0,0,0,1,0,26193
0.1296296296296296,0.0,0.3333333333333333,0.01772679874869656,0.0,0.0,0.25,0,0,0,0,1,0,0,0,0,0,0,0,6514
0.6666666666666667,0.0043859649122807015,0.0,0.0031282586027111575,0.5,0.42857142857142855,0.625,0,0,0,1,1,0,0,0,0,0,1,0,21925
0.018518518518518545,0.0,0.3333333333333333,0.021897810218978103,0.0,0.42857142857142855,0.25,1,1,0,0,1,0,1,0,0,1,1,0,12746
0.4259259259259259,0.006578947368421052,0.3333333333333333,0.019812304483837334,0.5,0.42857142857142855,0.25,1,1,0,0,0,1,0,0,0,1,1,0,23612
0.6111111111111112,0.0043859649122807015,0.0,0.00521376433785193,0.5,0.42857142857142855,0.5,0,1,0,0,0,0,1,0,0,0,0,1,23726
0.0,0.0043859649122807015,0.3333333333333333,0.023983315954118876,0.0,0.0,0.5,0,0,1,0,1,0,0,0,0,0,1,0,6780
0.07407407407407407,0.0,0.0,0.006256517205422314,0.0,0.35714285714285715,0.625,0,0,1,0,1,0,0,0,0,0,1,0,9385
0.7407407407407407,0.006578947368421052,0.6666666666666667,0.02606882168925965,1.0,0.42857142857142855,0.25,0,0,1,0,0,0,1,0,0,0,0,0,29720
0.09259259259259262,0.0,0.0,0.006256517205422314,0.0,0.0,0.5,0,0,0,1,1,0,0,0,0,0,0,0,6262
0.6111111111111112,0.006578947368421052,1.0,0.08550573514077164,1.0,0.0,0.25,1,0,1,0,0,0,1,0,0,0,0,1,28185
0.7222222222222223,0.0,0.0,0.0072992700729927005,0.5,0.35714285714285715,0.625,1,0,1,0,1,0,0,0,0,1,0,1,25682
0.574074074074074,0.006578947368421052,0.0,0.004171011470281543,0.5,0.42857142857142855,0.625,1,1,0,0,0,0,1,0,0,0,0,0,24077
0.22222222222222227,0.0,0.3333333333333333,0.023983315954118876,0.5,0.5714285714285714,0.5,1,0,0,0,1,1,0,0,0,1,1,0,28895
0.25925925925925924,0.0021929824561403508,0.3333333333333333,0.014598540145985403,0.5,0.42857142857142855,0.625,1,0,0,0,1,0,0,0,0,0,1,0,18134
0.22222222222222227,0.0021929824561403508,0.3333333333333333,0.013555787278415015,0.5,0.35714285714285715,0.625,1,0,0,0,1,0,0,1,0,0,1,0,19406
0.07407407407407407,0.0,0.0,0.0020855057351407717,0.0,0.0,0.25,1,0,0,1,1,0,0,1,0,1,0,0,8718
0.6111111111111112,0.006578947368421052,0.3333333333333333,0.02294056308654849,0.5,0.0,0.25,0,0,0,1,0,1,0,0,0,0,0,1,22580
0.5925925925925926,0.006578947368421052,0.6666666666666667,0.03441084462982273,1.0,0.42857142857142855,0.5,0,0,0,1,0,0,0,0,1,0,0,1,30817
0.3333333333333333,0.0,0.3333333333333333,0.02294056308654849,0.5,0.42857142857142855,0.625,1,1,0,0,1,0,0,0,0,1,1,0,22036
0.3703703703703704,0.0043859649122807015,0.6666666666666667,0.028154327424400417,0.5,0.42857142857142855,0.625,1,0,1,0,0,0,1,0,1,0,0,0,21937
0.5925925925925926,0.010964912280701754,0.3333333333333333,0.01772679874869656,1.0,0.42857142857142855,0.25,0,0,0,1,0,0,1,0,0,0,0,1,30898
0.1296296296296296,0.0021929824561403508,0.0,0.006256517205422314,0.5,0.0,0.625,1,1,0,0,1,0,0,0,0,1,0,0,14414
0.055555555555555525,0.0,0.3333333333333333,0.02085505735140772,0.0,0.0,0.25,1,1,0,0,1,0,0,0,1,0,1,0,5753
0.1296296296296296,0.006578947368421052,0.0,0.004171011470281543,0.0,0.0,0.625,1,0,0,0,0,0,0,0,0,0,0,0,8153
0.7592592592592593,0.006578947368421052,0.6666666666666667,0.03441084462982273,1.0,0.42857142857142855,0.125,0,0,0,0,0,0,0,1,0,1,0,1,31511
0.055555555555555525,0.0,0.6666666666666667,0.03336809176225235,0.0,0.42857142857142855,0.125,0,0,0,1,1,0,0,1,0,0,0,0,7697
0.3148148148148148,0.0,0.0,0.00521376433785193,0.0,0.42857142857142855,0.125,1,0,0,0,1,1,0,0,0,0,0,0,13648
0.6851851851851851,0.006578947368421052,0.0,0.0020855057351407717,0.5,0.0,0.125,0,0,0,1,0,0,0,0,0,0,0,0,16626
0.7592592592592593,0.006578947368421052,1.0,0.06986444212721585,1.0,0.42857142857142855,0.125,1,0,1,0,0,1,0,0,0,0,0,1,31213
0.7222222222222223,0.008771929824561403,1.0,0.08446298227320126,1.0,0.42857142857142855,0.25,0,0,1,0,0,0,1,0,0,0,1,0,31179
0.7037037037037037,0.008771929824561403,0.3333333333333333,0.011470281543274244,1.0,0.42857142857142855,0.625,0,0,0,1,0,0,1,0,0,0,0,0,31728
0.16666666666666669,0.008771929824561403,0.0,0.0,0.5,0.5714285714285714,0.125,1,0,0,0,0,1,0,0,0,1,1,0,28424
0.7592592592592593,0.006578947368421052,0.0,0.0,0.5,0.0,0.125,0,0,1,0,0,1,0,0,0,0,0,1,21867
0.5185185185185186,0.0,0.0,0.00521376433785193,0.5,0.42857142857142855,0.25,0,0,0,0,1,1,0,0,0,0,0,1,23660
0.4259259259259259,0.006578947368421052,0.3333333333333333,0.018769551616266946,0.5,0.7857142857142857,0.25,1,1,0,0,0,0,1,0,0,1,1,0,24423
0.8888888888888888,0.0021929824561403508,0.6666666666666667,0.03962460896767466,0.5,0.42857142857142855,0.125,0,0,0,1,0,0,0,1,0,0,0,1,25111
0.5925925925925926,0.0,0.6666666666666667,0.03649635036496351,1.0,0.42857142857142855,0.625,1,1,0,0,1,1,0,0,0,0,0,1,33733
0.0,0.0,0.3333333333333333,0.01251303441084463,0.0,0.0,0.125,0,0,0,1,1,0,0,1,0,0,0,0,5483
0.24074074074074076,0.008771929824561403,0.0,0.008342022940563087,0.0,0.0,1.0,0,0,0,1,0,0,0,1,0,1,0,1,15593
0.018518518518518545,0.0,0.0,0.008342022940563087,0.0,0.0,0.625,0,0,0,1,1,0,0,0,0,0,1,0,7379
0.16666666666666669,0.006578947368421052,0.0,0.0020855057351407717,0.0,0.42857142857142855,0.25,1,0,0,1,0,0,0,0,1,0,1,0,12047
0.3333333333333333,0.006578947368421052,0.0,0.00521376433785193,0.0,0.42857142857142855,0.125,0,0,0,1,0,0,0,0,0,0,0,1,9181
0.037037037037037035,0.0,0.6666666666666667,0.03545359749739312,0.5,0.0,0.25,1,0,0,1,1,0,0,0,0,0,1,0,8874
0.037037037037037035,0.0021929824561403508,0.6666666666666667,0.03962460896767466,0.5,0.0,0.125,0,0,1,0,1,0,0,0,0,0,0,0,9545
0.574074074074074,0.0,0.0,0.0072992700729927005,0.5,0.42857142857142855,0.25,1,0,0,1,1,0,0,0,0,1,1,0,23646
0.6296296296296295,0.006578947368421052,0.3333333333333333,0.019812304483837334,0.0,0.0,0.625,0,0,0,1,0,1,0,0,0,0,0,0,15621
0.18518518518518517,0.0,0.0,0.0020855057351407717,0.0,0.42857142857142855,0.5,1,0,0,0,1,0,1,0,0,1,1,0,16769
0.4074074074074074,0.010964912280701754,0.0,0.00521376433785193,0.0,0.0,0.625,0,0,0,1,0,0,1,0,0,1,0,1,15217
0.1111111111111111,0.0043859649122807015,0.3333333333333333,0.01772679874869656,0.0,0.0,0.25,1,0,1,0,0,0,0,1,0,0,0,1,6956
0.3148148148148148,0.0021929824561403508,1.0,0.08654848800834203,0.5,0.42857142857142855,0.25,0,1,0,0,1,0,0,0,0,0,1,0,16693
0.055555555555555525,0.0043859649122807015,1.0,0.1032325338894682,1.0,0.5714285714285714,0.625,1,0,1,0,0,0,0,1,0,1,1,0,24740
0.7592592592592593,0.0043859649122807015,1.0,0.054223149113660066,1.0,0.35714285714285715,0.125,0,0,1,0,0,1,0,0,0,0,0,1,31852
0.018518518518518545,0.0,0.3333333333333333,0.019812304483837334,0.0,0.0,0.625,0,0,1,0,1,0,0,1,0,0,0,0,7395
0.1111111111111111,0.0,0.3333333333333333,0.01772679874869656,0.0,0.0,0.125,0,0,0,1,1,0,0,0,0,0,1,0,4525
0.3148148148148148,0.0043859649122807015,0.0,0.0031282586027111575,0.0,0.42857142857142855,1.0,0,0,0,1,0,0,0,1,0,0,1,0,14001
0.6296296296296295,0.006578947368421052,0.6666666666666667,0.03962460896767466,1.0,0.42857142857142855,0.5,0,0,1,0,0,1,0,0,0,0,0,1,33972
0.18518518518518517,0.0043859649122807015,0.6666666666666667,0.03336809176225235,0.5,0.42857142857142855,0.5,0,0,0,1,0,0,1,0,1,0,1,0,21042
0.6111111111111112,0.006578947368421052,0.0,0.004171011470281543,0.5,0.42857142857142855,0.625,0,0,0,0,0,1,0,0,0,0,0,1,25838
0.0,0.0021929824561403508,0.0,0.008342022940563087,0.0,0.0,0.25,1,0,0,1,1,0,1,0,0,0,0,0,7469
0.055555555555555525,0.0,1.0,0.05735140771637122,0.5,0.0,0.5,1,1,0,0,1,0,0,0,0,0,0,0,10594
0.09259259259259262,0.0021929824561403508,1.0,0.09801876955161627,0.5,0.35714285714285715,0.25,1,0,0,1,1,0,0,0,1,0,0,0,12116
0.22222222222222227,0.0043859649122807015,1.0,0.06777893639207508,1.0,0.42857142857142855,0.125,1,1,0,0,0,0,0,0,0,1,0,0,26296
1.0,0.0021929824561403508,0.3333333333333333,0.014598540145985403,1.0,0.42857142857142855,1.0,1,0,0,1,0,0,0,1,0,1,1,0,41768
0.1296296296296296,0.0,0.3333333333333333,0.01251303441084463,0.0,0.0,0.125,1,0,0,0,1,0,1,0,0,0,0,0,6835
0.4259259259259259,0.008771929824561403,0.6666666666666667,0.03128258602711158,0.5,0.8571428571428571,0.5,1,0,1,0,0,0,0,1,0,0,0,1,20796
0.25925925925925924,0.006578947368421052,0.3333333333333333,0.02502606882168926,0.5,0.42857142857142855,0.625,1,1,0,0,0,1,0,0,0,0,1,0,23713
0.0,0.0,0.3333333333333333,0.014598540145985403,0.5,0.0,0.0,0,1,0,0,1,0,0,0,0,0,0,1,7251
0.7037037037037037,0.0,1.0,0.09176225234619395,1.0,0.42857142857142855,0.125,0,0,0,1,1,0,1,0,0,0,1,0,30469
0.6111111111111112,0.0043859649122807015,0.6666666666666667,0.04066736183524505,1.0,0.7857142857142857,0.5,1,0,0,1,0,1,0,0,0,0,0,1,34730
0.3888888888888889,0.0043859649122807015,0.3333333333333333,0.02502606882168926,0.5,0.0,0.25,1,0,0,1,0,0,1,0,0,1,0,1,19227
0.7592592592592593,0.008771929824561403,1.0,0.07612095933263817,0.5,0.42857142857142855,0.125,1,0,0,1,0,0,1,0,0,1,0,1,23844
0.4074074074074074,0.0021929824561403508,0.6666666666666667,0.03128258602711158,0.5,0.0,0.0,1,0,0,1,1,0,0,0,0,1,1,0,17713
0.22222222222222227,0.006578947368421052,0.0,0.008342022940563087,0.0,0.42857142857142855,0.0,0,0,0,1,0,0,0,0,0,0,1,0,10323
0.018518518518518545,0.006578947368421052,1.0,0.1032325338894682,1.0,0.0,0.125,0,1,0,0,0,0,0,0,0,0,0,0,12672
0.8518518518518519,0.0021929824561403508,0.3333333333333333,0.011470281543274244,0.0,0.7857142857142857,0.125,1,0,1,0,0,0,0,0,0,1,0,1,18042
0.46296296296296297,0.0,0.3333333333333333,0.019812304483837334,0.5,0.42857142857142855,0.25,0,0,0,0,1,0,0,0,1,0,0,1,19398
0.16666666666666669,0.006578947368421052,0.0,0.0031282586027111575,0.0,0.7857142857142857,0.625,0,0,0,1,0,0,1,0,0,0,1,0,17679
0.6481481481481481,0.008771929824561403,0.3333333333333333,0.019812304483837334,0.5,0.0,0.625,0,0,0,1,0,0,0,0,0,0,0,1,20672
0.055555555555555525,0.0021929824561403508,0.6666666666666667,0.03232533889468196,0.0,0.0,0.625,1,0,1,0,1,0,0,0,0,0,0,0,8036
0.49999999999999994,0.0,0.3333333333333333,0.01564129301355579,0.5,0.42857142857142855,0.25,1,0,0,0,1,0,0,0,0,1,1,0,20401
0.20370370370370366,0.010964912280701754,0.0,0.0020855057351407717,0.5,1.0,0.625,1,0,0,0,0,0,0,0,1,0,1,0,23110
0.7407407407407407,0.0,0.6666666666666667,0.03336809176225235,0.5,0.35714285714285715,1.0,0,0,0,0,1,0,0,0,0,0,0,1,23485
0.7777777777777779,0.0043859649122807015,0.0,0.0031282586027111575,0.5,0.42857142857142855,0.5,0,0,1,0,0,0,0,0,0,0,0,1,21664
0.46296296296296297,0.0043859649122807015,0.0,0.0072992700729927005,0.0,0.7857142857142857,0.125,0,1,0,0,0,0,0,0,0,1,1,0,15616
0.537037037037037,0.006578947368421052,0.3333333333333333,0.019812304483837334,0.0,0.35714285714285715,0.625,0,0,0,1,0,0,1,0,0,0,0,1,15724
0.1296296296296296,0.0,0.6666666666666667,0.03128258602711158,1.0,0.35714285714285715,0.625,0,0,1,0,1,0,1,0,0,0,0,1,19534
0.1296296296296296,0.0,0.0,0.0031282586027111575,0.0,0.0,0.5,1,0,0,0,1,0,1,0,1,0,0,0,9325
0.1111111111111111,0.0043859649122807015,0.3333333333333333,0.023983315954118876,0.0,0.0,0.5,0,1,0,0,1,0,0,0,0,0,0,0,6233
0.574074074074074,0.010964912280701754,1.0,0.049009384775808136,1.0,0.8571428571428571,0.25,1,1,0,0,0,0,1,0,0,1,0,1,35598
0.0,0.0021929824561403508,0.3333333333333333,0.02502606882168926,0.5,0.0,1.0,1,1,0,0,1,0,0,0,0,0,0,1,12789
0.3703703703703704,0.0,0.3333333333333333,0.01772679874869656,0.5,0.35714285714285715,0.25,0,1,0,0,1,0,0,0,0,0,0,1,17421
0.27777777777777773,0.006578947368421052,1.0,0.05526590198123045,1.0,0.35714285714285715,0.0,0,1,0,0,0,0,0,0,1,0,1,0,23275
0.07407407407407407,0.0,1.0,0.04275286757038582,0.5,0.0,0.5,1,0,1,0,1,0,0,0,0,0,1,0,10354
0.0,0.0,0.3333333333333333,0.019812304483837334,0.0,0.7857142857142857,0.5,0,0,1,0,1,0,0,0,0,0,1,0,12078
0.07407407407407407,0.0,0.0,0.004171011470281543,1.0,0.0,0.625,0,0,1,0,1,0,0,1,1,0,0,1,16941
0.16666666666666669,0.008771929824561403,0.6666666666666667,0.02502606882168926,0.5,0.5714285714285714,0.25,1,1,0,0,0,0,0,0,1,0,0,1,21862
0.14814814814814814,0.006578947368421052,0.0,0.0031282586027111575,0.0,0.8571428571428571,0.25,0,0,0,0,0,0,0,0,0,0,1,0,12595
0.037037037037037035,0.0,0.6666666666666667,0.03232533889468196,0.0,0.0,1.0,1,0,0,1,1,0,1,0,0,0,0,0,11747
0.037037037037037035,0.0,1.0,0.06882168925964546,0.5,0.0,0.625,1,0,0,1,1,0,0,1,0,0,1,0,11911
0.7592592592592593,0.006578947368421052,0.6666666666666667,0.03545359749739312,1.0,0.42857142857142855,0.625,0,0,1,0,0,1,0,0,0,0,0,1,33896
0.4259259259259259,0.006578947368421052,0.6666666666666667,0.029197080291970805,0.5,0.35714285714285715,0.125,1,0,1,0,0,0,1,0,0,1,1,0,21810
0.6666666666666667,0.0043859649122807015,0.0,0.0,0.0,0.35714285714285715,0.5,1,0,0,1,0,0,1,0,0,1,1,0,18734
0.0,0.006578947368421052,0.0,0.006256517205422314,0.0,0.5714285714285714,0.25,1,0,0,1,0,0,0,0,0,0,0,0,10884
0.46296296296296297,0.0043859649122807015,0.3333333333333333,0.011470281543274244,0.5,0.7857142857142857,0.125,1,0,0,1,0,0,1,0,0,1,0,1,22694
0.3333333333333333,0.006578947368421052,0.3333333333333333,0.02502606882168926,0.5,0.42857142857142855,0.125,1,0,1,0,0,0,1,0,0,1,0,1,21654
0.7407407407407407,0.006578947368421052,0.0,0.0,0.5,0.42857142857142855,0.25,1,1,0,0,0,0,0,0,0,1,1,0,23871
0.1111111111111111,0.0043859649122807015,0.3333333333333333,0.02085505735140772,0.0,0.0,0.25,1,0,0,0,1,0,1,0,0,0,0,0,8119
0.3888888888888889,0.006578947368421052,0.6666666666666667,0.02606882168925965,0.5,0.42857142857142855,0.125,0,0,1,0,0,0,0,0,1,0,0,1,18245
0.1111111111111111,0.0,0.0,0.006256517205422314,1.0,0.42857142857142855,0.625,0,0,1,0,1,0,0,0,0,0,1,0,16191
0.7407407407407407,0.006578947368421052,0.3333333333333333,0.009384775808133473,0.0,0.5714285714285714,1.0,1,0,0,1,0,1,0,0,0,1,0,1,26181
0.7407407407407407,0.0043859649122807015,0.0,0.0031282586027111575,0.5,1.0,0.125,0,0,0,1,0,1,0,0,0,0,0,1,28235
0.44444444444444436,0.0043859649122807015,0.0,0.0031282586027111575,0.0,0.8571428571428571,0.25,0,0,0,1,0,0,0,0,1,0,1,0,14189
0.055555555555555525,0.0043859649122807015,0.3333333333333333,0.01772679874869656,0.0,0.0,0.625,0,1,0,0,1,0,0,1,0,0,0,1,9088
0.4259259259259259,0.0,0.0,0.006256517205422314,0.0,0.42857142857142855,0.625,0,1,0,0,1,0,0,0,0,0,1,0,11643
0.9074074074074074,0.0043859649122807015,0.6666666666666667,0.02502606882168926,1.0,0.42857142857142855,0.25,1,0,0,0,0,0,0,1,0,0,0,1,34668
0.16666666666666669,0.0043859649122807015,0.0,0.006256517205422314,0.5,0.42857142857142855,0.125,1,0,0,1,0,0,0,0,0,0,1,0,16638
0.037037037037037035,0.0,0.0,0.0,0.0,0.42857142857142855,0.5,1,0,0,1,1,0,0,0,0,1,1,0,11965
0.7407407407407407,0.0043859649122807015,0.0,0.0010427528675703858,1.0,0.35714285714285715,0.625,0,0,0,0,0,0,0,0,0,0,0,1,30504
0.6296296296296295,0.010964912280701754,0.0,0.004171011470281543,0.5,0.5714285714285714,0.625,1,0,0,1,0,0,0,0,0,1,1,0,29615
0.24074074074074076,0.0,0.0,0.0,0.0,0.42857142857142855,0.625,1,0,0,0,1,0,1,0,1,0,0,1,14796
0.8703703703703705,0.0021929824561403508,0.3333333333333333,0.010427528675703858,0.0,0.7857142857142857,0.125,0,1,0,0,0,1,0,0,0,0,1,0,18806
0.0,0.006578947368421052,1.0,0.0740354535974974,0.5,0.0,0.0,1,0,1,0,0,0,0,0,0,1,1,0,11594
0.1111111111111111,0.0,0.3333333333333333,0.011470281543274244,0.5,0.0,0.5,0,0,1,0,1,0,0,0,0,0,0,0,10769
0.48148148148148145,0.0043859649122807015,0.3333333333333333,0.019812304483837334,0.5,0.42857142857142855,0.125,0,0,1,0,0,0,0,0,0,0,1,0,16461
0.46296296296296297,0.006578947368421052,0.6666666666666667,0.04066736183524505,0.5,0.42857142857142855,0.625,0,1,0,0,0,1,0,0,1,0,0,1,24935
0.055555555555555525,0.0,0.0,0.0,0.0,0.0,0.25,1,0,0,0,1,0,0,0,0,0,0,0,5232
0.20370370370370366,0.0,0.0,0.008342022940563087,0.0,0.35714285714285715,0.625,1,0,0,0,1,0,1,0,0,1,0,0,18598
0.7407407407407407,0.010964912280701754,0.0,0.006256517205422314,0.5,0.42857142857142855,0.25,1,0,1,0,0,1,0,0,0,1,0,1,28031
0.09259259259259262,0.0043859649122807015,0.0,0.0031282586027111575,0.0,0.0,0.5,0,0,1,0,0,0,0,0,1,0,1,0,8297
0.27777777777777773,0.0,1.0,0.07299270072992702,1.0,0.0,0.125,0,1,0,0,1,0,1,0,0,0,1,0,23575
0.018518518518518545,0.0,0.0,0.008342022940563087,0.0,0.0,0.125,0,0,0,0,1,0,0,0,0,1,1,0,8404
0.5185185185185186,0.006578947368421052,0.3333333333333333,0.021897810218978103,1.0,0.42857142857142855,0.25,0,0,1,0,0,1,0,0,1,0,1,0,32498
0.1296296296296296,0.0021929824561403508,0.6666666666666667,0.028154327424400417,0.0,0.42857142857142855,0.25,1,0,0,0,1,0,0,0,0,0,0,0,8747
0.3888888888888889,0.0043859649122807015,0.6666666666666667,0.030239833159541193,0.5,0.0,0.625,0,1,0,0,1,1,0,0,0,0,0,1,21969
0.44444444444444436,0.0043859649122807015,0.3333333333333333,0.02294056308654849,0.5,0.42857142857142855,0.25,0,0,0,1,0,1,0,0,0,0,0,0,22242
0.3333333333333333,0.0,0.0,0.00521376433785193,0.0,0.0,0.25,0,0,0,0,1,0,0,0,1,0,1,0,10615
0.09259259259259262,0.0,0.6666666666666667,0.03649635036496351,0.5,0.0,1.0,1,0,1,0,1,1,0,0,0,1,0,0,20371
0.037037037037037035,0.0,0.3333333333333333,0.019812304483837334,0.0,0.42857142857142855,0.5,1,0,0,1,1,0,0,0,0,0,0,0,9078
0.24074074074074076,0.006578947368421052,1.0,0.09280500521376434,0.0,0.8571428571428571,0.5,0,0,1,0,0,0,0,0,0,1,0,1,16291
0.07407407407407407,0.0021929824561403508,0.0,0.0072992700729927005,0.0,0.0,0.25,1,0,1,0,1,0,0,1,0,1,1,0,10008
0.7592592592592593,0.010964912280701754,0.0,0.004171011470281543,0.5,0.35714285714285715,0.625,0,1,0,0,0,0,1,0,0,1,0,0,26572
0.24074074074074076,0.0,0.3333333333333333,0.016684045881126174,0.5,0.5714285714285714,0.625,0,1,0,0,1,0,1,0,0,1,0,1,29040
0.48148148148148145,0.006578947368421052,0.0,0.0,0.0,0.35714285714285715,0.25,0,0,1,0,0,0,1,0,1,0,1,0,13196
0.3888888888888889,0.0043859649122807015,1.0,0.051094890510948905,1.0,0.42857142857142855,0.5,1,0,1,0,1,1,0,0,1,0,1,0,30753
0.537037037037037,0.008771929824561403,0.3333333333333333,0.02502606882168926,1.0,0.42857142857142855,0.125,0,0,0,1,0,0,0,0,0,0,1,0,28686
0.962962962962963,0.0021929824561403508,0.6666666666666667,0.03962460896767466,1.0,0.35714285714285715,0.625,0,0,0,1,0,0,0,0,0,0,0,1,36336
0.16666666666666669,0.006578947368421052,0.3333333333333333,0.023983315954118876,0.5,0.35714285714285715,0.25,0,0,0,1,0,0,0,0,1,0,0,0,18227
0.0,0.006578947368421052,0.3333333333333333,0.01251303441084463,0.0,0.0,0.625,0,0,0,0,0,0,0,1,0,1,0,0,11180
0.07407407407407407,0.0021929824561403508,0.0,0.008342022940563087,0.0,0.0,0.25,0,0,0,1,1,1,0,0,0,0,0,0,10191
0.0,0.0,0.0,0.00521376433785193,0.5,0.0,0.625,1,0,1,0,1,0,0,1,0,1,0,0,14605
0.537037037037037,0.0,0.3333333333333333,0.02294056308654849,1.0,0.42857142857142855,1.0,0,0,0,1,1,1,0,0,0,0,1,0,35989
0.2962962962962962,0.0043859649122807015,0.0,0.006256517205422314,0.0,0.8571428571428571,0.625,1,0,0,1,0,0,0,0,0,1,1,0,18543
0.22222222222222227,0.010964912280701754,0.0,0.004171011470281543,0.0,0.35714285714285715,1.0,1,0,0,0,0,1,0,0,0,0,1,0,19347
0.27777777777777773,0.010964912280701754,0.6666666666666667,0.03962460896767466,1.0,0.42857142857142855,0.625,0,0,1,0,0,0,1,0,0,1,0,1,31329
0.037037037037037035,0.0021929824561403508,0.6666666666666667,0.03441084462982273,0.5,0.0,0.125,0,0,0,0,1,0,0,1,0,0,0,0,8369
0.574074074074074,0.006578947368421052,0.3333333333333333,0.013555787278415015,1.0,0.42857142857142855,0.125,1,0,0,1,0,0,0,0,0,1,0,1,30407
0.18518518518518517,0.0021929824561403508,0.3333333333333333,0.019812304483837334,0.5,0.42857142857142855,0.125,1,0,1,0,1,1,0,0,0,1,1,0,22817
0.07407407407407407,0.0021929824561403508,0.3333333333333333,0.02085505735140772,0.0,0.0,0.25,0,0,0,0,1,0,0,0,0,0,0,0,6535
0.09259259259259262,0.0,0.0,0.0020855057351407717,0.5,0.0,0.5,1,0,1,0,1,1,0,0,0,0,1,0,14572
0.4074074074074074,0.0,0.3333333333333333,0.019812304483837334,0.5,0.35714285714285715,0.5,0,0,0,0,1,0,1,0,0,0,0,0,20462
0.5925925925925926,0.010964912280701754,0.0,0.0072992700729927005,0.5,1.0,0.625,0,0,1,0,0,0,1,0,0,0,0,0,27424
0.6296296296296295,0.006578947368421052,0.0,0.006256517205422314,0.5,0.42857142857142855,0.25,1,0,0,1,0,0,1,0,1,0,1,0,24031
0.07407407407407407,0.0043859649122807015,0.0,0.0020855057351407717,0.5,0.0,0.25,0,0,1,0,1,0,0,0,0,1,1,0,12887
0.6851851851851851,0.0021929824561403508,0.0,0.0,0.5,0.0,0.625,0,0,0,1,1,1,0,0,0,0,1,0,23520
0.5555555555555556,0.006578947368421052,0.3333333333333333,0.011470281543274244,1.0,0.0,0.625,1,0,0,0,0,0,0,0,0,1,0,1,31197
0.27777777777777773,0.0043859649122807015,1.0,0.08029197080291971,1.0,0.0,0.5,1,1,0,0,1,0,0,0,0,0,1,0,22832
0.25925925925925924,0.008771929824561403,0.0,0.004171011470281543,0.0,0.42857142857142855,0.125,1,1,0,0,0,0,1,0,0,0,1,0,12406
0.3888888888888889,0.010964912280701754,0.3333333333333333,0.013555787278415015,0.5,0.42857142857142855,0.0,0,0,0,1,0,1,0,0,0,0,0,1,19743
0.49999999999999994,0.0,0.6666666666666667,0.027111574556830033,0.5,0.35714285714285715,0.25,0,0,0,0,1,0,1,0,0,1,0,0,22358
0.49999999999999994,0.0,0.0,0.004171011470281543,0.0,0.42857142857142855,0.625,0,0,0,0,1,0,1,0,1,0,0,1,15445
0.09259259259259262,0.0,0.0,0.0010427528675703858,0.0,0.0,0.25,0,0,0,1,1,1,0,0,0,0,0,0,9271
0.44444444444444436,0.0043859649122807015,0.0,0.004171011470281543,0.0,1.0,0.5,0,1,0,0,0,0,1,0,1,0,0,1,19628
0.48148148148148145,0.008771929824561403,1.0,0.1032325338894682,1.0,0.0,0.5,0,0,1,0,0,0,0,0,1,0,0,1,24934
0.018518518518518545,0.0,0.0,0.008342022940563087,0.0,0.0,0.625,0,0,0,1,1,0,0,1,0,0,0,1,7273
0.48148148148148145,0.010964912280701754,0.6666666666666667,0.03128258602711158,0.5,0.35714285714285715,0.125,1,1,0,0,0,0,0,0,0,1,1,0,20373
0.6851851851851851,0.008771929824561403,1.0,0.06360792492179354,0.5,0.35714285714285715,1.0,0,1,0,0,0,0,0,0,0,0,0,0,23514
0.24074074074074076,0.0043859649122807015,0.0,0.004171011470281543,0.0,0.8571428571428571,0.25,1,0,0,1,0,0,0,0,0,1,1,0,15231
0.2962962962962962,0.0,0.6666666666666667,0.03336809176225235,0.5,0.0,0.0,0,0,1,0,1,0,0,0,1,0,0,1,14196
0.574074074074074,0.006578947368421052,0.6666666666666667,0.03753910323253389,1.0,0.5714285714285714,0.625,0,1,0,0,0,0,1,0,0,0,1,0,36556
0.1111111111111111,0.0,0.3333333333333333,0.009384775808133473,0.5,0.0,0.625,1,0,1,0,1,0,0,0,0,0,0,0,10698
0.055555555555555525,0.0021929824561403508,0.0,0.006256517205422314,0.0,0.0,0.25,0,1,0,0,1,1,0,0,0,0,1,0,9541
0.037037037037037035,0.0,0.6666666666666667,0.03649635036496351,0.0,1.0,0.625,1,1,0,0,1,0,0,0,0,1,1,0,16095
0.7777777777777779,0.0043859649122807015,0.6666666666666667,0.027111574556830033,1.0,0.42857142857142855,0.125,0,0,0,0,0,0,0,0,0,0,0,1,26677
0.055555555555555525,0.0,0.0,0.00521376433785193,0.0,0.0,0.25,1,1,0,0,1,0,0,0,1,0,0,0,6706
0.3888888888888889,0.0,1.0,0.07716371220020855,1.0,1.0,0.25,0,0,0,0,1,0,0,0,0,0,1,0,28832
0.24074074074074076,0.008771929824561403,0.0,0.004171011470281543,0.0,0.42857142857142855,0.625,0,0,0,1,0,0,0,1,0,1,1,0,15326
0.3703703703703704,0.0021929824561403508,0.3333333333333333,0.02502606882168926,0.5,0.0,0.125,0,1,0,0,1,0,1,0,0,0,1,0,16741
0.3518518518518518,0.0043859649122807015,1.0,0.05526590198123045,1.0,0.42857142857142855,0.625,1,1,0,0,0,0,0,0,0,1,0,1,28861
0.0,0.0043859649122807015,0.3333333333333333,0.013555787278415015,0.0,0.0,0.0,1,0,1,0,1,0,1,0,1,0,0,0,7131
0.46296296296296297,1.0,0.6666666666666667,0.04066736183524505,1.0,0.42857142857142855,0.125,1,0,1,0,1,0,1,0,0,1,1,0,28347
0.3148148148148148,0.006578947368421052,1.0,0.0667361835245047,1.0,0.42857142857142855,0.0,0,0,1,0,0,0,0,0,0,0,1,0,21957
0.07407407407407407,0.0,0.0,0.0020855057351407717,0.0,0.0,0.625,0,0,0,1,1,0,0,0,0,0,0,0,7429
0.1111111111111111,0.0,1.0,0.043795620437956206,0.5,0.0,1.0,0,0,0,1,1,0,0,0,0,1,0,0,16359
0.5555555555555556,0.0043859649122807015,0.3333333333333333,0.016684045881126174,1.0,0.42857142857142855,0.5,0,0,0,1,0,0,1,0,0,0,0,1,31625
0.1111111111111111,0.0,0.3333333333333333,0.013555787278415015,0.0,0.5714285714285714,0.625,1,0,0,0,1,0,0,0,0,1,0,0,16977
0.1111111111111111,0.0,0.3333333333333333,0.01564129301355579,0.5,0.0,0.625,1,0,0,1,1,0,0,1,0,0,1,0,10702
0.7777777777777779,0.0043859649122807015,0.0,0.008342022940563087,0.5,0.42857142857142855,0.625,0,0,0,1,0,0,0,0,0,0,0,1,21242
0.09259259259259262,0.0,0.6666666666666667,0.03545359749739312,0.5,0.0,0.625,1,0,1,0,1,0,0,0,0,0,0,0,11931
0.09259259259259262,0.0043859649122807015,0.0,0.004171011470281543,0.0,0.0,1.0,1,0,1,0,0,0,0,1,0,0,0,0,10244
0.1296296296296296,0.0,0.6666666666666667,0.02502606882168926,0.0,0.0,0.625,1,0,0,1,1,0,0,0,0,0,0,0,6897
0.055555555555555525,0.0021929824561403508,0.3333333333333333,0.013555787278415015,0.0,0.42857142857142855,0.625,0,0,0,1,1,0,0,0,1,0,1,0,9729
0.018518518518518545,0.0021929824561403508,0.3333333333333333,0.023983315954118876,0.0,0.0,0.625,0,0,1,0,1,0,0,0,0,0,0,0,8667
0.24074074074074076,0.008771929824561403,0.0,0.0020855057351407717,0.0,0.8571428571428571,0.5,0,1,0,0,0,0,0,0,0,0,1,0,13972
0.5925925925925926,0.0043859649122807015,0.0,0.008342022940563087,0.5,0.42857142857142855,0.625,0,1,0,0,0,0,0,0,0,0,0,1,22768
0.037037037037037035,0.0,0.0,0.0072992700729927005,0.0,0.0,1.0,1,1,0,0,1,0,0,0,0,0,1,0,9838
0.037037037037037035,0.0,1.0,0.10010427528675704,0.5,0.0,0.5,1,0,1,0,1,0,0,0,0,0,1,0,11472
0.537037037037037,0.006578947368421052,0.0,0.0020855057351407717,0.5,0.42857142857142855,0.25,0,0,0,1,0,0,1,0,0,0,0,1,21807
0.2962962962962962,0.0021929824561403508,0.0,0.008342022940563087,0.0,0.7857142857142857,1.0,1,0,0,1,1,0,1,0,0,1,1,0,20646
0.4259259259259259,0.0043859649122807015,0.6666666666666667,0.02606882168925965,0.5,0.35714285714285715,0.625,1,0,0,0,0,0,0,1,0,1,1,0,21800
0.5555555555555556,0.0,0.0,0.0,0.5,0.42857142857142855,0.25,0,0,1,0,1,0,0,0,0,0,1,0,19543
0.055555555555555525,0.0021929824561403508,0.3333333333333333,0.014598540145985403,0.0,0.0,0.25,1,1,0,0,1,0,0,0,0,0,1,0,5673
0.22222222222222227,0.008771929824561403,0.3333333333333333,0.009384775808133473,0.5,0.0,0.25,1,0,1,0,0,0,1,0,1,0,1,0,18336
0.7037037037037037,0.0,1.0,0.05526590198123045,1.0,0.35714285714285715,1.0,0,1,0,0,1,1,0,0,0,0,0,1,36885
0.6296296296296295,0.008771929824561403,0.0,0.0031282586027111575,0.0,0.0,0.125,0,0,1,0,0,0,0,0,0,1,1,0,12342
0.6666666666666667,0.006578947368421052,0.3333333333333333,0.02294056308654849,0.0,0.42857142857142855,0.125,0,1,0,0,0,0,0,0,0,0,0,0,11219
0.018518518518518545,0.0021929824561403508,0.3333333333333333,0.019812304483837334,0.0,0.0,0.5,0,0,1,0,1,0,0,1,0,0,0,0,8035
0.5185185185185186,0.0,0.6666666666666667,0.03336809176225235,1.0,0.42857142857142855,0.125,0,0,0,1,1,0,1,0,0,0,0,0,29935
0.6851851851851851,0.008771929824561403,0.6666666666666667,0.03858185610010428,1.0,0.35714285714285715,0.0,1,0,1,0,0,1,0,0,0,1,1,0,33598
0.574074074074074,0.0043859649122807015,0.6666666666666667,0.030239833159541193,0.0,0.35714285714285715,0.5,0,0,0,0,0,0,0,0,0,0,0,1,14281
0.18518518518518517,0.008771929824561403,0.3333333333333333,0.011470281543274244,0.5,0.42857142857142855,0.25,0,0,0,0,0,1,0,0,0,1,0,1,25219
0.4074074074074074,0.0021929824561403508,0.3333333333333333,0.018769551616266946,0.5,0.0,0.5,0,0,1,0,1,0,1,0,0,0,1,0,19280
0.018518518518518545,0.0,0.6666666666666667,0.03232533889468196,0.5,0.0,0.625,0,0,1,0,1,0,0,1,0,0,1,0,11034
0.22222222222222227,0.0043859649122807015,0.6666666666666667,0.03545359749739312,1.0,0.35714285714285715,0.25,1,0,0,0,0,0,0,0,0,1,0,0,27070
0.9074074074074074,0.0021929824561403508,0.6666666666666667,0.030239833159541193,0.5,0.35714285714285715,0.625,0,0,0,1,0,0,1,0,0,0,0,1,27295
0.055555555555555525,0.0021929824561403508,0.0,0.006256517205422314,0.0,0.0,0.625,1,0,1,0,1,0,0,1,0,1,0,0,10479
0.1111111111111111,0.0,0.3333333333333333,0.021897810218978103,0.0,0.42857142857142855,0.25,0,0,1,0,1,0,0,1,0,0,1,0,9179
0.537037037037037,0.0,0.6666666666666667,0.04066736183524505,1.0,0.5714285714285714,0.625,1,0,0,1,1,0,0,0,0,0,0,1,33834
0.1111111111111111,0.0021929824561403508,0.3333333333333333,0.01772679874869656,0.5,0.0,0.5,0,0,0,0,1,0,0,0,0,0,0,0,9741
0.7777777777777779,0.006578947368421052,0.0,0.0,0.5,0.42857142857142855,0.625,0,0,0,1,0,0,0,1,0,0,0,1,22745
0.7777777777777779,0.0043859649122807015,0.6666666666666667,0.03649635036496351,1.0,0.42857142857142855,0.25,1,0,1,0,0,0,0,0,0,0,0,1,29326
0.4259259259259259,0.008771929824561403,1.0,0.045881126173096975,1.0,0.35714285714285715,0.25,0,0,1,0,0,1,0,0,0,1,1,0,31439
0.22222222222222227,0.006578947368421052,0.0,0.008342022940563087,0.5,0.35714285714285715,0.625,0,0,0,1,0,0,0,0,0,0,0,1,18121
0.8333333333333333,0.0021929824561403508,0.6666666666666667,0.03336809176225235,0.5,0.35714285714285715,0.25,0,0,1,0,0,0,0,0,0,0,0,1,24046
0.20370370370370366,0.0,0.3333333333333333,0.01251303441084463,0.5,0.42857142857142855,0.125,1,1,0,0,1,0,1,0,0,0,1,0,18325
0.16666666666666669,0.006578947368421052,1.0,0.06256517205422316,1.0,1.0,0.625,1,0,0,1,0,0,0,1,0,1,0,1,33101
0.22222222222222227,0.0,0.0,0.008342022940563087,0.0,0.42857142857142855,0.625,1,0,0,1,1,0,0,0,0,1,0,0,15612
0.7407407407407407,0.0,0.6666666666666667,0.027111574556830033,0.5,0.8571428571428571,0.25,1,0,0,0,1,1,0,0,0,0,0,0,27319
0.6481481481481481,0.008771929824561403,0.0,0.008342022940563087,0.5,0.42857142857142855,0.25,0,0,1,0,0,0,1,0,0,0,0,1,21864
0.6851851851851851,0.0,0.3333333333333333,0.010427528675703858,1.0,0.42857142857142855,0.625,1,0,0,1,1,0,0,0,1,0,0,1,31457
0.0,0.0,0.0,0.004171011470281543,0.0,0.0,0.5,1,1,0,0,1,0,0,0,0,1,0,0,10866
0.7037037037037037,0.008771929824561403,0.0,0.0020855057351407717,0.5,0.42857142857142855,0.0,0,1,0,0,0,1,0,0,0,0,1,0,22492
0.6111111111111112,0.010964912280701754,0.6666666666666667,0.030239833159541193,1.0,0.42857142857142855,0.25,0,1,0,0,0,1,0,0,0,0,1,0,31388
0.4074074074074074,0.0,0.0,0.0,0.0,1.0,0.625,0,0,0,1,1,0,1,0,0,0,1,0,18965
0.7037037037037037,0.0043859649122807015,0.0,0.004171011470281543,0.5,0.42857142857142855,0.625,0,0,0,1,0,1,0,0,0,0,1,0,26374
0.5925925925925926,0.008771929824561403,0.3333333333333333,0.021897810218978103,1.0,0.42857142857142855,0.0,0,0,0,1,0,0,0,0,0,0,0,1,27909
0.7592592592592593,0.008771929824561403,0.6666666666666667,0.028154327424400417,0.5,0.35714285714285715,0.625,1,0,1,0,0,0,0,0,0,1,0,1,24894
0.49999999999999994,0.0021929824561403508,1.0,0.06047966631908238,1.0,0.0,0.5,1,0,1,0,1,1,0,0,0,0,0,1,27636
0.49999999999999994,0.006578947368421052,0.6666666666666667,0.029197080291970805,0.5,0.0,0.625,0,1,0,0,0,0,0,0,1,0,0,0,18098
0.0,0.0,0.3333333333333333,0.01772679874869656,0.0,0.0,0.625,1,0,1,0,1,0,1,0,0,0,0,0,8857
0.1111111111111111,0.0021929824561403508,0.0,0.004171011470281543,0.0,0.0,1.0,0,0,0,1,1,0,0,1,1,0,0,0,10722
0.1111111111111111,0.0,0.6666666666666667,0.02606882168925965,0.0,0.0,0.5,0,0,0,1,1,0,0,1,0,0,0,1,7030
0.6296296296296295,0.0043859649122807015,0.0,0.0010427528675703858,0.5,0.0,0.25,0,0,1,0,0,1,0,0,0,0,0,1,22670
0.5925925925925926,0.008771929824561403,0.3333333333333333,0.016684045881126174,1.0,0.42857142857142855,0.125,0,0,1,0,0,0,0,0,1,0,1,0,29026
0.3703703703703704,0.0043859649122807015,0.3333333333333333,0.01772679874869656,0.5,0.35714285714285715,0.25,1,0,1,0,1,0,0,0,0,0,0,0,17972
0.09259259259259262,0.0,0.0,0.0031282586027111575,0.5,0.0,0.125,1,0,0,1,1,0,0,0,0,1,0,0,12423
0.4074074074074074,0.010964912280701754,1.0,0.08550573514077164,1.0,0.42857142857142855,1.0,0,0,0,1,0,0,0,1,0,0,0,0,28771
0.4259259259259259,0.006578947368421052,0.3333333333333333,0.02294056308654849,0.5,1.0,0.25,0,0,0,0,0,0,1,0,0,1,0,0,25792
0.5925925925925926,0.0,0.6666666666666667,0.04066736183524505,0.0,0.0,0.125,0,0,0,0,1,1,0,0,1,0,1,0,13887
0.6296296296296295,0.006578947368421052,0.0,0.0020855057351407717,0.5,0.35714285714285715,0.625,1,0,0,1,0,1,0,0,1,0,1,0,28076
0.3333333333333333,0.0021929824561403508,1.0,0.10114702815432743,1.0,0.8571428571428571,0.625,0,0,0,0,1,1,0,0,1,0,0,0,31849
0.18518518518518517,0.008771929824561403,1.0,0.06360792492179354,1.0,0.35714285714285715,0.25,0,0,1,0,0,1,0,0,1,0,0,1,29707
0.6666666666666667,0.006578947368421052,1.0,0.09697601668404589,1.0,0.7857142857142857,0.625,0,0,0,0,0,1,0,0,0,0,1,0,36945
0.3148148148148148,0.006578947368421052,0.6666666666666667,0.03753910323253389,0.5,0.42857142857142855,0.25,1,0,0,1,0,0,1,0,0,0,1,0,19670
0.5555555555555556,0.010964912280701754,0.3333333333333333,0.013555787278415015,1.0,0.42857142857142855,0.25,1,0,1,0,0,0,1,0,1,0,0,1,31093
0.6851851851851851,0.006578947368421052,0.0,0.0072992700729927005,0.5,0.35714285714285715,0.125,0,1,0,0,0,0,0,0,0,0,0,1,19596
0.1296296296296296,0.0,0.6666666666666667,0.04066736183524505,0.5,0.0,0.625,1,0,1,0,1,0,0,0,0,0,0,1,10736
0.14814814814814814,0.0043859649122807015,0.0,0.0031282586027111575,0.0,0.42857142857142855,0.5,0,0,1,0,0,0,0,0,0,0,1,0,12016
0.7222222222222223,0.0043859649122807015,0.0,0.0,0.5,0.42857142857142855,0.125,0,0,1,0,0,0,1,0,1,0,0,1,21795
0.24074074074074076,0.006578947368421052,0.0,0.004171011470281543,0.5,0.42857142857142855,0.5,0,0,1,0,0,0,0,0,0,0,1,0,18961
0.0,0.006578947368421052,0.3333333333333333,0.018769551616266946,0.0,0.42857142857142855,0.5,1,1,0,0,0,0,0,0,0,0,0,1,8587
0.14814814814814814,0.006578947368421052,0.6666666666666667,0.03545359749739312,0.5,0.0,0.625,0,0,0,1,0,1,0,0,0,0,0,0,21994
0.44444444444444436,0.006578947368421052,0.0,0.0072992700729927005,0.5,0.0,0.625,0,0,1,0,0,0,1,0,1,0,0,1,20278
0.537037037037037,0.006578947368421052,0.3333333333333333,0.01772679874869656,1.0,0.35714285714285715,0.125,1,1,0,0,0,0,0,0,0,1,1,0,31537
0.4259259259259259,0.010964912280701754,0.3333333333333333,0.014598540145985403,0.5,0.42857142857142855,0.5,1,1,0,0,0,0,0,0,0,1,1,0,21585
0.3333333333333333,0.008771929824561403,0.0,0.006256517205422314,0.0,0.35714285714285715,1.0,0,0,0,1,0,0,0,1,1,0,0,1,15670
0.1296296296296296,0.0,0.3333333333333333,0.016684045881126174,0.0,0.0,0.625,0,0,1,0,1,0,0,0,0,1,0,0,9672
0.8333333333333333,0.0021929824561403508,0.3333333333333333,0.013555787278415015,1.0,0.42857142857142855,0.625,0,1,0,0,0,1,0,0,0,0,0,1,40883
0.27777777777777773,0.0,0.0,0.0,0.0,0.42857142857142855,0.625,0,0,0,1,1,1,0,0,0,0,1,0,16020
0.6666666666666667,0.008771929824561403,0.0,0.0072992700729927005,0.5,0.42857142857142855,0.125,1,0,0,1,0,0,1,0,0,1,0,0,25312
0.018518518518518545,0.0,0.6666666666666667,0.027111574556830033,0.0,0.0,1.0,0,1,0,0,1,0,0,0,0,0,0,0,9361
0.14814814814814814,0.006578947368421052,0.0,0.0031282586027111575,0.5,1.0,0.25,0,1,0,0,0,0,0,0,1,0,1,0,21537
0.6481481481481481,0.008771929824561403,0.3333333333333333,0.021897810218978103,1.0,0.42857142857142855,0.5,1,0,1,0,0,0,0,0,0,1,1,0,32797
0.16666666666666669,0.0021929824561403508,0.0,0.0031282586027111575,0.5,0.35714285714285715,0.625,0,0,1,0,1,0,0,0,0,1,1,0,21405
0.44444444444444436,0.010964912280701754,0.0,0.0020855057351407717,0.0,0.42857142857142855,0.625,0,0,0,1,0,1,0,0,0,0,1,0,16100
0.7592592592592593,0.006578947368421052,0.6666666666666667,0.04066736183524505,1.0,0.7857142857142857,0.25,0,0,0,1,0,1,0,0,0,0,0,1,34970
0.018518518518518545,0.0021929824561403508,0.3333333333333333,0.016684045881126174,0.0,1.0,0.25,1,1,0,0,1,0,0,0,1,0,1,0,12626
0.1111111111111111,0.0,0.3333333333333333,0.016684045881126174,0.0,0.0,0.5,0,1,0,0,1,0,1,0,0,0,0,0,9775
0.0,0.0,0.0,0.004171011470281543,0.0,1.0,0.125,1,1,0,0,1,0,0,0,0,0,0,0,10772
0.16666666666666669,0.0,0.3333333333333333,0.01772679874869656,0.5,0.0,0.625,1,1,0,0,1,0,1,0,0,1,1,0,22474
0.46296296296296297,0.0,0.0,0.0020855057351407717,1.0,0.0,0.25,0,0,0,1,1,1,0,0,0,0,1,0,24864
0.1111111111111111,0.0021929824561403508,0.3333333333333333,0.023983315954118876,0.5,0.0,0.25,1,0,1,0,1,1,0,0,0,0,1,0,12320
0.27777777777777773,0.008771929824561403,0.3333333333333333,0.01772679874869656,0.5,0.42857142857142855,0.25,1,0,0,0,0,1,0,0,0,1,1,0,24333
0.7037037037037037,0.0043859649122807015,0.6666666666666667,0.03649635036496351,1.0,0.42857142857142855,0.5,0,1,0,0,1,1,0,0,0,0,0,1,33481
0.27777777777777773,0.0043859649122807015,0.3333333333333333,0.011470281543274244,0.0,0.35714285714285715,0.25,0,0,0,0,0,0,0,0,0,0,1,0,10247
0.7037037037037037,0.006578947368421052,0.0,0.0,0.5,0.42857142857142855,0.25,1,0,0,1,0,1,0,0,0,0,1,0,24990
0.7592592592592593,0.0,0.0,0.0020855057351407717,0.0,0.0,0.5,0,1,0,0,1,1,0,0,1,0,0,1,16519
0.6111111111111112,0.0,0.0,0.008342022940563087,0.5,1.0,0.25,0,0,0,1,1,0,0,1,0,0,1,0,24128
0.49999999999999994,0.0,0.0,0.0031282586027111575,0.0,1.0,1.0,0,0,0,1,1,0,0,0,0,0,0,0,17900
0.2962962962962962,0.0043859649122807015,0.0,0.0072992700729927005,0.5,0.42857142857142855,0.625,0,0,0,0,1,0,1,0,0,1,0,1,25068
0.46296296296296297,0.008771929824561403,0.3333333333333333,0.011470281543274244,0.5,0.35714285714285715,0.25,0,1,0,0,0,0,0,0,0,0,0,0,16805
0.4259259259259259,0.0,0.3333333333333333,0.014598540145985403,0.5,0.35714285714285715,1.0,1,0,0,1,1,0,1,0,0,1,0,1,25399
0.1296296296296296,0.0,0.3333333333333333,0.014598540145985403,0.5,0.0,0.625,0,0,0,1,1,0,0,0,0,0,0,0,11262
0.1111111111111111,0.0,0.3333333333333333,0.011470281543274244,0.0,0.0,0.625,0,0,1,0,1,0,1,0,0,0,1,0,8597
0.1111111111111111,0.0,1.0,0.059436913451511995,0.5,0.0,1.0,0,0,0,1,1,0,0,1,0,0,1,0,14305
0.7407407407407407,0.0,0.0,0.008342022940563087,0.5,0.42857142857142855,0.625,0,0,0,1,1,1,0,0,0,0,0,0,26952
0.7407407407407407,0.010964912280701754,1.0,0.04275286757038582,1.0,0.5714285714285714,0.25,1,0,1,0,0,0,0,0,0,1,0,1,34908
0.3333333333333333,0.006578947368421052,0.6666666666666667,0.03232533889468196,1.0,0.42857142857142855,0.25,0,0,0,0,0,0,0,0,0,0,0,1,24113
0.18518518518518517,0.008771929824561403,0.0,0.0010427528675703858,0.0,0.42857142857142855,0.125,1,0,0,1,0,0,0,0,0,1,1,0,13756
0.8518518518518519,0.0021929824561403508,0.3333333333333333,0.009384775808133473,1.0,0.42857142857142855,0.0,0,0,0,0,0,0,0,1,0,0,0,1,34255
0.0,0.0021929824561403508,0.3333333333333333,0.009384775808133473,0.0,0.0,0.5,1,0,1,0,1,0,0,0,0,0,1,0,7091
0.6666666666666667,0.006578947368421052,0.0,0.004171011470281543,0.5,0.42857142857142855,0.625,1,0,1,0,0,0,1,0,0,1,0,0,26700
0.0,0.0,0.0,0.0,0.0,0.0,0.25,0,1,0,0,1,0,0,1,0,1,0,0,9085
0.055555555555555525,0.0,0.0,0.008342022940563087,0.0,0.0,0.125,1,1,0,0,1,0,0,0,1,0,1,0,6834
0.5185185185185186,0.006578947368421052,0.0,0.008342022940563087,0.5,0.42857142857142855,0.25,0,1,0,0,0,1,0,0,0,0,0,0,24467
0.7777777777777779,0.008771929824561403,0.3333333333333333,0.01772679874869656,1.0,0.5714285714285714,0.25,1,0,1,0,0,0,1,0,0,0,0,1,34205
0.7592592592592593,0.0,0.0,0.0,0.0,0.5714285714285714,0.125,0,0,0,1,1,0,0,0,0,0,0,1,16360
0.1111111111111111,0.0,0.0,0.0020855057351407717,0.0,0.0,0.125,0,0,0,1,1,0,0,0,0,0,0,0,5702
0.24074074074074076,0.0043859649122807015,0.3333333333333333,0.01564129301355579,0.5,0.8571428571428571,0.125,0,0,1,0,0,0,0,0,1,0,1,0,20148
0.0,0.0,0.6666666666666667,0.029197080291970805,0.0,0.0,0.625,0,0,0,1,1,0,0,0,1,0,1,0,9091
0.055555555555555525,0.0021929824561403508,0.3333333333333333,0.018769551616266946,0.0,0.0,0.5,0,0,0,1,1,0,0,0,0,0,0,1,5931
0.037037037037037035,0.0,0.0,0.0072992700729927005,0.0,0.42857142857142855,0.125,1,0,1,0,1,0,0,0,1,0,0,0,9085
0.44444444444444436,0.0,1.0,0.05526590198123045,1.0,0.42857142857142855,0.625,0,0,0,1,1,1,0,0,0,0,0,0,29546
0.48148148148148145,0.006578947368421052,0.0,0.004171011470281543,0.0,0.42857142857142855,0.25,0,1,0,0,0,0,0,0,0,0,1,0,11654
0.14814814814814814,0.006578947368421052,0.6666666666666667,0.03128258602711158,0.5,0.35714285714285715,0.25,0,0,0,1,0,0,1,0,0,1,0,1,21301
0.037037037037037035,0.0021929824561403508,0.3333333333333333,0.014598540145985403,0.0,0.0,0.125,1,0,0,1,1,0,0,1,0,1,0,0,9632
0.1296296296296296,0.0,0.6666666666666667,0.03336809176225235,0.0,0.0,0.0,0,0,1,0,1,0,0,0,0,0,1,0,4350
0.1296296296296296,0.0021929824561403508,0.6666666666666667,0.03128258602711158,0.0,0.7857142857142857,0.25,1,1,0,0,1,0,0,0,0,1,0,0,11898
0.5185185185185186,0.0043859649122807015,0.0,0.00521376433785193,0.5,0.8571428571428571,0.625,0,0,1,0,0,0,1,0,0,0,1,0,26513
0.8703703703703705,0.0021929824561403508,0.6666666666666667,0.04066736183524505,1.0,0.42857142857142855,0.25,1,0,0,0,0,0,0,0,0,0,0,1,34487
0.09259259259259262,0.0021929824561403508,0.0,0.008342022940563087,0.5,0.0,0.25,0,0,1,0,1,0,0,0,0,0,1,0,9035
0.5925925925925926,0.0043859649122807015,0.3333333333333333,0.018769551616266946,1.0,0.8571428571428571,0.25,0,1,0,0,1,0,0,0,0,0,1,0,31229
0.7407407407407407,0.008771929824561403,0.0,0.0031282586027111575,0.5,0.42857142857142855,0.625,1,1,0,0,0,0,1,0,0,0,1,0,23649
0.962962962962963,0.0021929824561403508,0.0,0.004171011470281543,0.5,0.42857142857142855,0.125,0,1,0,0,0,0,0,0,0,0,0,1,23094
0.6851851851851851,0.0043859649122807015,0.0,0.004171011470281543,0.5,0.0,0.625,0,0,1,0,1,0,0,0,0,0,0,1,19276
0.2962962962962962,0.008771929824561403,0.0,0.006256517205422314,0.0,0.42857142857142855,0.625,0,0,1,0,0,0,0,0,0,0,1,0,12351
0.3703703703703704,0.0,0.6666666666666667,0.03336809176225235,0.5,0.42857142857142855,0.125,0,0,1,0,1,1,0,0,1,0,1,0,21155
0.537037037037037,0.006578947368421052,0.0,0.0,0.5,0.0,0.25,0,0,0,0,0,0,0,1,0,0,1,0,19086
0.3888888888888889,0.0,0.3333333333333333,0.02085505735140772,0.5,0.0,0.25,0,0,1,0,1,1,0,0,0,0,0,1,19722
0.48148148148148145,0.006578947368421052,1.0,0.07820646506777894,1.0,0.42857142857142855,0.125,0,1,0,0,0,0,0,1,1,0,1,0,24218
0.07407407407407407,0.0043859649122807015,1.0,0.04275286757038582,1.0,0.0,0.25,0,0,0,0,1,1,0,0,0,0,0,0,16809
0.18518518518518517,0.006578947368421052,0.0,0.004171011470281543,0.0,0.0,0.625,1,1,0,0,0,0,1,0,0,1,1,0,14932
0.20370370370370366,0.008771929824561403,0.3333333333333333,0.01772679874869656,0.5,0.0,0.5,1,0,0,1,0,0,1,0,0,1,0,0,21786
0.14814814814814814,0.0043859649122807015,0.3333333333333333,0.02085505735140772,0.5,0.7857142857142857,1.0,1,0,1,0,0,1,0,0,0,1,0,1,29757
0.018518518518518545,0.0,0.0,0.0072992700729927005,0.0,0.42857142857142855,0.625,0,0,1,0,1,0,0,1,0,0,0,0,10334
0.537037037037037,0.0,0.3333333333333333,0.02085505735140772,1.0,0.42857142857142855,0.5,0,0,0,1,1,1,0,0,0,0,0,1,32899
0.49999999999999994,0.006578947368421052,0.6666666666666667,0.027111574556830033,0.5,0.42857142857142855,1.0,0,0,1,0,0,0,0,0,1,0,0,1,21181
0.3148148148148148,0.0,1.0,0.10114702815432743,1.0,0.42857142857142855,0.0,1,0,1,0,1,0,1,0,0,1,0,0,26916
0.18518518518518517,0.006578947368421052,0.0,0.0031282586027111575,0.0,0.42857142857142855,0.5,0,0,0,1,0,1,0,0,1,0,1,0,16452
0.7407407407407407,0.0043859649122807015,0.6666666666666667,0.027111574556830033,1.0,0.5714285714285714,0.625,0,0,0,1,0,0,0,1,0,0,0,1,34944
0.6296296296296295,0.0,0.6666666666666667,0.03962460896767466,1.0,0.42857142857142855,1.0,0,0,0,0,1,1,0,0,0,1,0,1,39705
0.6481481481481481,0.008771929824561403,0.3333333333333333,0.01772679874869656,0.5,0.35714285714285715,0.125,0,1,0,0,0,0,0,0,0,0,1,0,19339
0.14814814814814814,0.0,0.0,0.0031282586027111575,0.0,0.42857142857142855,0.125,1,1,0,0,1,0,0,0,0,1,1,0,12454
0.6481481481481481,0.0021929824561403508,0.6666666666666667,0.03128258602711158,1.0,0.35714285714285715,0.125,0,1,0,0,1,0,0,0,0,0,0,1,28532
0.1111111111111111,0.0021929824561403508,0.0,0.0010427528675703858,1.0,0.0,0.25,0,0,0,1,1,0,0,1,0,0,1,0,13759
0.5555555555555556,0.0043859649122807015,0.6666666666666667,0.03545359749739312,1.0,0.42857142857142855,0.125,1,1,0,0,0,0,0,0,0,1,1,0,31473
0.14814814814814814,0.006578947368421052,0.0,0.0072992700729927005,0.0,0.5714285714285714,0.625,1,0,1,0,0,1,0,0,0,1,0,0,22657
0.07407407407407407,0.0043859649122807015,0.0,0.0072992700729927005,0.0,0.0,0.625,0,0,0,0,1,0,0,1,0,0,1,0,7526
0.20370370370370366,0.0043859649122807015,0.0,0.0,0.0,0.0,0.5,0,1,0,0,1,0,0,0,0,0,0,1,9755
0.5555555555555556,0.008771929824561403,0.0,0.00521376433785193,0.0,0.42857142857142855,0.125,0,0,1,0,0,0,1,0,0,0,1,0,14220
0.48148148148148145,0.0043859649122807015,0.3333333333333333,0.013555787278415015,0.5,0.5714285714285714,1.0,1,0,0,1,0,0,0,1,0,0,1,0,25343
0.44444444444444436,0.0021929824561403508,1.0,0.07716371220020855,1.0,1.0,0.625,0,0,0,0,1,0,0,1,1,0,0,0,30666
0.20370370370370366,0.0043859649122807015,0.6666666666666667,0.029197080291970805,0.5,0.42857142857142855,0.625,1,0,0,1,0,1,0,0,0,0,0,0,23158
0.09259259259259262,0.0,0.0,0.0020855057351407717,0.0,0.0,0.125,0,0,1,0,1,1,0,0,0,0,1,0,8785
0.49999999999999994,0.0043859649122807015,0.6666666666666667,0.027111574556830033,0.0,0.0,0.125,0,0,1,0,0,0,0,0,0,0,0,1,8832
0.18518518518518517,0.006578947368421052,0.3333333333333333,0.023983315954118876,0.5,0.42857142857142855,1.0,0,0,0,1,0,0,0,0,0,1,1,0,24218
0.1111111111111111,0.0,0.0,0.008342022940563087,0.0,0.0,0.25,1,0,0,1,1,0,0,1,0,0,1,0,5779
0.3888888888888889,0.008771929824561403,0.3333333333333333,0.018769551616266946,0.5,0.42857142857142855,0.5,1,1,0,0,0,1,0,0,0,0,1,0,22356
0.48148148148148145,0.006578947368421052,0.0,0.008342022940563087,0.5,0.42857142857142855,1.0,0,1,0,0,0,0,0,0,1,0,1,0,22130
0.055555555555555525,0.0,0.6666666666666667,0.02606882168925965,0.0,0.0,0.0,0,0,1,0,1,0,0,0,0,0,0,1,5229
0.8703703703703705,0.0021929824561403508,0.0,0.004171011470281543,0.5,0.35714285714285715,0.625,0,0,1,0,0,0,0,1,0,0,0,1,25765
0.055555555555555525,0.0,0.3333333333333333,0.01564129301355579,0.5,0.0,0.625,0,0,0,1,1,0,1,0,0,1,0,0,15336
0.8703703703703705,0.0,0.6666666666666667,0.029197080291970805,0.5,0.42857142857142855,0.125,0,0,0,0,1,0,1,0,0,0,0,1,25775
0.7592592592592593,0.006578947368421052,0.0,0.008342022940563087,0.5,0.42857142857142855,0.125,0,0,1,0,0,0,0,0,0,1,0,1,21814
0.5555555555555556,0.0043859649122807015,1.0,0.049009384775808136,1.0,0.0,0.125,1,0,0,1,0,0,1,0,0,0,0,1,28016
0.5555555555555556,0.0043859649122807015,0.0,0.0010427528675703858,0.5,0.42857142857142855,0.25,0,0,1,0,0,0,0,0,0,0,0,0,20997
0.5555555555555556,0.006578947368421052,0.3333333333333333,0.021897810218978103,1.0,0.5714285714285714,0.25,0,0,0,1,0,0,0,0,0,1,1,0,34533
0.46296296296296297,0.0,0.3333333333333333,0.023983315954118876,0.5,0.0,0.0,0,0,0,1,1,0,1,0,0,1,0,1,18334
0.07407407407407407,0.0021929824561403508,0.0,0.0072992700729927005,0.5,0.0,0.25,0,1,0,0,1,0,0,0,0,0,0,0,9288
0.6666666666666667,0.006578947368421052,0.0,0.0072992700729927005,0.5,0.42857142857142855,0.0,0,0,1,0,0,0,1,0,0,0,0,1,21617
0.3518518518518518,0.0043859649122807015,0.0,0.00521376433785193,0.0,0.5714285714285714,0.625,0,0,1,0,0,0,0,1,0,0,1,0,17177
0.49999999999999994,0.0043859649122807015,0.0,0.0031282586027111575,0.0,0.42857142857142855,0.625,0,0,0,1,0,1,0,0,0,0,0,0,16704
0.037037037037037035,0.0,0.3333333333333333,0.016684045881126174,0.0,0.8571428571428571,1.0,0,1,0,0,1,0,0,0,0,0,0,0,14090
0.09259259259259262,0.0,0.3333333333333333,0.01772679874869656,0.0,0.0,0.625,0,0,1,0,1,0,0,1,0,0,0,0,8870
0.3518518518518518,0.006578947368421052,0.6666666666666667,0.03649635036496351,0.5,0.42857142857142855,0.625,1,0,1,0,0,0,0,1,0,1,1,0,22537
0.6666666666666667,0.010964912280701754,0.0,0.008342022940563087,0.5,0.0,0.25,0,0,1,0,0,1,0,0,0,0,0,0,21916
0.49999999999999994,0.0043859649122807015,0.0,0.0031282586027111575,1.0,0.7857142857142857,0.25,1,0,0,1,1,1,0,0,0,1,1,0,33106
0.1296296296296296,0.0,0.3333333333333333,0.021897810218978103,1.0,0.0,0.625,1,0,0,1,1,0,0,0,0,0,1,0,14897
0.09259259259259262,0.0043859649122807015,0.6666666666666667,0.027111574556830033,0.5,0.42857142857142855,0.5,1,0,1,0,0,0,0,1,0,0,0,0,13520
0.0,0.0,0.6666666666666667,0.03858185610010428,0.5,0.0,0.25,1,0,0,1,1,0,0,0,0,0,0,0,8797
0.7037037037037037,0.010964912280701754,0.0,0.0010427528675703858,0.0,0.42857142857142855,0.25,1,1,0,0,0,1,0,0,0,1,0,1,18809
0.6851851851851851,0.006578947368421052,0.3333333333333333,0.023983315954118876,1.0,0.0,0.125,0,0,1,0,0,0,0,0,0,0,0,1,26603
0.5555555555555556,0.0043859649122807015,0.0,0.0031282586027111575,0.5,0.42857142857142855,0.625,1,0,0,0,0,0,1,0,0,0,1,0,24245
0.7777777777777779,0.008771929824561403,0.6666666666666667,0.03336809176225235,1.0,0.42857142857142855,0.5,0,0,1,0,0,0,0,0,0,0,0,1,30233
0.018518518518518545,0.0,0.3333333333333333,0.021897810218978103,0.0,0.0,0.625,0,0,1,0,1,0,0,0,1,0,0,0,8345
0.7592592592592593,0.0043859649122807015,0.3333333333333333,0.013555787278415015,0.0,0.0,0.25,1,0,0,1,0,0,0,0,1,0,1,0,11784
0.3333333333333333,0.0043859649122807015,0.6666666666666667,0.03649635036496351,0.5,0.42857142857142855,0.125,0,0,0,1,1,0,0,0,0,0,1,0,16301
0.20370370370370366,0.006578947368421052,0.6666666666666667,0.028154327424400417,0.5,0.0,0.25,0,0,0,0,0,0,0,0,0,0,1,0,14735
0.14814814814814814,0.0,0.0,0.00521376433785193,0.0,0.0,0.5,0,0,0,1,1,0,0,0,0,0,0,1,10807
0.07407407407407407,0.0021929824561403508,0.0,0.0,0.0,0.0,0.125,0,0,0,1,1,0,0,0,0,0,1,0,5507
0.4074074074074074,0.010964912280701754,0.0,0.0031282586027111575,0.0,0.35714285714285715,0.125,0,0,1,0,0,0,1,0,0,0,0,1,13096
0.4259259259259259,0.008771929824561403,0.6666666666666667,0.029197080291970805,0.5,0.0,0.125,0,0,0,0,0,0,0,1,0,0,0,1,14942
0.6481481481481481,0.0043859649122807015,0.0,0.0020855057351407717,0.5,0.42857142857142855,0.125,0,0,0,0,1,1,0,0,0,0,0,0,23526
0.018518518518518545,0.0043859649122807015,0.6666666666666667,0.027111574556830033,0.0,0.0,0.125,1,0,1,0,1,0,0,0,1,0,0,0,6044
0.8333333333333333,0.0021929824561403508,1.0,0.10010427528675704,1.0,0.8571428571428571,0.125,1,1,0,0,0,0,0,1,0,0,0,1,36167
0.44444444444444436,0.006578947368421052,0.3333333333333333,0.01772679874869656,0.5,0.42857142857142855,0.125,0,1,0,0,0,1,0,0,0,0,0,1,19985
0.3703703703703704,0.010964912280701754,0.6666666666666667,0.027111574556830033,0.5,1.0,0.25,0,0,0,1,0,0,1,0,1,0,0,1,23264
0.5185185185185186,0.006578947368421052,0.0,0.0031282586027111575,0.5,0.0,0.125,0,0,0,1,0,0,1,0,0,0,0,1,20299
0.018518518518518545,0.0043859649122807015,1.0,0.05839416058394161,0.5,0.0,0.25,0,0,1,0,1,0,1,0,0,0,0,0,10799
0.20370370370370366,0.0043859649122807015,0.0,0.006256517205422314,0.0,0.42857142857142855,0.25,0,0,0,0,0,0,1,0,0,0,0,1,13172
0.14814814814814814,0.0,0.6666666666666667,0.03858185610010428,1.0,0.0,0.625,0,0,0,1,1,0,0,0,0,1,0,0,27179
0.25925925925925924,0.006578947368421052,0.0,0.0072992700729927005,0.0,0.42857142857142855,0.625,0,0,1,0,0,0,0,0,1,0,1,0,12852
0.24074074074074076,0.008771929824561403,0.3333333333333333,0.01251303441084463,0.5,0.42857142857142855,0.25,1,0,1,0,0,0,0,1,1,0,1,0,18211
0.44444444444444436,0.006578947368421052,0.0,0.00521376433785193,0.0,0.42857142857142855,0.625,0,0,1,0,0,0,0,1,0,0,1,0,13262
0.0,0.0,0.0,0.0020855057351407717,0.0,0.0,0.125,0,1,0,0,1,0,0,0,0,0,0,1,6240
0.07407407407407407,0.0021929824561403508,0.3333333333333333,0.014598540145985403,0.0,0.0,0.25,1,0,1,0,1,0,0,0,1,0,1,0,6026
0.6666666666666667,0.006578947368421052,1.0,0.08654848800834203,1.0,0.35714285714285715,0.125,1,1,0,0,0,0,0,0,0,1,0,1,29905
0.3148148148148148,0.0021929824561403508,0.0,0.0031282586027111575,0.0,0.35714285714285715,0.625,0,1,0,0,1,0,1,0,0,0,1,0,13805
0.6296296296296295,0.0043859649122807015,0.0,0.00521376433785193,0.5,0.0,0.25,0,0,0,1,0,0,0,0,0,0,1,0,18082
0.1296296296296296,0.0,1.0,0.08967674661105318,0.5,0.0,0.125,0,0,0,1,1,0,0,1,0,0,0,0,9719
0.27777777777777773,0.0,0.0,0.0010427528675703858,1.0,0.42857142857142855,0.25,0,0,1,0,1,0,0,0,1,0,0,0,25549
0.6481481481481481,0.0043859649122807015,0.3333333333333333,0.014598540145985403,1.0,0.42857142857142855,0.5,0,0,0,1,0,0,0,0,0,0,0,1,29784
0.1111111111111111,0.0,0.3333333333333333,0.01564129301355579,0.0,0.0,0.125,0,0,0,1,1,0,0,0,0,0,1,0,5790
0.7592592592592593,0.006578947368421052,0.0,0.0031282586027111575,0.5,0.42857142857142855,0.125,0,0,1,0,0,1,0,0,0,1,1,0,27391
0.055555555555555525,0.5043859649122807,0.3333333333333333,0.02085505735140772,0.0,0.0,0.125,0,0,1,0,1,0,0,0,0,0,1,0,5689
0.07407407407407407,0.0,0.0,0.004171011470281543,0.0,0.0,0.625,1,1,0,0,1,0,0,0,0,1,1,0,10936
0.6481481481481481,0.006578947368421052,0.0,0.00521376433785193,0.0,0.35714285714285715,0.125,0,0,1,0,0,0,1,0,0,0,0,1,13046
0.0,0.0,0.0,0.0,0.0,0.0,0.625,0,0,0,1,1,0,0,0,0,0,0,0,7299
0.16666666666666669,0.0,0.0,0.008342022940563087,0.0,0.42857142857142855,0.625,1,0,1,0,1,0,0,0,0,0,0,1,12935
0.3148148148148148,0.0,0.3333333333333333,0.02502606882168926,0.5,0.42857142857142855,0.25,1,0,0,1,1,0,1,0,0,1,0,0,22093
0.7777777777777779,0.010964912280701754,0.6666666666666667,0.03336809176225235,1.0,0.5714285714285714,0.625,1,1,0,0,0,0,0,0,0,0,1,0,34795
0.07407407407407407,0.0,0.0,0.0031282586027111575,0.0,0.8571428571428571,0.25,0,0,1,0,1,0,0,1,0,1,0,0,13888
0.7777777777777779,0.006578947368421052,1.0,0.09176225234619395,1.0,0.42857142857142855,1.0,1,0,1,0,0,0,0,1,0,0,0,1,31821
0.44444444444444436,0.0,1.0,0.06256517205422316,1.0,0.42857142857142855,0.625,1,0,0,1,1,0,1,0,0,1,1,0,30841
0.6851851851851851,0.006578947368421052,0.0,0.006256517205422314,0.5,0.5714285714285714,0.125,0,0,0,0,0,0,0,0,0,0,0,1,24079
0.5185185185185186,0.006578947368421052,0.6666666666666667,0.03858185610010428,1.0,0.35714285714285715,0.125,0,0,1,0,0,0,1,0,0,0,1,0,29581
0.09259259259259262,0.0,0.0,0.0,0.0,0.0,0.25,0,0,0,1,1,0,0,1,0,0,1,0,6739
0.055555555555555525,0.0,1.0,0.08237747653806049,0.5,0.0,0.0,0,0,0,1,1,0,0,0,0,1,0,1,11386
1.0,0.0021929824561403508,1.0,0.049009384775808136,1.0,0.35714285714285715,0.625,1,0,1,0,0,0,0,1,0,0,1,0,37496
0.49999999999999994,0.0,0.3333333333333333,0.011470281543274244,0.5,0.42857142857142855,0.125,1,0,1,0,1,0,1,0,0,1,1,0,22525
0.4074074074074074,0.008771929824561403,0.6666666666666667,0.03128258602711158,1.0,0.42857142857142855,0.25,0,1,0,0,0,0,0,0,1,0,0,1,24717
0.7037037037037037,0.0,0.3333333333333333,0.009384775808133473,1.0,0.0,0.125,0,0,1,0,1,0,1,0,1,0,0,1,28677
0.1111111111111111,0.0,0.6666666666666667,0.03336809176225235,0.0,0.0,0.625,0,0,0,1,1,0,0,0,0,0,0,0,7344
0.1296296296296296,0.0,0.0,0.0072992700729927005,0.0,0.0,1.0,1,1,0,0,1,0,1,0,0,1,0,0,14475
0.49999999999999994,0.0,1.0,0.08759124087591241,1.0,0.42857142857142855,0.25,1,1,0,0,1,0,0,0,0,0,0,0,23833
0.1296296296296296,0.0021929824561403508,0.3333333333333333,0.018769551616266946,0.0,0.42857142857142855,0.25,1,0,1,0,1,0,0,0,0,0,0,1,7768
0.3703703703703704,0.0,0.0,0.0031282586027111575,0.0,0.42857142857142855,0.625,0,0,1,0,1,0,0,1,1,0,0,1,13719
0.0,0.0021929824561403508,0.0,0.0,0.0,0.0,0.625,0,0,1,0,1,0,0,1,0,1,0,0,11298
0.49999999999999994,0.0,0.0,0.00521376433785193,0.0,0.0,0.25,0,0,0,0,1,0,0,1,0,1,0,1,11620
0.18518518518518517,0.006578947368421052,0.0,0.0,1.0,0.35714285714285715,0.125,1,0,0,0,0,0,1,0,0,0,1,0,25262
0.018518518518518545,0.0021929824561403508,0.6666666666666667,0.02502606882168926,0.0,0.0,0.25,0,0,0,1,1,0,0,0,0,0,0,0,4932
0.46296296296296297,0.006578947368421052,0.0,0.0072992700729927005,0.0,0.35714285714285715,0.125,0,0,0,1,0,0,0,0,0,0,1,0,10736
0.18518518518518517,0.010964912280701754,1.0,0.1032325338894682,1.0,0.42857142857142855,0.625,0,0,1,0,0,0,0,1,0,0,1,0,25196
0.09259259259259262,0.0,0.0,0.008342022940563087,0.0,0.0,0.125,0,0,0,0,1,0,0,1,0,0,0,1,4736
0.7592592592592593,0.006578947368421052,1.0,0.10114702815432743,1.0,0.8571428571428571,0.625,1,0,0,0,0,0,1,0,0,1,1,0,36937
0.27777777777777773,0.0043859649122807015,0.0,0.0010427528675703858,1.0,0.5714285714285714,0.25,0,1,0,0,0,1,0,0,1,0,0,1,32076
0.6851851851851851,0.006578947368421052,0.3333333333333333,0.013555787278415015,1.0,0.7857142857142857,0.25,0,0,0,0,0,0,1,0,0,0,1,0,32575
0.5925925925925926,0.006578947368421052,0.3333333333333333,0.014598540145985403,1.0,0.42857142857142855,0.625,0,0,0,1,0,0,0,1,0,0,0,1,29762
0.1296296296296296,0.0,0.0,0.0010427528675703858,0.0,0.42857142857142855,0.125,1,0,0,1,1,1,0,0,0,1,0,0,13123
0.537037037037037,0.0,0.3333333333333333,0.02502606882168926,1.0,0.0,0.625,1,1,0,0,1,0,1,0,0,0,0,1,29382
0.037037037037037035,0.0021929824561403508,0.3333333333333333,0.018769551616266946,0.0,0.0,0.625,0,0,0,1,1,0,0,1,0,0,1,0,7299
0.07407407407407407,0.0,0.0,0.0072992700729927005,0.0,0.0,0.625,0,1,0,0,1,0,0,0,0,1,0,0,11571
0.037037037037037035,0.0021929824561403508,0.3333333333333333,0.021897810218978103,0.0,0.0,0.0,1,0,1,0,1,0,0,0,0,0,1,0,4450
0.18518518518518517,0.0043859649122807015,0.3333333333333333,0.013555787278415015,0.5,0.42857142857142855,0.5,0,1,0,0,0,1,0,0,0,0,0,0,22159
0.3703703703703704,0.0021929824561403508,0.0,0.0020855057351407717,0.5,0.0,0.625,1,0,0,1,1,0,0,0,0,0,0,0,17908
0.1111111111111111,0.006578947368421052,0.0,0.004171011470281543,0.0,0.35714285714285715,0.125,0,0,1,0,0,0,0,1,0,0,0,1,7428
0.2962962962962962,0.0,0.0,0.0,0.0,0.35714285714285715,0.625,0,0,0,1,1,1,0,0,0,0,1,0,17353
0.6111111111111112,0.0,0.0,0.0031282586027111575,1.0,0.42857142857142855,0.5,0,0,1,0,1,0,0,0,0,0,0,1,29836
0.22222222222222227,0.006578947368421052,0.0,0.0072992700729927005,0.0,0.5714285714285714,0.5,0,0,0,1,0,0,0,0,1,0,0,0,16851
0.537037037037037,0.006578947368421052,0.6666666666666667,0.02606882168925965,0.5,0.42857142857142855,0.25,1,0,1,0,0,0,0,0,0,1,0,1,22500
0.9259259259259258,0.0021929824561403508,0.0,0.0010427528675703858,0.0,0.42857142857142855,0.0,0,0,1,0,0,0,0,1,0,1,0,1,17495
0.037037037037037035,0.006578947368421052,0.3333333333333333,0.016684045881126174,0.0,0.0,0.25,1,1,0,0,0,0,0,1,0,0,0,1,6335
0.037037037037037035,0.0,0.3333333333333333,0.02294056308654849,0.0,0.0,0.125,1,0,0,1,1,0,1,0,0,1,1,0,9346
0.20370370370370366,0.008771929824561403,0.6666666666666667,0.03441084462982273,0.5,0.35714285714285715,0.625,0,1,0,0,0,0,0,0,0,0,1,0,19621
0.14814814814814814,0.0043859649122807015,0.3333333333333333,0.02085505735140772,1.0,0.0,0.0,1,0,0,1,0,0,0,0,0,1,0,0,22646
0.18518518518518517,0.0043859649122807015,0.0,0.0031282586027111575,0.0,0.0,0.5,0,0,0,1,0,0,0,0,1,0,0,0,11598
0.3333333333333333,0.0021929824561403508,0.0,0.00521376433785193,0.0,0.0,0.625,1,0,1,0,1,0,1,0,0,0,0,0,13474
0.018518518518518545,0.0,0.6666666666666667,0.03545359749739312,0.5,0.0,0.25,0,0,0,1,1,0,0,1,1,0,1,0,10668
0.6666666666666667,0.0043859649122807015,0.0,0.0,0.5,0.42857142857142855,0.625,0,0,0,1,0,0,0,0,0,0,1,0,21342
0.7592592592592593,0.0,0.6666666666666667,0.03128258602711158,1.0,0.42857142857142855,0.625,1,1,0,0,1,1,0,0,0,1,0,1,36960
0.9074074074074074,0.0043859649122807015,0.6666666666666667,0.02606882168925965,1.0,0.42857142857142855,0.25,1,0,1,0,0,0,0,0,0,0,0,1,33969
0.3888888888888889,0.006578947368421052,0.0,0.006256517205422314,0.0,0.5714285714285714,0.625,0,1,0,0,0,0,0,0,0,0,0,0,17105
0.5925925925925926,0.0043859649122807015,0.0,0.0020855057351407717,0.5,0.42857142857142855,1.0,1,0,0,0,0,0,0,0,0,0,1,0,24621
0.18518518518518517,0.0043859649122807015,0.0,0.0031282586027111575,0.5,0.42857142857142855,0.625,1,0,0,1,0,0,0,1,0,1,1,0,22121
0.7407407407407407,0.006578947368421052,0.6666666666666667,0.030239833159541193,0.5,1.0,0.5,0,0,1,0,0,0,0,0,0,0,0,1,25656
0.5185185185185186,0.0043859649122807015,0.6666666666666667,0.03545359749739312,0.5,0.35714285714285715,0.125,0,1,0,0,0,1,0,0,0,0,0,1,23321
0.16666666666666669,0.006578947368421052,1.0,0.08967674661105318,1.0,0.0,0.125,1,1,0,0,0,1,0,0,0,0,0,1,25924
0.5925925925925926,0.0043859649122807015,0.6666666666666667,0.029197080291970805,1.0,0.42857142857142855,0.25,0,0,0,0,0,0,1,0,0,1,0,1,33694
0.6666666666666667,0.0043859649122807015,0.6666666666666667,0.028154327424400417,1.0,0.35714285714285715,0.25,0,0,1,0,0,0,0,0,0,0,1,0,29264
0.018518518518518545,0.0,0.3333333333333333,0.014598540145985403,0.0,0.0,0.625,1,0,0,0,1,0,0,1,0,1,0,0,10184
0.2962962962962962,0.008771929824561403,0.3333333333333333,0.02085505735140772,0.5,0.0,0.625,0,0,0,1,0,0,1,0,0,0,1,0,18298
0.7037037037037037,0.008771929824561403,0.3333333333333333,0.02502606882168926,1.0,0.8571428571428571,0.25,1,0,1,0,0,0,1,0,1,0,0,1,32684
0.037037037037037035,0.0043859649122807015,0.3333333333333333,0.023983315954118876,0.0,0.35714285714285715,0.25,0,0,1,0,1,0,0,0,0,0,0,0,7358
0.1296296296296296,0.006578947368421052,0.6666666666666667,0.028154327424400417,0.0,0.0,1.0,0,0,1,0,0,0,0,0,0,1,1,0,12891
0.1111111111111111,0.0,0.6666666666666667,0.030239833159541193,0.5,0.0,0.625,1,0,1,0,1,0,0,0,0,0,0,0,12044
0.3703703703703704,0.0,0.3333333333333333,0.01564129301355579,0.5,0.5714285714285714,0.625,0,1,0,0,1,0,1,0,0,0,0,1,25704
0.48148148148148145,0.006578947368421052,0.0,0.004171011470281543,0.0,0.42857142857142855,0.5,0,1,0,0,0,1,0,0,0,0,1,0,16865
0.46296296296296297,0.006578947368421052,0.0,0.0010427528675703858,0.0,0.42857142857142855,0.25,0,1,0,0,0,1,0,0,0,1,1,0,17694
0.018518518518518545,0.006578947368421052,0.6666666666666667,0.029197080291970805,0.5,0.0,0.125,0,0,0,1,0,0,0,0,0,0,0,1,8712
0.018518518518518545,0.0,0.3333333333333333,0.01251303441084463,0.5,0.0,0.125,1,0,0,1,1,0,0,0,0,0,1,0,9461
0.962962962962963,0.0043859649122807015,0.0,0.008342022940563087,0.0,0.8571428571428571,0.625,0,0,0,1,0,0,0,0,0,0,1,0,17328
0.4259259259259259,0.0,0.6666666666666667,0.03336809176225235,1.0,0.7857142857142857,0.25,0,0,1,0,1,0,1,0,0,0,0,0,27802
0.0,0.0,0.6666666666666667,0.03232533889468196,0.0,0.0,0.625,0,0,0,1,1,0,0,1,0,0,0,0,7922
0.1296296296296296,0.0021929824561403508,0.6666666666666667,0.029197080291970805,0.0,0.0,0.125,0,0,1,0,1,0,0,0,0,1,0,0,8775
0.07407407407407407,0.0,0.6666666666666667,0.03128258602711158,0.0,0.0,0.625,1,0,0,1,1,0,0,1,0,0,1,0,7342
0.44444444444444436,0.008771929824561403,0.0,0.0010427528675703858,0.0,0.8571428571428571,0.625,1,1,0,0,0,0,0,0,1,0,1,0,15156
0.3888888888888889,0.006578947368421052,0.0,0.008342022940563087,0.5,0.42857142857142855,0.25,0,0,0,1,0,1,0,0,0,0,0,0,21729
0.2962962962962962,0.008771929824561403,0.3333333333333333,0.018769551616266946,0.5,0.42857142857142855,0.5,0,0,1,0,0,0,1,0,0,1,1,0,23680
0.8888888888888888,0.0021929824561403508,1.0,0.09489051094890512,1.0,0.42857142857142855,0.25,0,1,0,0,0,0,0,0,0,0,0,1,33853
0.48148148148148145,0.008771929824561403,0.3333333333333333,0.02294056308654849,0.5,0.35714285714285715,0.125,0,0,0,0,0,0,0,0,0,0,0,0,17519
0.24074074074074076,0.006578947368421052,0.0,0.00521376433785193,0.0,0.42857142857142855,0.625,1,0,0,1,0,0,1,0,0,1,1,0,17514
0.6296296296296295,0.008771929824561403,0.3333333333333333,0.02294056308654849,1.0,0.42857142857142855,0.125,0,0,1,0,0,1,0,0,0,0,0,1,32083
0.3888888888888889,0.008771929824561403,0.3333333333333333,0.023983315954118876,0.5,0.0,0.625,1,0,1,0,0,0,1,0,0,1,1,0,21594
0.20370370370370366,0.0,0.0,0.0020855057351407717,0.0,0.42857142857142855,0.25,0,0,1,0,1,0,0,1,1,0,0,1,12986
0.3703703703703704,0.008771929824561403,0.6666666666666667,0.03545359749739312,0.5,0.42857142857142855,0.25,0,0,0,0,0,0,1,0,1,0,1,0,19938
0.6851851851851851,0.006578947368421052,0.3333333333333333,0.013555787278415015,1.0,0.35714285714285715,0.625,0,0,0,1,0,0,0,0,1,0,0,1,30965
0.22222222222222227,0.006578947368421052,0.0,0.004171011470281543,0.0,0.0,0.25,0,1,0,0,0,0,0,0,1,0,0,1,10791
0.20370370370370366,0.006578947368421052,1.0,0.05005213764337852,1.0,0.42857142857142855,0.125,1,0,0,1,0,1,0,0,0,0,0,0,28094
0.4259259259259259,0.010964912280701754,1.0,0.06882168925964546,1.0,0.0,0.5,1,0,1,0,0,0,0,0,0,1,1,0,26058
0.7592592592592593,0.008771929824561403,0.6666666666666667,0.04066736183524505,1.0,0.42857142857142855,0.625,1,0,0,0,0,0,0,1,0,1,0,1,32604
0.037037037037037035,0.0,0.3333333333333333,0.018769551616266946,0.5,0.0,0.25,1,0,0,1,1,0,0,0,0,1,1,0,12595
0.537037037037037,0.0,0.0,0.00521376433785193,0.5,0.5714285714285714,0.625,0,0,0,1,1,1,0,0,0,0,0,1,30866
0.22222222222222227,0.0021929824561403508,0.0,0.0010427528675703858,0.0,0.35714285714285715,0.125,1,0,1,0,1,0,0,0,0,1,1,0,13211
0.07407407407407407,0.0,0.3333333333333333,0.021897810218978103,0.0,0.0,0.25,1,0,0,1,1,0,0,0,0,1,0,0,9884
0.1296296296296296,0.0,0.3333333333333333,0.021897810218978103,0.0,0.0,0.0,0,0,1,0,1,0,0,0,0,0,1,0,3654
0.7407407407407407,0.0,0.0,0.0020855057351407717,0.5,0.42857142857142855,0.25,1,0,0,1,1,0,1,0,0,1,1,0,25363
0.6481481481481481,0.0021929824561403508,0.6666666666666667,0.03962460896767466,1.0,0.42857142857142855,0.625,0,0,1,0,1,1,0,0,0,0,0,0,34251
0.09259259259259262,0.0,0.0,0.0,0.5,0.35714285714285715,0.125,0,0,0,1,1,0,0,1,0,0,0,0,10419
0.7407407407407407,0.010964912280701754,0.3333333333333333,0.013555787278415015,0.0,0.8571428571428571,0.625,0,0,1,0,0,0,0,0,0,0,0,1,15357
0.7777777777777779,0.0043859649122807015,1.0,0.09384775808133473,1.0,0.5714285714285714,0.25,0,0,0,1,0,0,0,0,0,0,0,1,32451
0.3703703703703704,0.006578947368421052,0.3333333333333333,0.02294056308654849,0.5,0.35714285714285715,0.625,1,1,0,0,0,0,1,0,0,0,1,0,21630
0.09259259259259262,0.0,1.0,0.1032325338894682,0.5,0.0,0.625,0,0,1,0,1,0,0,1,0,1,0,0,13979
0.7037037037037037,0.0043859649122807015,0.3333333333333333,0.01251303441084463,0.0,0.0,0.5,1,0,1,0,0,1,0,0,0,1,1,0,18759
0.3333333333333333,0.0021929824561403508,1.0,0.09071949947862357,0.5,0.35714285714285715,0.625,1,0,0,1,1,0,0,0,0,1,1,0,21819
0.0,0.0,0.6666666666666667,0.03753910323253389,0.0,0.0,0.625,1,1,0,0,1,0,0,0,1,0,0,1,7627
0.5185185185185186,0.0,0.0,0.006256517205422314,0.5,0.42857142857142855,0.25,1,0,1,0,1,0,1,0,0,1,1,0,25302
0.018518518518518545,0.0021929824561403508,0.0,0.00521376433785193,0.0,0.0,0.25,0,0,0,1,1,1,0,0,0,0,1,0,9585
0.14814814814814814,0.008771929824561403,1.0,0.09071949947862357,1.0,0.5714285714285714,0.5,0,0,0,1,0,0,0,0,0,1,1,0,31037
0.3888888888888889,0.006578947368421052,0.3333333333333333,0.023983315954118876,0.5,1.0,0.625,0,1,0,0,0,1,0,0,1,0,0,0,27994
0.4259259259259259,0.0043859649122807015,0.6666666666666667,0.030239833159541193,0.5,0.0,1.0,0,0,0,1,0,0,0,0,0,1,1,0,21643
0.037037037037037035,0.0,0.0,0.008342022940563087,0.5,0.0,0.625,0,0,0,0,1,0,0,0,0,1,1,0,14026
0.018518518518518545,0.0,0.6666666666666667,0.03545359749739312,0.5,0.0,0.625,0,0,0,0,1,0,1,0,0,0,0,0,12693
0.0,0.0043859649122807015,0.0,0.006256517205422314,0.0,0.0,0.125,0,0,0,1,1,0,0,0,0,0,0,0,5535
0.055555555555555525,0.0,0.6666666666666667,0.027111574556830033,0.5,0.0,0.25,1,0,1,0,1,0,0,0,0,0,0,0,10003
0.962962962962963,0.0021929824561403508,0.3333333333333333,0.009384775808133473,1.0,0.42857142857142855,0.125,0,0,0,1,0,0,0,1,0,0,0,1,33778
0.16666666666666669,0.0,1.0,0.07507820646506778,1.0,0.42857142857142855,0.5,0,1,0,0,1,0,0,0,0,0,0,1,24700
0.6851851851851851,0.0,0.0,0.0,0.5,0.8571428571428571,0.125,0,0,0,0,1,1,0,0,0,0,1,0,25750
0.4259259259259259,0.0021929824561403508,0.3333333333333333,0.01251303441084463,0.5,0.0,0.25,0,1,0,0,1,0,0,1,1,0,1,0,17790
0.018518518518518545,0.0,1.0,0.09489051094890512,0.5,0.0,0.5,1,0,1,0,1,0,0,0,0,1,0,0,13389
0.055555555555555525,0.0,0.0,0.0031282586027111575,0.0,0.0,0.5,1,1,0,0,1,0,1,0,1,0,0,0,9820
0.7222222222222223,0.006578947368421052,0.3333333333333333,0.021897810218978103,1.0,0.42857142857142855,0.125,0,0,1,0,0,0,1,0,0,0,0,0,30101
0.018518518518518545,0.006578947368421052,0.0,0.0,0.0,0.5714285714285714,0.625,0,0,0,1,0,0,0,0,0,0,0,1,13995
0.6111111111111112,0.006578947368421052,0.3333333333333333,0.010427528675703858,0.0,0.0,0.125,1,0,1,0,0,1,0,0,0,0,1,0,12813
0.7777777777777779,0.006578947368421052,0.3333333333333333,0.021897810218978103,0.0,0.8571428571428571,0.125,1,0,0,1,0,0,1,0,0,1,1,0,18884
0.018518518518518545,0.0,0.3333333333333333,0.023983315954118876,0.0,0.0,0.125,0,1,0,0,1,0,1,0,0,0,0,0,7581
0.18518518518518517,0.0043859649122807015,0.6666666666666667,0.03441084462982273,0.5,0.35714285714285715,0.25,1,0,0,1,0,0,0,1,1,0,0,1,19531
0.09259259259259262,0.0021929824561403508,0.0,0.0010427528675703858,0.0,0.0,0.25,1,1,0,0,1,0,1,0,0,0,0,0,8017
0.6666666666666667,0.006578947368421052,0.0,0.0010427528675703858,0.5,0.35714285714285715,0.625,0,1,0,0,0,0,0,1,0,0,0,0,23378
0.537037037037037,0.006578947368421052,0.0,0.0,0.5,0.8571428571428571,0.25,0,0,1,0,0,0,1,0,0,0,0,1,24252
0.4074074074074074,0.0043859649122807015,0.3333333333333333,0.021897810218978103,0.5,0.0,0.25,1,0,0,0,0,0,0,1,1,0,1,0,16557
0.0,0.006578947368421052,0.6666666666666667,0.03858185610010428,0.0,0.0,0.25,0,1,0,0,0,0,0,1,0,0,0,0,7372
0.0,0.006578947368421052,1.0,0.06360792492179354,1.0,0.35714285714285715,0.25,1,1,0,0,0,0,0,0,0,0,1,0,14050
0.09259259259259262,0.0,0.0,0.0031282586027111575,0.0,0.42857142857142855,1.0,0,1,0,0,1,0,0,0,0,0,1,0,11321
0.49999999999999994,0.006578947368421052,0.3333333333333333,0.014598540145985403,0.5,0.42857142857142855,0.125,0,1,0,0,0,0,0,0,0,1,1,0,19415
0.037037037037037035,0.0021929824561403508,0.0,0.006256517205422314,0.0,0.0,0.625,0,1,0,0,1,0,0,1,0,0,1,0,7478
0.18518518518518517,0.008771929824561403,0.0,0.0031282586027111575,0.0,0.42857142857142855,0.625,1,1,0,0,0,1,0,0,0,1,1,0,18877
0.5185185185185186,0.006578947368421052,0.0,0.008342022940563087,0.5,0.35714285714285715,0.125,0,0,0,1,0,0,1,0,0,0,0,1,21113
0.0,0.0021929824561403508,1.0,0.08759124087591241,0.5,0.0,0.125,0,1,0,0,1,0,1,0,0,0,0,0,10296
0.9814814814814814,0.0043859649122807015,0.0,0.004171011470281543,0.5,0.42857142857142855,0.25,0,0,1,0,0,0,0,0,0,0,1,0,24599
0.0,0.0021929824561403508,0.0,0.0,0.0,0.0,0.25,1,1,0,0,1,0,1,0,1,0,0,0,9520
0.6851851851851851,0.006578947368421052,0.6666666666666667,0.029197080291970805,1.0,0.42857142857142855,0.125,0,0,1,0,0,1,0,0,1,0,0,1,31815
0.7222222222222223,0.0,1.0,0.10218978102189781,1.0,0.35714285714285715,0.25,0,0,0,1,1,0,0,1,0,1,0,0,31038
0.09259259259259262,0.0043859649122807015,0.0,0.0072992700729927005,0.0,0.7857142857142857,0.125,0,1,0,0,1,0,0,0,0,0,0,0,8710
0.49999999999999994,0.0,0.6666666666666667,0.03441084462982273,1.0,1.0,0.625,1,0,0,1,1,0,1,0,0,1,0,1,34755
0.018518518518518545,0.0021929824561403508,0.0,0.004171011470281543,0.0,0.42857142857142855,0.625,0,1,0,0,1,0,0,0,0,0,1,0,9459
0.037037037037037035,0.0043859649122807015,0.0,0.0031282586027111575,0.0,0.0,0.5,0,0,0,1,1,0,1,0,0,0,0,0,8632
0.25925925925925924,0.0043859649122807015,0.6666666666666667,0.028154327424400417,0.5,0.0,0.625,0,0,1,0,0,0,1,0,0,0,1,0,18892
0.18518518518518517,0.0,0.6666666666666667,0.04066736183524505,0.5,0.35714285714285715,0.625,1,0,0,1,1,0,1,0,0,1,1,0,24646
0.25925925925925924,0.0043859649122807015,0.3333333333333333,0.01772679874869656,0.5,0.0,0.25,1,0,1,0,1,0,1,0,0,0,1,0,16577
0.537037037037037,0.006578947368421052,0.0,0.006256517205422314,0.5,0.0,0.5,0,0,1,0,0,0,0,1,0,0,0,0,19668
0.3518518518518518,0.006578947368421052,0.6666666666666667,0.03336809176225235,0.5,0.42857142857142855,0.25,0,1,0,0,0,0,0,0,0,0,0,0,16856
0.574074074074074,0.006578947368421052,0.6666666666666667,0.03545359749739312,0.5,0.35714285714285715,0.125,0,0,1,0,0,1,0,0,1,0,1,0,25279
0.3703703703703704,0.0,0.0,0.0,0.0,0.42857142857142855,0.5,0,0,0,1,1,0,0,0,0,1,1,0,15512
0.4259259259259259,0.010964912280701754,0.6666666666666667,0.03441084462982273,0.5,0.5714285714285714,0.5,1,0,0,1,0,0,1,0,0,0,0,0,24126
0.7407407407407407,0.0,0.6666666666666667,0.03232533889468196,1.0,0.42857142857142855,0.625,1,0,1,0,1,0,0,1,0,1,0,1,32571
0.6296296296296295,0.006578947368421052,0.6666666666666667,0.03962460896767466,0.5,0.42857142857142855,0.5,1,0,0,1,0,0,1,0,0,0,0,1,23571
0.055555555555555525,0.0,0.0,0.0,0.0,0.0,0.25,1,0,1,0,1,0,0,0,0,0,0,0,6835
0.5555555555555556,0.006578947368421052,0.3333333333333333,0.009384775808133473,1.0,0.42857142857142855,0.125,0,0,1,0,0,0,1,0,1,0,1,0,31315
0.574074074074074,0.0043859649122807015,0.0,0.00521376433785193,0.5,0.0,0.125,0,0,1,0,1,1,0,0,0,0,1,0,21177
0.8703703703703705,0.0043859649122807015,0.0,0.0031282586027111575,0.5,0.42857142857142855,0.25,0,1,0,0,0,0,0,0,0,0,1,0,24007
0.3888888888888889,0.0,0.3333333333333333,0.010427528675703858,1.0,0.42857142857142855,0.25,0,0,1,0,1,0,0,1,1,0,0,0,25925
0.055555555555555525,0.0021929824561403508,0.3333333333333333,0.02502606882168926,0.0,0.0,0.25,0,0,0,1,1,0,0,1,0,0,0,0,5997
0.48148148148148145,0.0,0.0,0.0031282586027111575,0.0,0.42857142857142855,0.625,0,0,0,0,1,0,0,0,0,0,1,0,13076
0.3148148148148148,0.0,0.0,0.0072992700729927005,0.0,0.0,0.625,0,1,0,0,1,0,1,0,0,0,1,0,13361
0.537037037037037,0.008771929824561403,1.0,0.06465067778936393,0.0,0.42857142857142855,0.625,0,0,1,0,0,1,0,0,0,0,1,0,18306
0.5925925925925926,0.0021929824561403508,0.0,0.0031282586027111575,0.5,0.42857142857142855,0.125,0,0,1,0,1,1,0,0,0,0,1,0,22892
0.5925925925925926,0.0,0.6666666666666667,0.03649635036496351,1.0,0.0,0.5,0,0,0,0,1,0,1,0,0,0,0,1,29069
0.7777777777777779,0.006578947368421052,0.6666666666666667,0.03336809176225235,1.0,0.5714285714285714,0.25,1,0,0,1,0,0,0,1,0,0,0,1,33602
0.537037037037037,0.008771929824561403,0.0,0.008342022940563087,0.5,0.42857142857142855,1.0,1,0,1,0,0,0,1,0,0,1,0,0,28828
0.5925925925925926,0.008771929824561403,0.0,0.0072992700729927005,0.5,0.35714285714285715,0.625,0,0,0,1,0,0,1,0,1,0,1,0,25345
0.018518518518518545,0.0,0.6666666666666667,0.029197080291970805,0.0,0.0,0.625,1,0,1,0,1,0,0,0,1,0,0,1,7683
0.7037037037037037,0.0,1.0,0.04275286757038582,1.0,0.42857142857142855,1.0,0,0,0,1,1,0,1,0,0,1,1,0,36464
0.1296296296296296,0.0,0.0,0.0010427528675703858,0.0,0.0,0.625,0,1,0,0,1,0,1,0,0,0,0,0,10144
0.2962962962962962,0.006578947368421052,0.3333333333333333,0.011470281543274244,0.5,0.8571428571428571,0.625,1,0,0,0,0,0,1,0,0,1,0,1,26312
0.2962962962962962,0.0021929824561403508,0.0,0.0031282586027111575,0.0,0.42857142857142855,0.25,0,0,0,0,1,0,0,0,0,0,0,1,10071
0.25925925925925924,0.0,0.3333333333333333,0.010427528675703858,0.5,0.0,0.625,0,0,0,0,1,0,1,0,0,0,1,0,18898
0.5185185185185186,0.008771929824561403,0.0,0.006256517205422314,0.5,0.5714285714285714,0.625,1,0,0,1,0,1,0,0,0,0,0,0,29971
0.48148148148148145,0.008771929824561403,0.0,0.0072992700729927005,0.5,0.42857142857142855,0.625,0,0,0,1,0,0,0,1,0,0,1,0,20520
0.018518518518518545,0.0021929824561403508,0.0,0.006256517205422314,0.0,0.0,0.125,0,0,0,1,1,1,0,0,0,0,0,1,8818
0.3148148148148148,0.006578947368421052,0.6666666666666667,0.03858185610010428,0.5,0.35714285714285715,0.25,0,0,1,0,0,0,0,1,0,0,0,1,18428
0.27777777777777773,0.0,0.6666666666666667,0.028154327424400417,0.5,0.42857142857142855,0.25,1,0,0,0,1,0,0,0,0,0,0,0,18233
0.6481481481481481,0.0043859649122807015,0.6666666666666667,0.03232533889468196,0.5,0.42857142857142855,0.625,1,0,1,0,0,0,0,0,0,0,1,0,22436
0.0,0.0,0.6666666666666667,0.04066736183524505,0.5,0.0,0.625,0,0,1,0,1,1,0,0,0,0,0,0,15332
0.1296296296296296,0.0,1.0,0.06465067778936393,1.0,0.0,0.625,1,0,0,1,1,0,0,0,0,1,0,0,17443
0.018518518518518545,0.0021929824561403508,1.0,0.05839416058394161,0.5,0.0,0.125,0,0,0,0,1,0,0,0,0,0,1,0,8697
0.018518518518518545,0.0,0.0,0.00521376433785193,0.0,0.0,0.5,1,0,0,1,1,0,0,0,0,0,0,0,7551
0.6481481481481481,0.006578947368421052,0.6666666666666667,0.03545359749739312,1.0,0.42857142857142855,0.125,0,0,0,0,0,0,0,0,0,1,0,1,29835
0.0,0.0,0.6666666666666667,0.029197080291970805,0.0,0.0,0.625,0,1,0,0,1,0,0,1,0,0,0,1,8593
0.3333333333333333,0.0021929824561403508,0.0,0.0,0.0,0.42857142857142855,0.25,0,0,1,0,1,0,0,0,0,0,1,0,9956
0.09259259259259262,0.0,0.0,0.0072992700729927005,0.0,0.0,0.125,0,0,0,1,1,0,0,0,0,0,0,0,5460
0.22222222222222227,0.0021929824561403508,0.0,0.0020855057351407717,0.0,0.42857142857142855,0.25,0,1,0,0,1,1,0,0,0,1,1,0,18308
0.6111111111111112,0.006578947368421052,1.0,0.051094890510948905,1.0,0.42857142857142855,1.0,0,1,0,0,0,0,1,0,0,0,0,1,34144
0.4074074074074074,0.0,0.3333333333333333,0.02502606882168926,0.5,0.42857142857142855,0.625,1,0,1,0,1,0,0,1,0,0,1,0,18768
0.4259259259259259,0.0043859649122807015,0.3333333333333333,0.023983315954118876,0.5,0.42857142857142855,0.125,1,0,1,0,0,0,0,0,1,0,1,0,17348
0.4074074074074074,0.010964912280701754,0.3333333333333333,0.01251303441084463,0.5,0.42857142857142855,1.0,1,0,0,0,0,0,1,0,0,1,1,0,25448
0.5185185185185186,0.0043859649122807015,0.3333333333333333,0.010427528675703858,1.0,0.42857142857142855,1.0,0,0,0,1,0,1,0,0,0,0,0,1,34965
0.5925925925925926,0.006578947368421052,1.0,0.06465067778936393,1.0,0.42857142857142855,0.25,1,1,0,0,0,1,0,0,0,1,0,0,35781
0.1296296296296296,0.0021929824561403508,0.3333333333333333,0.02502606882168926,0.0,0.0,0.25,0,0,0,0,1,0,0,0,0,1,0,1,9717
0.3148148148148148,0.010964912280701754,0.3333333333333333,0.02085505735140772,0.5,0.42857142857142855,0.625,1,0,1,0,0,1,0,0,0,1,1,0,25642
0.27777777777777773,0.0043859649122807015,0.0,0.006256517205422314,0.0,0.7857142857142857,0.125,1,1,0,0,0,0,0,0,0,1,0,0,15360
0.4074074074074074,0.008771929824561403,0.0,0.0010427528675703858,0.5,0.42857142857142855,0.25,0,0,1,0,0,0,0,0,1,0,1,0,18429
0.46296296296296297,0.008771929824561403,0.0,0.0072992700729927005,0.0,0.0,0.625,0,0,1,0,0,0,0,0,1,0,1,0,12657
0.22222222222222227,0.0021929824561403508,0.0,0.0,1.0,0.0,0.125,0,0,0,1,1,0,0,0,1,0,0,0,21626
0.3333333333333333,0.008771929824561403,0.0,0.004171011470281543,0.0,0.42857142857142855,0.5,0,0,1,0,0,0,0,1,1,0,1,0,14051
0.20370370370370366,0.0,0.3333333333333333,0.01564129301355579,0.5,0.35714285714285715,0.25,0,0,0,1,1,1,0,0,0,0,0,1,20578
0.20370370370370366,0.0043859649122807015,0.0,0.0020855057351407717,0.5,0.35714285714285715,0.5,0,0,1,0,0,0,0,0,0,0,1,0,19284
0.055555555555555525,0.0043859649122807015,1.0,0.06152241918665277,0.5,0.0,0.625,0,1,0,0,1,0,0,0,0,0,1,0,10375
0.6481481481481481,0.006578947368421052,1.0,0.04066736183524505,1.0,0.0,1.0,1,0,0,1,0,0,1,0,0,1,1,0,34796
0.6296296296296295,0.006578947368421052,0.6666666666666667,0.028154327424400417,1.0,0.42857142857142855,0.25,0,1,0,0,0,0,0,0,0,0,0,1,27654
0.5185185185185186,0.0,0.6666666666666667,0.029197080291970805,0.0,0.42857142857142855,0.25,1,0,1,0,1,0,0,0,0,0,1,0,13139
0.18518518518518517,0.0043859649122807015,0.6666666666666667,0.03232533889468196,1.0,0.0,0.5,0,0,0,1,0,0,0,1,1,0,0,0,23781
0.7592592592592593,0.0,1.0,0.0886339937434828,1.0,0.35714285714285715,0.25,1,0,0,0,1,1,0,0,0,0,0,0,33132
0.7777777777777779,0.008771929824561403,0.3333333333333333,0.009384775808133473,1.0,0.5714285714285714,0.5,0,0,0,1,0,0,0,0,0,0,0,1,34362
0.6111111111111112,0.006578947368421052,0.3333333333333333,0.02294056308654849,1.0,1.0,0.25,0,0,0,1,0,0,1,0,0,0,0,0,33491
0.055555555555555525,0.0,0.3333333333333333,0.011470281543274244,0.0,0.0,0.25,0,0,1,0,1,0,0,0,0,0,0,0,5588
0.16666666666666669,0.006578947368421052,1.0,0.0521376433785193,0.5,0.42857142857142855,0.5,0,0,0,0,0,1,0,0,0,1,1,0,25350
0.3518518518518518,0.006578947368421052,0.0,0.0,0.0,0.35714285714285715,0.25,0,1,0,0,0,0,0,0,1,0,1,0,12847
0.037037037037037035,0.0021929824561403508,0.6666666666666667,0.03441084462982273,0.0,0.42857142857142855,0.625,0,1,0,0,1,0,1,0,0,1,0,1,15368
0.27777777777777773,0.008771929824561403,0.3333333333333333,0.009384775808133473,0.5,0.42857142857142855,1.0,0,0,0,1,0,0,1,0,0,0,0,1,23232
1.0,0.0043859649122807015,0.0,0.006256517205422314,0.5,0.42857142857142855,0.0,1,0,0,1,0,0,1,0,0,0,0,1,24237
0.037037037037037035,0.0,0.3333333333333333,0.009384775808133473,0.0,0.0,0.25,1,0,0,0,1,0,0,1,0,0,1,0,7006
0.3703703703703704,0.0043859649122807015,0.6666666666666667,0.03858185610010428,0.5,0.35714285714285715,0.5,1,0,1,0,1,0,0,0,0,0,0,1,18030
0.14814814814814814,0.0,0.0,0.0,1.0,0.0,0.125,0,0,0,1,1,0,0,0,1,0,0,0,21862
0.037037037037037035,0.0,0.3333333333333333,0.021897810218978103,0.0,0.0,0.5,1,0,1,0,1,0,0,1,0,0,0,0,6935
0.3518518518518518,0.0043859649122807015,0.0,0.008342022940563087,0.0,0.42857142857142855,0.25,1,0,0,1,0,0,0,0,0,1,1,0,13690
0.055555555555555525,0.0021929824561403508,0.0,0.0031282586027111575,0.0,0.0,0.25,1,0,1,0,1,0,0,0,0,0,0,0,4903
0.46296296296296297,0.0043859649122807015,1.0,0.07194994786235663,0.0,0.0,0.625,1,0,0,1,0,0,0,0,0,1,1,0,13920
0.20370370370370366,0.006578947368421052,0.3333333333333333,0.02085505735140772,0.5,0.5714285714285714,0.125,0,1,0,0,0,0,0,0,0,0,0,0,20937
0.537037037037037,0.006578947368421052,0.3333333333333333,0.021897810218978103,0.0,0.35714285714285715,0.25,1,1,0,0,0,0,1,0,1,0,1,0,14666
0.20370370370370366,0.0,0.3333333333333333,0.01251303441084463,0.0,0.42857142857142855,0.25,1,1,0,0,1,0,1,0,0,0,1,0,11989
0.48148148148148145,0.0,1.0,0.0667361835245047,1.0,0.0,0.25,0,0,1,0,1,0,1,0,0,0,0,0,23638
0.3148148148148148,0.006578947368421052,0.0,0.008342022940563087,0.0,0.42857142857142855,0.25,0,0,0,1,0,0,0,0,1,0,1,0,12357
0.3333333333333333,0.0,0.6666666666666667,0.030239833159541193,0.5,0.42857142857142855,0.125,0,0,0,1,1,0,1,0,0,0,0,1,18529
0.5925925925925926,0.006578947368421052,0.0,0.0072992700729927005,0.5,0.42857142857142855,0.25,1,0,0,1,0,0,0,0,0,0,1,0,19758
0.16666666666666669,0.006578947368421052,1.0,0.0667361835245047,1.0,1.0,0.25,1,0,1,0,0,1,0,0,0,0,1,0,31513
0.5925925925925926,0.006578947368421052,0.3333333333333333,0.010427528675703858,1.0,0.5714285714285714,0.25,0,0,0,1,0,1,0,0,1,0,0,0,36636
0.46296296296296297,0.006578947368421052,0.0,0.006256517205422314,0.0,0.42857142857142855,0.125,1,0,1,0,0,0,0,0,0,1,0,1,13977
0.27777777777777773,0.0,0.3333333333333333,0.016684045881126174,0.5,0.0,0.125,0,0,1,0,1,0,0,0,0,0,1,0,15124
0.6481481481481481,0.010964912280701754,1.0,0.08133472367049009,1.0,0.8571428571428571,0.5,1,0,1,0,0,0,1,0,0,0,1,0,32617
0.7592592592592593,0.006578947368421052,1.0,0.09071949947862357,1.0,0.35714285714285715,0.25,0,0,0,1,0,1,0,0,1,0,1,0,34152
0.3703703703703704,0.006578947368421052,0.0,0.0020855057351407717,0.0,0.42857142857142855,0.625,0,0,1,0,0,0,0,0,0,0,1,0,12555
0.1111111111111111,0.0021929824561403508,0.6666666666666667,0.030239833159541193,0.0,0.0,0.5,1,0,0,0,1,0,0,1,0,0,0,0,7823
0.25925925925925924,0.0043859649122807015,0.3333333333333333,0.010427528675703858,0.5,0.8571428571428571,0.5,0,1,0,0,0,1,0,0,0,0,0,0,24608
0.7777777777777779,0.0043859649122807015,0.0,0.0072992700729927005,0.5,0.0,0.25,0,0,1,0,0,0,0,1,0,0,0,1,18006
0.48148148148148145,0.17105263157894735,1.0,0.07194994786235663,0.0,0.0,0.125,0,0,1,0,0,0,1,0,0,0,1,0,10797
0.037037037037037035,0.0,0.0,0.0072992700729927005,0.0,0.0,0.25,0,1,0,0,1,0,0,0,0,1,1,0,8237
0.2962962962962962,0.008771929824561403,0.6666666666666667,0.03962460896767466,0.5,0.35714285714285715,0.625,0,0,1,0,0,0,0,0,0,1,0,1,21688
0.27777777777777773,0.008771929824561403,0.0,0.0,0.0,0.42857142857142855,0.625,0,0,0,0,0,0,0,0,1,0,0,1,14399
0.037037037037037035,0.0,0.3333333333333333,0.014598540145985403,0.0,0.0,0.625,1,0,0,1,1,0,0,0,0,1,1,0,10729
0.07407407407407407,0.0,0.6666666666666667,0.03962460896767466,0.0,0.0,0.625,0,1,0,0,1,0,0,0,1,0,0,0,9394
0.018518518518518545,0.0,0.3333333333333333,0.014598540145985403,0.0,0.0,0.25,1,1,0,0,1,0,0,0,0,0,1,0,6647
0.1296296296296296,0.0,0.3333333333333333,0.01251303441084463,0.0,0.0,0.625,0,0,0,1,1,0,0,1,1,0,0,0,8637
0.14814814814814814,0.006578947368421052,0.3333333333333333,0.011470281543274244,0.5,0.42857142857142855,0.125,1,0,1,0,0,0,0,0,0,1,0,1,19625
0.3703703703703704,0.008771929824561403,0.3333333333333333,0.02502606882168926,0.5,1.0,0.125,1,1,0,0,0,1,0,0,0,0,0,1,24479
0.27777777777777773,0.0043859649122807015,0.3333333333333333,0.023983315954118876,1.0,0.42857142857142855,0.625,1,0,1,0,1,0,0,1,0,0,0,0,25286
0.27777777777777773,0.006578947368421052,0.3333333333333333,0.02502606882168926,0.5,0.42857142857142855,0.625,0,0,1,0,0,0,0,1,0,0,0,1,19829
0.27777777777777773,0.0021929824561403508,0.0,0.0031282586027111575,1.0,0.42857142857142855,0.625,1,0,1,0,1,1,0,0,0,0,1,0,29185
0.44444444444444436,0.006578947368421052,1.0,0.06569343065693431,1.0,0.42857142857142855,0.625,0,0,0,0,0,1,0,0,0,0,1,0,29002
0.3333333333333333,0.0043859649122807015,0.0,0.0020855057351407717,0.0,0.42857142857142855,1.0,0,0,0,0,0,0,0,1,0,0,1,0,15160
0.5185185185185186,0.006578947368421052,0.3333333333333333,0.01564129301355579,1.0,0.42857142857142855,0.125,0,0,0,1,0,0,0,0,0,0,0,0,27253
0.3148148148148148,0.006578947368421052,0.6666666666666667,0.02502606882168926,0.5,0.42857142857142855,0.5,1,0,1,0,0,1,0,0,0,0,1,0,22277
0.037037037037037035,0.0021929824561403508,0.3333333333333333,0.011470281543274244,0.0,0.0,0.625,1,1,0,0,1,1,0,0,0,1,0,0,15008
0.018518518518518545,0.0021929824561403508,0.6666666666666667,0.02606882168925965,0.0,0.0,0.25,0,0,0,1,1,0,0,0,0,0,0,1,5378
0.18518518518518517,0.006578947368421052,0.0,0.004171011470281543,0.0,0.0,0.25,0,0,1,0,0,0,0,1,0,0,1,0,9234
0.3703703703703704,0.008771929824561403,0.3333333333333333,0.02294056308654849,0.0,0.42857142857142855,0.25,0,0,0,1,0,1,0,0,1,0,1,0,15726
0.1111111111111111,0.0021929824561403508,0.3333333333333333,0.016684045881126174,0.0,0.0,0.5,1,1,0,0,1,0,0,1,0,1,1,0,11242
0.3888888888888889,0.006578947368421052,0.0,0.0010427528675703858,0.0,1.0,0.25,0,1,0,0,0,0,1,0,0,0,1,0,17625
0.24074074074074076,0.006578947368421052,0.6666666666666667,0.027111574556830033,0.5,0.35714285714285715,0.25,0,0,0,1,0,0,0,1,0,0,0,1,18519
0.49999999999999994,0.010964912280701754,0.0,0.0072992700729927005,0.0,0.35714285714285715,0.25,0,0,0,0,0,1,0,0,1,0,1,0,14893
0.7777777777777779,0.008771929824561403,0.0,0.004171011470281543,0.5,0.35714285714285715,0.625,1,0,1,0,0,0,0,1,0,0,1,0,22237
0.25925925925925924,0.0,0.0,0.0,0.0,0.42857142857142855,1.0,0,0,0,1,1,0,0,0,0,0,1,0,14913
0.5555555555555556,0.006578947368421052,0.0,0.0010427528675703858,0.5,0.42857142857142855,0.625,1,0,1,0,0,0,0,0,0,0,1,0,21914
0.07407407407407407,0.0,0.0,0.0020855057351407717,0.0,0.0,0.625,0,0,0,1,1,0,0,1,0,0,1,0,8048
0.6296296296296295,0.006578947368421052,1.0,0.05005213764337852,1.0,0.42857142857142855,0.5,1,0,0,1,0,0,1,0,1,0,0,1,32867
0.5555555555555556,0.010964912280701754,0.3333333333333333,0.01772679874869656,1.0,0.42857142857142855,0.5,1,1,0,0,0,0,1,0,0,0,0,0,30929
0.4259259259259259,0.006578947368421052,1.0,0.06777893639207508,1.0,1.0,0.625,1,0,0,0,0,0,1,0,0,1,0,0,34096
0.5925925925925926,0.006578947368421052,0.0,0.00521376433785193,1.0,0.0,0.125,1,0,1,0,0,0,1,0,0,1,1,0,29889
0.4259259259259259,0.0021929824561403508,0.0,0.0072992700729927005,0.0,0.35714285714285715,1.0,1,1,0,0,1,0,1,0,0,1,1,0,19895
0.6666666666666667,0.008771929824561403,1.0,0.08967674661105318,0.5,0.42857142857142855,0.125,1,0,0,1,0,1,0,0,0,1,0,1,27386
0.24074074074074076,0.0043859649122807015,0.0,0.0031282586027111575,0.0,0.0,0.125,1,0,0,1,0,1,0,0,0,0,1,0,13020
0.1111111111111111,0.0043859649122807015,0.0,0.006256517205422314,0.0,0.0,0.25,0,0,1,0,1,0,0,1,0,0,1,0,5659
0.5925925925925926,0.0043859649122807015,1.0,0.10010427528675704,1.0,0.42857142857142855,0.125,1,0,1,0,0,1,0,0,0,1,0,1,34105
0.1111111111111111,0.0,0.3333333333333333,0.016684045881126174,0.0,0.0,0.625,0,0,0,1,1,0,0,1,0,0,0,0,8622
0.6666666666666667,0.006578947368421052,0.0,0.0020855057351407717,0.5,0.35714285714285715,0.625,1,0,1,0,0,0,0,0,0,1,1,0,24598
0.09259259259259262,0.0,1.0,0.09280500521376434,0.5,0.0,0.625,1,0,0,1,1,0,0,1,0,0,1,0,11011
0.2962962962962962,0.006578947368421052,0.0,0.0072992700729927005,0.0,1.0,0.25,0,0,0,1,0,0,0,0,0,1,1,0,17017
0.48148148148148145,0.0,0.3333333333333333,0.02085505735140772,0.5,0.42857142857142855,0.25,1,0,1,0,1,0,0,0,0,0,1,0,17086
0.6296296296296295,0.006578947368421052,0.0,0.0,0.5,0.42857142857142855,0.0,1,0,0,1,0,0,1,0,1,0,1,0,21595
0.18518518518518517,0.0043859649122807015,0.0,0.0010427528675703858,0.5,0.42857142857142855,0.625,0,0,1,0,0,0,0,0,0,0,0,1,18562
0.1111111111111111,0.0,1.0,0.07924921793534932,0.5,1.0,0.25,0,0,1,0,1,1,0,0,0,1,1,0,23009
0.7777777777777779,0.006578947368421052,1.0,0.1032325338894682,1.0,0.42857142857142855,0.25,0,0,0,1,0,0,0,0,0,0,1,0,28949
0.25925925925925924,0.0021929824561403508,0.0,0.0072992700729927005,0.0,0.8571428571428571,0.5,0,0,0,1,1,0,0,1,0,1,1,0,16873
0.9444444444444444,0.0021929824561403508,1.0,0.09906152241918666,1.0,0.35714285714285715,0.25,0,1,0,0,0,0,0,0,0,0,0,1,34559
0.24074074074074076,0.0043859649122807015,0.0,0.004171011470281543,0.0,0.8571428571428571,0.125,1,0,1,0,0,0,1,0,0,0,1,0,14030
0.7037037037037037,0.0,0.3333333333333333,0.02502606882168926,1.0,0.0,0.625,0,1,0,0,1,1,0,0,0,0,0,1,31734
0.037037037037037035,0.0,0.6666666666666667,0.030239833159541193,0.0,0.0,0.25,1,0,0,0,1,0,0,1,0,0,0,0,6217
0.24074074074074076,0.0,0.0,0.0010427528675703858,1.0,0.5714285714285714,0.625,0,0,1,0,1,0,0,0,0,0,1,0,29631
0.0,0.0,0.3333333333333333,0.016684045881126174,0.0,0.0,0.25,0,1,0,0,1,0,0,1,0,0,0,1,6658
0.3703703703703704,0.006578947368421052,1.0,0.07612095933263817,1.0,0.42857142857142855,1.0,1,1,0,0,0,0,0,0,0,1,1,0,30401
0.5555555555555556,0.0043859649122807015,0.3333333333333333,0.013555787278415015,1.0,0.8571428571428571,0.625,1,0,1,0,0,0,0,0,0,1,0,1,34095
0.0,0.0,0.0,0.006256517205422314,0.0,0.0,0.625,1,1,0,0,1,0,0,0,0,0,0,0,7936
0.537037037037037,0.008771929824561403,0.0,0.0010427528675703858,0.5,0.42857142857142855,0.625,0,1,0,0,0,0,0,1,0,0,0,0,22489
0.3518518518518518,0.006578947368421052,0.0,0.008342022940563087,0.0,0.42857142857142855,0.125,1,1,0,0,0,0,0,0,0,1,1,0,13647
0.037037037037037035,0.0021929824561403508,0.6666666666666667,0.029197080291970805,0.0,0.0,0.625,0,0,0,1,1,0,0,1,0,0,1,0,7816
0.09259259259259262,0.006578947368421052,0.6666666666666667,0.028154327424400417,1.0,0.0,0.625,0,1,0,0,0,0,0,0,0,0,1,0,14379
0.6666666666666667,0.0043859649122807015,0.6666666666666667,0.02502606882168926,1.0,0.42857142857142855,0.25,1,0,1,0,0,0,0,0,0,1,0,1,31391
0.24074074074074076,0.006578947368421052,0.0,0.004171011470281543,0.0,0.0,0.5,0,0,0,1,0,0,0,0,0,0,1,0,9635
0.055555555555555525,0.0,0.3333333333333333,0.01251303441084463,0.0,0.0,0.25,0,1,0,0,1,0,0,1,0,1,1,0,9635
0.0,0.0021929824561403508,0.3333333333333333,0.02502606882168926,0.0,0.0,0.25,1,0,0,1,1,0,0,0,0,0,0,1,6161
0.27777777777777773,0.006578947368421052,0.3333333333333333,0.013555787278415015,1.0,0.0,0.25,0,0,1,0,0,0,0,0,1,0,0,1,23005
0.5555555555555556,0.008771929824561403,0.0,0.008342022940563087,0.5,0.42857142857142855,0.0,0,0,0,1,0,0,0,0,0,0,1,0,19922
0.46296296296296297,0.008771929824561403,0.6666666666666667,0.03858185610010428,0.5,0.35714285714285715,0.25,1,0,1,0,0,1,0,0,0,1,0,1,23436
0.7592592592592593,0.006578947368421052,0.0,0.0,0.5,0.42857142857142855,0.125,0,0,0,1,0,1,0,0,1,0,0,1,24054
0.18518518518518517,0.010964912280701754,0.0,0.0072992700729927005,0.5,0.42857142857142855,0.125,0,1,0,0,0,0,0,0,0,0,0,0,15667
0.537037037037037,0.006578947368421052,0.3333333333333333,0.019812304483837334,1.0,0.5714285714285714,0.625,1,0,1,0,0,1,0,0,0,0,0,1,37998
0.5555555555555556,0.0043859649122807015,0.0,0.008342022940563087,0.0,0.42857142857142855,0.625,0,1,0,0,0,0,0,0,0,0,0,0,14861
0.24074074074074076,0.010964912280701754,0.0,0.0,0.0,0.42857142857142855,0.25,0,0,0,0,0,0,0,1,0,0,1,0,12238
0.018518518518518545,0.006578947368421052,0.6666666666666667,0.03441084462982273,0.0,1.0,0.0,1,0,0,1,0,0,0,1,0,0,0,1,10917
0.6481481481481481,0.010964912280701754,0.3333333333333333,0.010427528675703858,0.0,0.0,0.25,0,0,1,0,0,0,1,0,0,0,0,1,11528
0.3333333333333333,0.006578947368421052,0.0,0.0010427528675703858,0.0,0.42857142857142855,0.125,1,1,0,0,0,0,1,0,0,0,1,0,12344
0.18518518518518517,0.006578947368421052,1.0,0.04692387904066737,1.0,0.0,0.25,0,0,0,0,0,0,1,0,0,1,1,0,27442
0.4074074074074074,0.006578947368421052,0.0,0.006256517205422314,0.0,0.5714285714285714,0.625,0,0,0,1,0,0,0,0,0,1,1,0,20216
0.09259259259259262,0.0021929824561403508,0.3333333333333333,0.01772679874869656,0.0,0.0,0.125,1,0,1,0,1,1,0,0,0,1,0,0,11232
0.055555555555555525,0.0021929824561403508,0.0,0.0,0.0,0.0,0.125,1,0,1,0,1,0,0,0,0,1,0,0,7360
0.5925925925925926,0.006578947368421052,0.0,0.0072992700729927005,0.0,0.42857142857142855,0.625,1,0,0,1,0,0,1,0,0,1,0,0,19731
0.3703703703703704,0.0043859649122807015,0.3333333333333333,0.019812304483837334,0.5,0.0,0.5,0,0,0,1,0,0,1,0,0,0,0,0,17562
0.6481481481481481,0.008771929824561403,0.0,0.008342022940563087,0.5,0.5714285714285714,0.625,1,0,1,0,0,1,0,0,0,0,0,1,29222
0.24074074074074076,0.006578947368421052,0.0,0.008342022940563087,0.0,0.5714285714285714,0.125,1,0,0,0,0,0,1,0,0,1,1,0,18621
0.22222222222222227,0.006578947368421052,0.0,0.00521376433785193,0.5,1.0,0.625,0,1,0,0,0,0,0,0,0,1,1,0,25541
0.3703703703703704,0.0,1.0,0.05839416058394161,1.0,0.42857142857142855,0.5,0,0,0,1,1,0,0,0,0,0,1,0,25867
0.16666666666666669,0.0043859649122807015,0.3333333333333333,0.02502606882168926,0.5,0.42857142857142855,0.5,0,0,1,0,0,0,1,0,0,0,1,0,20341
0.1296296296296296,0.0,0.0,0.006256517205422314,0.0,0.0,0.5,1,1,0,0,1,0,0,0,0,1,0,0,10458
0.14814814814814814,0.008771929824561403,0.0,0.00521376433785193,0.0,0.42857142857142855,0.125,1,0,0,0,0,0,0,0,0,1,1,0,14232
0.018518518518518545,0.0,0.6666666666666667,0.04066736183524505,0.0,0.0,0.125,1,0,1,0,1,0,1,0,0,0,0,0,7535
0.24074074074074076,0.006578947368421052,0.3333333333333333,0.016684045881126174,1.0,0.42857142857142855,0.125,1,0,0,0,0,0,0,0,0,1,1,0,25489
0.574074074074074,0.006578947368421052,0.3333333333333333,0.023983315954118876,1.0,0.35714285714285715,0.5,1,1,0,0,0,0,0,0,0,1,1,0,32896
0.1296296296296296,0.0043859649122807015,0.3333333333333333,0.018769551616266946,0.0,0.0,0.625,1,0,0,0,1,1,0,0,0,1,0,0,14361
0.07407407407407407,0.0021929824561403508,1.0,0.10010427528675704,0.5,0.0,0.25,1,0,0,1,1,0,1,0,0,0,0,0,10364
0.22222222222222227,0.006578947368421052,0.3333333333333333,0.02502606882168926,0.5,0.35714285714285715,0.125,1,1,0,0,0,0,0,1,0,1,0,1,20009
0.49999999999999994,0.0043859649122807015,0.0,0.00521376433785193,0.5,0.5714285714285714,0.25,0,0,1,0,0,0,1,0,0,0,0,0,22508
0.0,0.0021929824561403508,0.0,0.004171011470281543,0.0,0.0,0.125,0,0,0,1,1,0,1,0,0,0,1,0,8030
0.5185185185185186,0.008771929824561403,1.0,0.05526590198123045,1.0,0.42857142857142855,0.125,0,0,0,1,0,0,1,0,0,0,0,1,29360
0.46296296296296297,0.0,0.6666666666666667,0.030239833159541193,0.5,0.42857142857142855,0.125,0,0,1,0,1,0,0,1,0,0,0,0,16765
0.037037037037037035,0.0021929824561403508,1.0,0.06777893639207508,0.0,0.42857142857142855,0.25,0,0,1,0,1,0,1,0,0,0,0,0,9768
0.7777777777777779,0.006578947368421052,0.0,0.0010427528675703858,0.5,0.42857142857142855,0.625,0,0,0,0,0,0,0,0,0,0,0,1,21658
0.18518518518518517,0.006578947368421052,0.3333333333333333,0.023983315954118876,0.5,0.5714285714285714,0.125,1,1,0,0,0,1,0,0,0,0,1,0,24043
0.3888888888888889,0.008771929824561403,0.0,0.0031282586027111575,0.0,0.42857142857142855,0.125,0,0,1,0,0,0,1,0,0,1,0,1,14557
0.2962962962962962,0.010964912280701754,0.3333333333333333,0.02294056308654849,0.5,0.42857142857142855,1.0,0,0,0,1,0,0,1,0,0,0,0,1,22003
0.49999999999999994,0.006578947368421052,0.6666666666666667,0.03336809176225235,0.5,0.42857142857142855,0.25,1,0,1,0,0,1,0,0,0,1,1,0,23950
0.20370370370370366,0.006578947368421052,0.3333333333333333,0.018769551616266946,0.5,0.42857142857142855,0.625,1,0,1,0,0,1,0,0,0,1,0,0,27064
0.6481481481481481,0.008771929824561403,0.0,0.0020855057351407717,0.5,0.42857142857142855,0.125,1,0,1,0,0,0,1,0,1,0,0,1,21721
0.962962962962963,0.0021929824561403508,0.3333333333333333,0.02502606882168926,0.0,0.42857142857142855,0.25,0,0,0,0,0,0,0,0,0,1,0,1,17185
0.0,0.0,0.0,0.004171011470281543,0.0,0.0,0.625,1,0,1,0,1,0,0,1,0,1,0,0,12066
0.7407407407407407,0.006578947368421052,0.6666666666666667,0.03753910323253389,1.0,0.42857142857142855,1.0,0,0,0,0,0,0,0,0,0,0,0,0,31286
0.20370370370370366,0.0043859649122807015,0.6666666666666667,0.03336809176225235,0.5,0.42857142857142855,0.625,1,1,0,0,0,0,0,1,1,0,1,0,21608
0.055555555555555525,0.0,1.0,0.043795620437956206,0.5,0.0,0.25,0,1,0,0,1,0,0,1,0,0,0,0,9239
0.09259259259259262,0.0,0.0,0.0010427528675703858,0.0,0.8571428571428571,1.0,1,0,1,0,1,0,0,0,0,0,0,0,13847
0.018518518518518545,0.0,0.3333333333333333,0.011470281543274244,0.0,0.0,0.25,1,0,1,0,1,0,0,0,0,1,1,0,9194
0.07407407407407407,0.0,0.3333333333333333,0.021897810218978103,0.0,0.0,1.0,0,0,1,0,1,0,0,0,0,0,1,0,9170
0.7407407407407407,0.008771929824561403,0.3333333333333333,0.01564129301355579,1.0,0.0,0.625,0,1,0,0,0,1,0,0,0,0,0,0,31437
0.7222222222222223,0.006578947368421052,0.0,0.0,0.5,0.42857142857142855,0.5,0,0,0,1,0,0,0,0,0,0,0,1,20795
0.6111111111111112,0.006578947368421052,0.0,0.006256517205422314,0.5,0.7857142857142857,0.125,1,1,0,0,0,1,0,0,1,0,0,1,27252
0.49999999999999994,0.0021929824561403508,0.3333333333333333,0.019812304483837334,0.5,0.42857142857142855,0.125,0,0,1,0,1,1,0,0,0,0,0,1,21287
0.07407407407407407,0.0,0.0,0.0010427528675703858,1.0,0.0,0.125,0,1,0,0,1,0,0,0,0,0,0,0,11855
0.2962962962962962,0.0,0.6666666666666667,0.03232533889468196,0.5,0.42857142857142855,0.625,0,0,1,0,1,0,0,0,1,0,0,1,19584
0.6111111111111112,0.006578947368421052,0.6666666666666667,0.03962460896767466,1.0,0.35714285714285715,0.5,0,0,0,0,0,0,0,0,1,0,1,0,31395
0.055555555555555525,0.0,0.3333333333333333,0.023983315954118876,0.0,0.0,0.5,0,0,1,0,1,0,0,0,0,0,1,0,6364
0.537037037037037,0.006578947368421052,0.0,0.0072992700729927005,0.5,0.42857142857142855,0.125,0,0,1,0,0,1,0,0,0,0,0,1,23555
0.5555555555555556,0.006578947368421052,1.0,0.05005213764337852,1.0,0.0,0.5,1,0,0,1,0,0,0,0,0,1,0,1,29904
0.3333333333333333,0.006578947368421052,0.0,0.00521376433785193,0.0,0.35714285714285715,1.0,1,0,0,1,0,0,1,0,0,1,1,0,19646
0.09259259259259262,0.0,0.3333333333333333,0.02085505735140772,0.0,0.0,0.25,1,1,0,0,1,0,0,0,0,0,1,0,5908
0.07407407407407407,0.0021929824561403508,1.0,0.0740354535974974,0.5,0.0,0.625,0,0,0,1,1,0,0,1,0,0,1,0,11632
0.9259259259259258,0.0021929824561403508,0.0,0.0031282586027111575,0.5,0.5714285714285714,0.5,1,0,1,0,1,0,0,0,0,0,0,1,30175
0.3888888888888889,0.006578947368421052,0.0,0.004171011470281543,0.0,0.0,0.25,0,0,0,0,0,0,0,0,1,0,0,1,9983
0.055555555555555525,0.006578947368421052,1.0,0.09071949947862357,0.5,0.0,0.25,1,0,0,1,0,0,0,0,0,1,0,1,11339
0.46296296296296297,0.008771929824561403,0.6666666666666667,0.03649635036496351,1.0,0.8571428571428571,0.625,1,0,0,1,0,0,1,0,0,1,0,1,32311
0.1111111111111111,0.0021929824561403508,0.3333333333333333,0.018769551616266946,0.0,0.0,1.0,1,0,0,1,1,0,0,0,0,0,1,0,9696
0.5185185185185186,0.008771929824561403,0.0,0.00521376433785193,0.5,0.5714285714285714,0.125,1,0,1,0,0,0,1,0,0,0,0,0,26607
0.4259259259259259,0.008771929824561403,1.0,0.05318039624608968,1.0,0.5714285714285714,0.625,1,0,0,1,0,0,0,1,0,1,1,0,33035
0.055555555555555525,0.0,0.0,0.0020855057351407717,0.0,0.0,0.25,1,1,0,0,1,0,0,1,1,0,0,0,6257
0.09259259259259262,0.0,0.3333333333333333,0.02502606882168926,0.0,0.8571428571428571,0.625,1,0,1,0,1,0,0,0,0,0,0,0,12484
0.09259259259259262,0.0043859649122807015,0.3333333333333333,0.01251303441084463,0.0,0.0,0.25,1,0,0,1,1,0,0,0,0,0,0,1,5807
0.537037037037037,0.006578947368421052,0.0,0.0020855057351407717,0.5,0.42857142857142855,0.625,1,0,0,1,0,0,0,0,0,1,1,0,24715
0.6111111111111112,0.0,0.6666666666666667,0.029197080291970805,1.0,0.5714285714285714,0.5,0,0,0,0,1,0,1,0,0,0,1,0,36401
0.7037037037037037,0.010964912280701754,0.0,0.006256517205422314,0.5,1.0,1.0,0,0,0,1,0,1,0,0,0,1,1,0,34066
0.1296296296296296,0.0,1.0,0.10010427528675704,1.0,0.0,0.5,0,1,0,0,1,0,0,1,0,0,0,0,14312
0.3333333333333333,0.0,1.0,0.09176225234619395,0.0,0.0,0.5,0,0,0,1,1,0,0,0,1,0,1,0,11259
0.7222222222222223,0.006578947368421052,0.3333333333333333,0.013555787278415015,1.0,0.42857142857142855,0.5,0,0,0,0,0,0,0,0,1,0,0,1,29603
0.24074074074074076,0.0,0.3333333333333333,0.01772679874869656,0.5,0.0,0.125,0,0,0,1,1,0,1,0,0,0,1,0,17208
0.018518518518518545,0.0,0.6666666666666667,0.03858185610010428,0.0,0.0,0.625,0,0,0,1,1,0,0,0,0,0,0,0,8040
0.037037037037037035,0.0,0.0,0.006256517205422314,0.5,0.0,0.5,0,0,0,1,1,0,0,0,0,0,0,0,10909
0.3703703703703704,0.006578947368421052,0.0,0.006256517205422314,0.0,0.35714285714285715,0.625,0,0,0,1,0,0,0,0,1,0,1,0,12881
0.6481481481481481,0.006578947368421052,0.3333333333333333,0.021897810218978103,0.0,0.35714285714285715,0.125,1,0,1,0,0,0,1,0,0,1,1,0,17486
0.24074074074074076,0.006578947368421052,0.6666666666666667,0.029197080291970805,0.5,0.5714285714285714,0.5,1,0,0,1,0,1,0,0,1,0,0,1,27665
0.037037037037037035,0.0,0.3333333333333333,0.013555787278415015,0.0,0.0,0.25,1,0,0,1,1,0,0,0,0,0,1,0,6057
0.6111111111111112,0.006578947368421052,0.3333333333333333,0.02294056308654849,1.0,0.42857142857142855,0.625,0,0,0,1,0,0,1,0,1,0,0,1,33527
0.1296296296296296,0.0021929824561403508,0.3333333333333333,0.009384775808133473,0.0,0.0,0.125,1,0,0,0,1,0,0,0,0,1,0,0,7837
0.27777777777777773,0.010964912280701754,0.0,0.00521376433785193,0.5,0.42857142857142855,0.625,0,0,0,0,0,0,0,0,1,0,0,0,20555
0.1296296296296296,0.0021929824561403508,0.6666666666666667,0.03545359749739312,0.0,0.0,0.25,0,0,0,1,1,1,0,0,0,0,0,0,10221
0.8703703703703705,0.0,0.6666666666666667,0.03441084462982273,1.0,0.35714285714285715,0.625,0,0,0,0,1,0,0,0,0,0,0,1,37030
0.6666666666666667,0.0021929824561403508,0.0,0.0072992700729927005,1.0,0.35714285714285715,0.25,0,0,1,0,1,1,0,0,0,0,1,0,32249
0.3148148148148148,0.006578947368421052,0.3333333333333333,0.023983315954118876,0.5,0.8571428571428571,0.625,1,0,1,0,0,0,1,0,0,0,0,1,23322
0.09259259259259262,0.0,0.3333333333333333,0.011470281543274244,0.0,0.0,0.0,0,0,0,0,1,0,0,1,0,1,1,0,8536
0.537037037037037,0.0043859649122807015,0.0,0.0031282586027111575,0.5,0.0,0.5,0,0,0,1,0,0,0,0,0,1,0,1,22317
0.20370370370370366,0.006578947368421052,0.3333333333333333,0.016684045881126174,0.5,0.42857142857142855,0.5,1,0,0,0,0,0,0,0,0,0,1,0,18781
0.6481481481481481,0.0043859649122807015,0.0,0.004171011470281543,0.5,1.0,0.25,1,1,0,0,0,0,1,0,0,1,0,0,30071
0.037037037037037035,0.0021929824561403508,0.6666666666666667,0.030239833159541193,0.0,0.0,0.125,0,0,0,0,1,0,0,0,0,0,1,0,5508
0.6296296296296295,0.006578947368421052,0.3333333333333333,0.01772679874869656,1.0,0.35714285714285715,1.0,1,0,1,0,0,0,1,0,0,0,0,1,34452
0.6851851851851851,0.0043859649122807015,0.0,0.0072992700729927005,1.0,0.42857142857142855,1.0,0,1,0,0,0,1,0,0,0,0,1,0,35173
0.8703703703703705,0.0021929824561403508,0.3333333333333333,0.01251303441084463,1.0,0.35714285714285715,0.25,0,0,0,1,0,0,0,0,1,0,0,1,36325
0.24074074074074076,0.0,0.6666666666666667,0.03128258602711158,0.5,0.5714285714285714,1.0,0,0,0,1,1,0,1,0,0,1,0,1,29475
0.537037037037037,0.006578947368421052,0.3333333333333333,0.016684045881126174,1.0,0.0,0.125,0,0,0,0,0,0,1,0,1,0,0,1,28488
0.7407407407407407,0.008771929824561403,0.0,0.0,0.5,0.42857142857142855,0.625,0,0,1,0,0,1,0,0,1,0,0,1,27371
0.055555555555555525,0.0,0.3333333333333333,0.01251303441084463,0.0,0.0,0.5,0,0,1,0,1,0,0,0,0,0,1,0,7255
0.1111111111111111,0.0,0.0,0.0072992700729927005,0.0,0.0,0.0,0,0,1,0,1,0,0,1,0,0,0,0,5727
0.22222222222222227,0.0021929824561403508,0.0,0.0072992700729927005,0.0,0.42857142857142855,0.625,0,1,0,0,1,0,1,0,0,0,0,1,14076
0.49999999999999994,0.006578947368421052,0.0,0.00521376433785193,0.0,0.5714285714285714,0.625,1,0,1,0,0,1,0,0,1,0,0,0,20781
0.574074074074074,0.006578947368421052,1.0,0.09280500521376434,0.5,0.42857142857142855,0.625,1,0,1,0,0,1,0,0,0,0,0,0,26528
0.25925925925925924,0.006578947368421052,0.0,0.0010427528675703858,0.0,0.0,0.625,0,1,0,0,0,0,1,0,0,0,1,0,13282
0.055555555555555525,0.0,1.0,0.05318039624608968,0.5,0.0,0.25,0,0,0,1,1,0,0,1,0,0,0,0,10148
0.5925925925925926,0.0,0.0,0.008342022940563087,0.0,0.42857142857142855,0.25,0,1,0,0,1,0,0,0,0,0,1,0,11722
0.6666666666666667,0.008771929824561403,0.6666666666666667,0.03649635036496351,1.0,0.0,0.25,1,1,0,0,0,0,1,0,0,0,0,0,27524
0.18518518518518517,0.0,0.0,0.0072992700729927005,0.0,0.35714285714285715,0.125,0,0,1,0,1,1,0,0,0,0,1,0,14157
0.07407407407407407,0.0021929824561403508,0.0,0.00521376433785193,0.0,0.0,0.625,1,0,0,0,1,0,0,1,0,0,0,0,7337
0.6851851851851851,0.0043859649122807015,0.0,0.0010427528675703858,0.5,0.42857142857142855,0.25,0,0,0,1,0,0,1,0,0,0,1,0,21741
0.46296296296296297,0.0021929824561403508,0.0,0.0072992700729927005,0.0,0.5714285714285714,1.0,1,1,0,0,1,1,0,0,0,1,0,0,24418
0.09259259259259262,0.0,0.6666666666666667,0.027111574556830033,0.0,0.42857142857142855,0.625,0,0,0,0,1,0,0,0,0,1,0,1,13060
0.037037037037037035,0.0,0.0,0.0020855057351407717,0.5,0.0,0.625,1,0,0,0,1,0,0,0,1,0,1,0,12098
0.574074074074074,0.0,0.6666666666666667,0.03962460896767466,1.0,0.35714285714285715,1.0,1,0,1,0,1,1,0,0,1,0,1,0,36120
0.27777777777777773,0.0,0.6666666666666667,0.03545359749739312,1.0,0.0,0.5,0,0,0,1,1,0,0,1,0,0,0,0,23330
0.0,0.0,0.3333333333333333,0.009384775808133473,0.0,0.0,0.625,1,0,0,1,1,0,1,0,0,0,1,0,10446
0.7777777777777779,0.0043859649122807015,1.0,0.09384775808133473,0.5,0.42857142857142855,0.0,0,0,0,0,0,0,0,0,0,0,0,1,19309
0.16666666666666669,0.0,0.3333333333333333,0.018769551616266946,1.0,0.8571428571428571,0.625,0,0,0,1,1,0,0,1,0,0,1,0,28859
0.055555555555555525,0.006578947368421052,1.0,0.07090719499478623,0.5,0.0,0.25,1,0,1,0,0,0,0,1,0,1,0,1,11750
0.6851851851851851,0.006578947368421052,0.3333333333333333,0.019812304483837334,1.0,0.42857142857142855,0.5,1,0,0,1,0,0,1,0,0,1,0,1,35531
0.1111111111111111,0.0,0.6666666666666667,0.02606882168925965,1.0,0.0,0.25,0,0,1,0,1,0,0,0,1,0,0,0,13692
0.7777777777777779,0.0043859649122807015,0.3333333333333333,0.016684045881126174,1.0,0.42857142857142855,0.125,0,0,0,0,0,0,0,1,0,0,0,1,27600
0.537037037037037,0.010964912280701754,0.3333333333333333,0.01251303441084463,1.0,0.42857142857142855,0.625,0,0,0,1,0,0,0,1,0,1,0,1,34298
0.1111111111111111,0.0,0.0,0.0031282586027111575,0.0,0.0,1.0,0,0,0,1,1,0,0,0,0,0,0,0,9261
0.7777777777777779,0.010964912280701754,0.0,0.008342022940563087,0.5,0.5714285714285714,0.25,0,1,0,0,0,0,0,0,0,0,0,1,25317
0.3703703703703704,0.006578947368421052,0.0,0.0020855057351407717,0.0,0.5714285714285714,0.5,1,0,0,0,0,0,1,0,0,1,1,0,20919
0.037037037037037035,0.0,0.6666666666666667,0.03858185610010428,0.0,0.0,0.0,0,1,0,0,1,0,1,0,0,0,0,0,6972
0.055555555555555525,0.0,0.0,0.0072992700729927005,0.0,0.42857142857142855,0.625,0,0,0,0,1,0,0,0,0,1,0,0,12608
0.537037037037037,0.006578947368421052,0.0,0.006256517205422314,0.5,0.42857142857142855,0.625,1,0,1,0,0,0,0,0,0,1,1,0,24549
0.055555555555555525,0.0021929824561403508,0.0,0.008342022940563087,0.5,0.0,0.25,0,1,0,0,1,0,0,0,0,0,0,0,9567
0.20370370370370366,0.0,0.3333333333333333,0.009384775808133473,0.5,0.42857142857142855,0.25,1,0,1,0,1,0,0,0,0,1,1,0,20689
0.09259259259259262,0.0,0.3333333333333333,0.018769551616266946,0.0,0.0,0.5,0,1,0,0,1,0,0,0,0,0,1,0,7049
0.48148148148148145,0.0043859649122807015,0.0,0.00521376433785193,0.5,0.35714285714285715,0.625,1,0,0,1,0,1,0,0,0,0,1,0,22481
0.2962962962962962,0.006578947368421052,0.0,0.00521376433785193,0.0,1.0,0.125,1,0,1,0,0,0,1,0,0,1,1,0,19506
0.0,0.0,1.0,0.04692387904066737,0.5,0.0,0.25,1,0,1,0,1,0,0,1,0,0,0,0,8870
0.4074074074074074,0.008771929824561403,1.0,0.054223149113660066,0.5,0.35714285714285715,0.25,1,0,0,1,0,0,1,0,0,0,0,1,18710
0.4259259259259259,0.006578947368421052,0.3333333333333333,0.02085505735140772,0.5,0.42857142857142855,0.25,1,0,1,0,0,0,0,0,0,1,1,0,19329
0.5555555555555556,0.006578947368421052,0.0,0.00521376433785193,0.5,0.42857142857142855,0.5,0,0,1,0,0,0,0,0,0,0,0,1,22041
0.49999999999999994,0.0043859649122807015,0.0,0.0,0.0,0.42857142857142855,0.625,0,0,0,0,1,0,0,0,0,1,1,0,15527
0.018518518518518545,0.0,0.3333333333333333,0.009384775808133473,0.0,0.0,0.25,1,1,0,0,1,0,1,0,0,0,1,0,8736
0.24074074074074076,0.006578947368421052,0.3333333333333333,0.018769551616266946,0.5,0.8571428571428571,0.25,0,0,1,0,0,0,1,0,0,0,0,0,21576
0.055555555555555525,0.0021929824561403508,0.0,0.0031282586027111575,1.0,0.0,1.0,0,0,0,0,1,0,0,1,0,0,1,0,15837
0.44444444444444436,0.010964912280701754,1.0,0.0521376433785193,1.0,0.42857142857142855,0.625,1,0,0,1,0,1,0,0,0,1,1,0,32850
0.1296296296296296,0.0043859649122807015,1.0,0.051094890510948905,0.5,0.0,0.5,1,1,0,0,1,0,0,0,0,0,0,0,10588
0.24074074074074076,0.0021929824561403508,1.0,0.05735140771637122,0.5,0.35714285714285715,0.25,1,1,0,0,1,1,0,0,0,1,1,0,23412
0.09259259259259262,0.0,0.0,0.0,0.0,0.0,0.25,1,0,0,0,1,0,0,0,0,0,0,0,5427
0.1296296296296296,0.0,0.3333333333333333,0.02502606882168926,0.5,0.0,0.0,0,1,0,0,1,0,0,1,0,1,1,0,11798
0.09259259259259262,0.0,1.0,0.08550573514077164,0.5,0.0,0.625,1,0,0,1,1,0,0,0,0,0,1,0,11242
0.1296296296296296,0.0,1.0,0.0886339937434828,0.5,0.0,1.0,1,1,0,0,1,0,0,0,0,1,0,0,16189
0.49999999999999994,0.008771929824561403,0.0,0.0031282586027111575,0.0,0.0,0.25,1,0,0,1,0,0,0,0,0,1,0,0,12356
0.46296296296296297,0.008771929824561403,0.3333333333333333,0.02085505735140772,0.5,0.42857142857142855,0.25,1,1,0,0,0,1,0,0,1,0,0,0,22490
0.037037037037037035,0.0043859649122807015,0.0,0.006256517205422314,0.0,0.0,0.625,0,0,1,0,1,0,0,1,0,0,0,1,7592
0.055555555555555525,0.0,0.3333333333333333,0.01772679874869656,0.0,0.0,0.125,1,0,0,0,1,1,0,0,0,1,1,0,11527
0.22222222222222227,0.0043859649122807015,0.6666666666666667,0.03545359749739312,0.5,0.42857142857142855,0.0,1,1,0,0,0,0,0,1,0,0,0,1,16549
0.49999999999999994,0.006578947368421052,0.6666666666666667,0.04066736183524505,0.5,0.42857142857142855,0.25,1,0,1,0,0,0,0,0,0,1,0,1,21176
0.574074074074074,0.006578947368421052,0.3333333333333333,0.009384775808133473,1.0,0.42857142857142855,0.125,0,0,1,0,0,0,1,0,0,1,0,1,33288
0.07407407407407407,0.0,0.3333333333333333,0.014598540145985403,0.0,0.0,0.5,0,1,0,0,1,0,0,0,0,0,0,1,7631
0.27777777777777773,0.006578947368421052,0.0,0.0,0.0,0.42857142857142855,0.125,1,0,0,1,0,0,1,0,0,1,1,0,14400
0.07407407407407407,0.0021929824561403508,0.0,0.008342022940563087,0.0,0.0,0.5,0,0,1,0,1,0,1,0,0,0,1,0,8970
0.1111111111111111,0.0,0.0,0.0,0.0,0.0,0.625,0,0,1,0,1,0,1,0,0,1,0,0,12898
0.1111111111111111,0.0,0.0,0.0072992700729927005,0.0,0.0,0.125,0,0,0,1,1,0,0,0,0,0,1,0,4806
0.6296296296296295,0.0043859649122807015,0.3333333333333333,0.01251303441084463,1.0,0.0,0.625,0,1,0,0,0,0,0,0,0,0,0,1,27776
0.20370370370370366,0.0,0.3333333333333333,0.011470281543274244,0.5,0.5714285714285714,0.25,1,0,0,1,1,0,1,0,0,0,1,0,23907
0.09259259259259262,0.0,0.6666666666666667,0.02502606882168926,0.0,0.0,0.25,0,0,1,0,1,0,1,0,0,1,0,0,11207
0.6851851851851851,0.0043859649122807015,0.0,0.0031282586027111575,0.0,0.35714285714285715,0.625,1,0,0,0,0,0,1,0,0,1,1,0,18486
0.4259259259259259,0.006578947368421052,1.0,0.06047966631908238,1.0,0.35714285714285715,0.125,1,0,1,0,0,0,0,0,0,1,1,0,26663
0.3148148148148148,0.0,0.0,0.00521376433785193,0.5,0.42857142857142855,0.625,1,0,0,0,1,0,0,0,0,0,1,0,19895
0.27777777777777773,0.0021929824561403508,0.0,0.006256517205422314,0.0,0.42857142857142855,0.625,0,1,0,0,1,0,1,0,0,1,1,0,18181
0.4074074074074074,0.0043859649122807015,0.3333333333333333,0.014598540145985403,0.5,0.42857142857142855,1.0,0,0,1,0,0,0,0,0,1,0,1,0,22321
0.0,0.0,0.0,0.00521376433785193,0.0,0.35714285714285715,0.125,0,0,0,1,1,0,0,0,0,0,1,0,7899
0.6481481481481481,0.008771929824561403,0.6666666666666667,0.03336809176225235,1.0,0.42857142857142855,0.5,1,1,0,0,0,1,0,0,0,0,0,0,32539
0.25925925925925924,0.006578947368421052,0.6666666666666667,0.028154327424400417,0.5,0.42857142857142855,0.625,0,0,1,0,0,0,1,0,0,0,0,1,20987
0.07407407407407407,0.0,0.0,0.0,0.0,0.0,0.625,1,0,1,0,1,0,0,1,0,1,0,0,12013
0.3888888888888889,0.0,0.3333333333333333,0.013555787278415015,0.5,0.42857142857142855,0.25,1,0,1,0,1,0,0,0,0,0,0,0,17581
0.49999999999999994,0.006578947368421052,0.6666666666666667,0.03441084462982273,0.5,0.35714285714285715,0.125,0,0,0,1,0,0,1,0,0,0,0,0,18030
0.25925925925925924,0.006578947368421052,0.3333333333333333,0.021897810218978103,0.5,0.0,0.125,0,0,1,0,0,0,0,0,0,0,1,0,13914
0.2962962962962962,0.0,0.6666666666666667,0.03128258602711158,0.5,0.42857142857142855,0.625,1,0,0,1,1,0,0,0,0,0,0,1,19660
0.14814814814814814,0.0,0.0,0.008342022940563087,0.5,0.0,0.25,0,0,1,0,1,0,0,0,1,0,1,0,16107
0.48148148148148145,0.0,0.0,0.0031282586027111575,0.0,0.0,0.0,1,0,0,1,1,0,0,0,0,1,1,0,11548
0.3333333333333333,0.0,0.6666666666666667,0.03441084462982273,0.5,0.42857142857142855,0.5,0,0,0,0,1,0,0,0,1,0,1,0,19634
0.037037037037037035,0.0,0.0,0.0020855057351407717,0.0,0.0,0.125,1,0,0,0,1,0,0,0,1,0,1,0,5379
0.1111111111111111,0.0,0.3333333333333333,0.01772679874869656,0.0,0.0,0.25,0,0,0,1,1,0,0,0,0,0,0,0,5483
0.7407407407407407,0.0043859649122807015,0.6666666666666667,0.03441084462982273,1.0,0.0,0.625,0,0,0,1,0,1,0,0,0,0,0,1,31343
0.055555555555555525,0.0021929824561403508,0.0,0.0020855057351407717,1.0,0.0,0.125,1,0,0,1,1,0,1,0,0,0,1,0,13943
0.5925925925925926,0.0,0.3333333333333333,0.023983315954118876,1.0,0.0,0.5,0,0,1,0,1,0,0,0,0,0,0,1,26504
0.4074074074074074,0.006578947368421052,0.0,0.00521376433785193,0.0,0.42857142857142855,0.125,0,0,0,0,0,0,1,0,1,0,1,0,13980
0.7777777777777779,0.0043859649122807015,0.0,0.0,0.5,0.5714285714285714,0.25,0,1,0,0,0,0,0,0,0,0,0,1,24479
0.5555555555555556,0.010964912280701754,0.0,0.008342022940563087,0.5,0.42857142857142855,0.625,0,0,1,0,0,1,0,0,0,0,0,1,26226
0.3148148148148148,0.0043859649122807015,0.0,0.00521376433785193,0.0,0.42857142857142855,0.5,1,0,0,1,0,0,0,1,0,0,1,0,12509
0.1111111111111111,0.0,0.3333333333333333,0.02294056308654849,0.0,0.0,0.5,1,0,0,1,1,0,0,0,0,0,0,0,7026
0.49999999999999994,0.0043859649122807015,0.6666666666666667,0.04066736183524505,0.0,0.42857142857142855,0.125,1,1,0,0,0,0,1,0,0,1,1,0,16052
0.5555555555555556,0.0043859649122807015,0.6666666666666667,0.03441084462982273,1.0,0.0,0.5,0,0,0,1,0,1,0,0,0,0,0,1,32213
0.5925925925925926,0.008771929824561403,0.0,0.0010427528675703858,0.5,0.8571428571428571,0.25,1,0,0,1,0,0,1,0,0,1,0,1,27887
0.24074074074074076,0.0021929824561403508,0.6666666666666667,0.03232533889468196,0.5,0.35714285714285715,0.5,1,0,0,1,1,0,0,1,0,1,1,0,21920
0.2962962962962962,0.010964912280701754,0.0,0.0072992700729927005,0.0,0.8571428571428571,0.125,0,0,1,0,0,1,0,0,0,0,1,0,16794
0.20370370370370366,0.0,0.3333333333333333,0.01251303441084463,0.5,0.42857142857142855,0.625,0,1,0,0,1,0,0,0,1,0,1,0,19367
0.6296296296296295,0.0043859649122807015,0.0,0.0,0.5,0.35714285714285715,0.5,0,0,1,0,0,1,0,0,1,0,0,1,26575
0.27777777777777773,0.0,0.3333333333333333,0.018769551616266946,0.5,0.42857142857142855,0.125,1,0,1,0,1,0,1,0,0,1,0,1,20761
0.22222222222222227,0.0043859649122807015,0.6666666666666667,0.03128258602711158,1.0,0.35714285714285715,0.625,1,0,0,1,0,1,0,0,0,1,1,0,32022
0.22222222222222227,0.010964912280701754,0.6666666666666667,0.027111574556830033,0.5,0.42857142857142855,0.625,0,1,0,0,0,0,1,0,0,0,0,0,21173
0.6666666666666667,0.010964912280701754,0.0,0.0031282586027111575,0.5,0.42857142857142855,0.0,0,0,1,0,0,0,0,0,0,0,0,0,18907
0.7777777777777779,0.006578947368421052,0.6666666666666667,0.03128258602711158,0.5,0.42857142857142855,0.625,0,0,0,1,0,0,0,0,0,1,0,1,25570
0.6666666666666667,0.0043859649122807015,1.0,0.0740354535974974,1.0,0.5714285714285714,0.25,1,0,1,0,0,0,0,0,0,0,0,1,32177
0.1111111111111111,0.0,0.6666666666666667,0.03336809176225235,0.5,0.0,0.625,0,1,0,0,1,0,1,0,0,0,0,0,12176
0.4074074074074074,0.0043859649122807015,0.6666666666666667,0.028154327424400417,0.5,1.0,0.625,0,0,0,0,1,0,1,0,0,0,0,0,25008
0.6851851851851851,0.0021929824561403508,0.3333333333333333,0.014598540145985403,1.0,0.35714285714285715,0.25,1,0,1,0,1,0,1,0,0,0,1,0,29917
0.09259259259259262,0.0,0.3333333333333333,0.018769551616266946,0.0,0.0,0.625,0,0,1,0,1,0,0,1,0,0,1,0,7422
0.1296296296296296,0.0,0.3333333333333333,0.018769551616266946,0.0,0.0,0.25,1,0,0,1,1,0,1,0,0,1,0,1,11195
0.8703703703703705,0.0043859649122807015,0.6666666666666667,0.03858185610010428,1.0,0.5714285714285714,0.125,0,1,0,0,0,0,0,1,0,0,0,1,38325
0.1296296296296296,0.0,0.3333333333333333,0.021897810218978103,0.0,0.0,0.625,0,0,1,0,1,0,0,1,0,0,0,1,8356
0.6481481481481481,0.008771929824561403,0.6666666666666667,0.03232533889468196,1.0,1.0,1.0,1,1,0,0,0,0,0,0,0,0,1,0,36426
0.22222222222222227,0.0043859649122807015,0.3333333333333333,0.023983315954118876,0.5,0.42857142857142855,0.5,0,0,0,1,0,0,0,0,0,0,0,0,17507
0.574074074074074,0.008771929824561403,0.0,0.006256517205422314,0.5,0.8571428571428571,0.25,0,0,0,0,0,0,1,0,0,0,1,0,24788
0.055555555555555525,0.0021929824561403508,0.3333333333333333,0.010427528675703858,0.0,0.0,0.125,1,1,0,0,1,0,0,1,0,1,0,0,8844
0.25925925925925924,0.0,1.0,0.04275286757038582,1.0,0.42857142857142855,0.125,0,0,1,0,1,0,0,0,0,1,1,0,26736
0.49999999999999994,0.006578947368421052,0.6666666666666667,0.03649635036496351,0.5,0.42857142857142855,0.25,1,1,0,0,0,0,0,0,0,1,1,0,19339
0.1296296296296296,0.0,0.6666666666666667,0.03858185610010428,0.0,0.0,0.625,0,0,1,0,1,0,1,0,0,0,1,0,10383
0.7222222222222223,0.0043859649122807015,0.6666666666666667,0.03336809176225235,1.0,0.35714285714285715,0.125,0,0,0,1,0,1,0,0,0,0,0,1,30670
0.09259259259259262,0.0,0.3333333333333333,0.01251303441084463,0.0,0.0,0.5,0,0,1,0,1,0,0,0,0,1,0,1,9557
0.24074074074074076,0.006578947368421052,1.0,0.07924921793534932,1.0,0.8571428571428571,0.125,1,0,1,0,0,0,0,0,0,1,0,1,27736
0.44444444444444436,0.006578947368421052,0.0,0.008342022940563087,0.0,0.42857142857142855,0.25,1,1,0,0,0,0,1,0,0,1,1,0,16228
0.18518518518518517,0.010964912280701754,0.0,0.0072992700729927005,0.0,0.35714285714285715,0.125,0,0,0,0,0,0,0,1,1,0,0,0,12776
0.5925925925925926,0.0,0.3333333333333333,0.010427528675703858,1.0,0.5714285714285714,0.5,0,0,0,1,1,0,0,0,0,0,0,1,34362
0.055555555555555525,0.0,0.6666666666666667,0.03858185610010428,0.0,0.0,0.125,1,1,0,0,1,0,0,0,0,1,0,0,8309
0.20370370370370366,0.006578947368421052,0.0,0.00521376433785193,0.0,0.42857142857142855,0.5,0,0,0,1,0,0,0,0,0,0,1,0,12243
0.14814814814814814,0.0043859649122807015,0.6666666666666667,0.04066736183524505,0.5,0.42857142857142855,0.625,0,0,1,0,0,1,0,0,0,0,0,0,23960
0.055555555555555525,0.0021929824561403508,0.0,0.0020855057351407717,0.0,0.0,0.25,0,0,0,0,1,0,0,0,0,1,1,0,8700
0.055555555555555525,0.0043859649122807015,0.3333333333333333,0.023983315954118876,0.0,0.0,0.5,0,1,0,0,0,0,0,0,0,0,0,0,7508
0.3333333333333333,0.006578947368421052,0.3333333333333333,0.014598540145985403,0.5,0.8571428571428571,0.5,0,0,0,0,0,0,1,0,0,0,0,1,23177
0.6851851851851851,0.008771929824561403,0.6666666666666667,0.03441084462982273,1.0,0.35714285714285715,0.625,0,0,1,0,0,0,1,0,0,0,0,1,32593
0.25925925925925924,0.0043859649122807015,0.3333333333333333,0.02085505735140772,0.5,0.42857142857142855,0.625,0,0,1,0,0,0,0,0,1,0,0,1,20038
0.24074074074074076,0.0,0.6666666666666667,0.027111574556830033,0.5,0.35714285714285715,0.25,0,0,1,0,1,0,0,0,0,0,0,1,17956
0.48148148148148145,0.006578947368421052,0.3333333333333333,0.013555787278415015,0.5,0.0,0.625,0,0,0,1,0,0,1,0,0,0,0,1,18742
0.1296296296296296,0.0,1.0,0.07716371220020855,0.5,0.0,0.625,0,1,0,0,1,0,0,0,0,1,1,0,14597
0.7777777777777779,0.006578947368421052,0.3333333333333333,0.009384775808133473,1.0,0.42857142857142855,0.25,0,0,0,1,0,0,0,0,0,0,0,1,27739
0.7592592592592593,0.006578947368421052,0.3333333333333333,0.01772679874869656,1.0,0.42857142857142855,1.0,0,1,0,0,0,0,0,0,0,0,0,1,31180
0.5925925925925926,0.0043859649122807015,0.6666666666666667,0.030239833159541193,1.0,0.8571428571428571,1.0,1,0,1,0,0,1,0,0,1,0,0,0,37928
0.0,0.0021929824561403508,0.0,0.0010427528675703858,0.0,0.0,1.0,0,0,1,0,1,1,0,0,0,1,0,0,16768
0.7407407407407407,0.006578947368421052,0.3333333333333333,0.013555787278415015,1.0,0.42857142857142855,0.5,1,0,0,1,0,0,0,0,0,1,1,0,33357
0.49999999999999994,0.008771929824561403,0.0,0.0,0.0,0.42857142857142855,0.5,0,0,0,1,0,0,0,0,1,0,1,0,12001
0.7222222222222223,0.006578947368421052,0.6666666666666667,0.03232533889468196,1.0,0.8571428571428571,0.0,0,0,1,0,0,1,0,0,0,0,1,0,33495
0.2962962962962962,0.008771929824561403,0.0,0.0010427528675703858,0.0,0.35714285714285715,0.625,1,0,0,0,0,0,0,0,0,0,0,0,12353
0.6111111111111112,0.006578947368421052,1.0,0.10114702815432743,1.0,0.42857142857142855,0.625,0,0,0,1,0,1,0,0,0,0,1,0,34938
0.44444444444444436,0.0043859649122807015,0.3333333333333333,0.02085505735140772,0.5,0.42857142857142855,0.125,0,1,0,0,0,0,0,0,0,0,1,0,17590
0.6481481481481481,0.0043859649122807015,0.6666666666666667,0.03649635036496351,1.0,0.5714285714285714,0.625,1,1,0,0,0,0,0,0,0,1,0,1,37927
0.7037037037037037,0.0043859649122807015,0.0,0.0010427528675703858,0.0,0.42857142857142855,0.25,1,0,1,0,1,0,0,0,0,0,0,0,12318
0.14814814814814814,0.0043859649122807015,0.0,0.0072992700729927005,0.0,0.42857142857142855,0.25,0,0,1,0,0,0,1,0,0,0,0,1,13538
0.7407407407407407,0.0043859649122807015,0.6666666666666667,0.03336809176225235,1.0,0.42857142857142855,0.625,0,0,0,0,0,1,0,0,0,0,0,1,33157
0.1296296296296296,0.0,0.3333333333333333,0.013555787278415015,0.0,0.0,0.625,1,0,1,0,1,0,0,0,0,0,0,0,7901
0.537037037037037,0.008771929824561403,0.3333333333333333,0.02502606882168926,0.0,0.42857142857142855,0.25,1,0,1,0,0,0,1,0,0,0,0,1,14302
0.0,0.0,0.0,0.004171011470281543,0.5,0.0,0.625,0,0,0,0,1,0,0,1,0,0,0,0,10754
0.3703703703703704,0.0043859649122807015,0.0,0.0031282586027111575,0.0,1.0,0.125,1,0,0,0,0,0,1,0,0,1,0,1,20166
0.7037037037037037,0.008771929824561403,0.6666666666666667,0.030239833159541193,1.0,0.42857142857142855,0.5,1,0,1,0,0,0,0,1,0,1,0,1,33201
0.0,0.0021929824561403508,0.3333333333333333,0.023983315954118876,0.0,0.0,0.625,0,1,0,0,1,0,0,0,0,0,1,0,8284
0.6481481481481481,0.0021929824561403508,0.0,0.0020855057351407717,0.5,0.35714285714285715,0.25,0,0,0,0,1,1,0,0,0,0,1,0,24459
0.5185185185185186,0.006578947368421052,0.0,0.0072992700729927005,0.5,0.42857142857142855,0.625,1,0,1,0,0,0,0,0,0,1,1,0,24746
0.537037037037037,0.006578947368421052,1.0,0.051094890510948905,1.0,0.5714285714285714,0.25,0,0,0,1,0,0,0,0,0,0,0,1,31467
0.1296296296296296,0.0021929824561403508,0.3333333333333333,0.010427528675703858,0.0,0.0,0.25,1,0,1,0,1,0,0,0,0,1,0,0,8348
0.055555555555555525,0.0,1.0,0.07507820646506778,0.5,0.0,0.125,1,0,1,0,1,0,0,0,0,1,1,0,11230
0.4074074074074074,0.006578947368421052,0.3333333333333333,0.019812304483837334,0.5,0.42857142857142855,0.25,1,0,1,0,0,0,0,1,0,1,1,0,21444
0.5185185185185186,0.006578947368421052,0.0,0.0072992700729927005,0.5,0.7857142857142857,0.5,1,0,1,0,0,0,1,0,0,0,1,0,25566
0.1296296296296296,0.0,1.0,0.07716371220020855,1.0,0.0,0.25,0,1,0,0,1,0,0,0,0,0,0,0,12313
0.018518518518518545,0.0021929824561403508,0.3333333333333333,0.014598540145985403,0.0,1.0,0.25,1,1,0,0,1,0,0,0,0,0,0,1,11958
0.20370370370370366,0.006578947368421052,0.3333333333333333,0.009384775808133473,0.5,0.42857142857142855,0.625,1,1,0,0,0,1,0,0,0,1,0,1,26199
0.22222222222222227,0.0,0.0,0.0072992700729927005,0.5,0.35714285714285715,1.0,0,0,0,0,1,0,0,1,0,0,0,1,21252
0.037037037037037035,0.0,0.3333333333333333,0.01772679874869656,0.0,0.0,1.0,1,0,0,0,1,0,0,0,0,1,1,0,13106
0.2962962962962962,0.006578947368421052,0.0,0.0031282586027111575,0.5,0.0,0.125,0,0,0,0,0,0,0,1,1,0,1,0,17065
0.1111111111111111,0.0,0.3333333333333333,0.018769551616266946,0.0,0.0,0.625,0,0,1,0,1,0,0,0,0,0,0,0,6606
0.0,0.0021929824561403508,0.6666666666666667,0.04066736183524505,0.0,0.5714285714285714,0.125,0,0,0,1,1,0,0,0,0,0,1,0,11694
0.3518518518518518,0.0,0.6666666666666667,0.027111574556830033,1.0,0.35714285714285715,0.25,0,0,1,0,1,0,0,0,0,1,1,0,26276
0.22222222222222227,0.0,0.0,0.0,0.0,0.42857142857142855,0.125,1,0,0,1,1,1,0,0,0,1,0,0,16489
0.1296296296296296,0.0,0.3333333333333333,0.009384775808133473,0.0,0.35714285714285715,0.125,0,0,0,1,1,0,1,0,0,0,0,1,8404
0.7407407407407407,0.0,0.3333333333333333,0.01564129301355579,0.0,0.35714285714285715,0.5,0,0,1,0,1,0,0,0,0,0,1,0,13035
0.09259259259259262,0.0,0.3333333333333333,0.014598540145985403,0.0,0.8571428571428571,0.125,0,1,0,0,1,0,0,0,0,0,0,0,9265
0.7592592592592593,0.010964912280701754,0.0,0.0031282586027111575,0.5,0.42857142857142855,0.5,0,1,0,0,0,0,0,0,0,0,1,0,21850
0.7407407407407407,0.010964912280701754,0.6666666666666667,0.028154327424400417,1.0,0.0,0.25,0,1,0,0,0,0,0,1,1,0,0,1,27063
0.3518518518518518,0.006578947368421052,0.3333333333333333,0.02294056308654849,0.5,0.42857142857142855,0.25,0,0,1,0,0,0,0,0,1,0,0,1,17537
0.018518518518518545,0.0,0.0,0.008342022940563087,0.0,0.0,0.25,1,0,0,0,1,0,0,0,0,0,1,0,4821
0.4259259259259259,0.008771929824561403,0.6666666666666667,0.03858185610010428,0.5,0.42857142857142855,0.625,1,0,0,1,0,0,0,0,0,0,1,0,19020
0.48148148148148145,0.0043859649122807015,0.3333333333333333,0.01772679874869656,0.5,0.35714285714285715,0.5,0,0,0,0,0,1,0,0,1,0,1,0,23621
0.48148148148148145,0.006578947368421052,0.3333333333333333,0.021897810218978103,0.5,0.0,0.625,1,0,0,0,0,0,0,0,0,0,1,0,18031
0.27777777777777773,0.0043859649122807015,0.0,0.0031282586027111575,0.5,0.8571428571428571,0.5,1,0,1,0,0,0,1,0,0,0,1,0,21589
0.6666666666666667,0.0043859649122807015,1.0,0.05526590198123045,1.0,0.5714285714285714,0.5,0,0,0,1,0,1,0,0,1,0,1,0,37726
0.537037037037037,0.0021929824561403508,0.3333333333333333,0.013555787278415015,1.0,0.42857142857142855,0.125,0,0,0,1,1,1,0,0,0,1,0,0,34433
0.46296296296296297,0.0021929824561403508,0.0,0.0031282586027111575,0.5,0.0,0.25,0,0,0,1,1,0,0,0,0,0,1,0,15072
0.2962962962962962,0.008771929824561403,0.3333333333333333,0.016684045881126174,0.5,0.0,0.625,0,1,0,0,0,0,1,0,0,0,0,1,18665
0.07407407407407407,0.0,1.0,0.07820646506777894,0.5,0.0,1.0,0,0,0,0,1,0,1,0,0,0,1,0,14092
0.7592592592592593,0.0021929824561403508,0.3333333333333333,0.023983315954118876,1.0,0.42857142857142855,0.625,1,0,0,1,1,0,1,0,0,1,1,0,34173
0.25925925925925924,0.0021929824561403508,0.3333333333333333,0.01251303441084463,0.5,0.42857142857142855,0.5,0,0,1,0,1,0,0,1,1,0,1,0,19066
0.6481481481481481,0.006578947368421052,0.3333333333333333,0.016684045881126174,1.0,0.42857142857142855,0.25,0,0,0,1,0,1,0,0,0,1,0,0,34710
0.3703703703703704,0.006578947368421052,0.3333333333333333,0.010427528675703858,0.5,0.5714285714285714,0.25,0,0,1,0,0,0,0,0,1,0,0,0,22882
0.3518518518518518,0.0043859649122807015,1.0,0.06465067778936393,1.0,0.42857142857142855,0.25,1,0,0,1,0,1,0,0,1,0,1,0,28606
0.6851851851851851,0.006578947368421052,0.0,0.0031282586027111575,0.5,0.42857142857142855,0.5,1,0,1,0,0,0,0,0,0,0,0,0,21753
0.037037037037037035,0.0021929824561403508,0.6666666666666667,0.027111574556830033,0.0,0.0,0.625,0,0,1,0,1,0,0,1,0,0,0,1,8267
0.3703703703703704,0.0021929824561403508,0.0,0.0072992700729927005,0.0,0.7857142857142857,0.5,1,0,1,0,1,0,0,0,1,0,1,0,14153
0.07407407407407407,0.0,0.3333333333333333,0.011470281543274244,0.0,0.0,0.625,1,0,0,1,1,0,0,0,0,0,1,0,6858
0.7407407407407407,0.008771929824561403,0.0,0.006256517205422314,0.5,0.42857142857142855,0.125,1,0,0,1,0,1,0,0,0,1,1,0,27371
0.46296296296296297,0.006578947368421052,0.0,0.0,1.0,1.0,0.0,0,0,0,1,0,0,0,0,0,1,1,0,30473
0.055555555555555525,0.0043859649122807015,0.0,0.0072992700729927005,0.0,1.0,0.625,0,1,0,0,1,0,0,1,0,0,1,0,13291
0.018518518518518545,0.0,0.0,0.004171011470281543,0.0,0.0,1.0,1,0,1,0,1,0,0,1,1,0,0,0,11498
0.6296296296296295,0.006578947368421052,0.6666666666666667,0.04066736183524505,1.0,0.42857142857142855,0.25,1,0,1,0,0,0,1,0,0,0,0,0,31081
0.1111111111111111,0.0,1.0,0.08967674661105318,0.5,0.0,0.0,0,0,1,0,1,0,0,0,0,0,0,0,7405
0.7407407407407407,0.0021929824561403508,0.0,0.00521376433785193,0.0,0.35714285714285715,0.125,0,1,0,0,1,0,1,0,1,0,0,0,13854
0.09259259259259262,0.0,0.3333333333333333,0.018769551616266946,0.0,0.0,0.25,0,0,0,0,1,0,0,1,0,0,0,0,7118
0.46296296296296297,0.0043859649122807015,0.6666666666666667,0.029197080291970805,0.5,1.0,0.25,1,0,1,0,0,0,0,0,1,0,0,1,21677
0.3148148148148148,0.006578947368421052,0.3333333333333333,0.013555787278415015,0.5,0.0,0.0,0,0,0,0,0,1,0,0,1,0,0,1,19677
0.1111111111111111,0.17105263157894735,1.0,0.04171011470281544,0.0,0.0,0.25,0,1,0,0,1,1,0,0,0,0,1,0,10411
0.6666666666666667,0.0043859649122807015,0.6666666666666667,0.02502606882168926,1.0,0.42857142857142855,0.125,0,0,0,1,0,0,0,1,0,0,0,1,28698
0.46296296296296297,0.0021929824561403508,0.0,0.0020855057351407717,1.0,1.0,1.0,1,0,0,1,1,0,0,0,0,0,1,0,32131
0.037037037037037035,0.0,0.3333333333333333,0.02502606882168926,0.0,0.0,0.125,0,0,0,1,1,0,0,0,0,0,0,0,4512
0.6296296296296295,0.0043859649122807015,0.0,0.004171011470281543,0.5,0.42857142857142855,0.25,1,0,1,0,1,0,1,0,0,1,1,0,25548
0.5925925925925926,0.0,0.0,0.008342022940563087,0.5,0.35714285714285715,0.25,0,0,1,0,1,0,0,0,0,0,1,0,20558
0.037037037037037035,0.0021929824561403508,0.6666666666666667,0.03545359749739312,0.0,0.0,0.25,1,0,0,0,1,0,0,0,0,0,0,0,4896
0.055555555555555525,0.0021929824561403508,0.3333333333333333,0.02085505735140772,0.0,0.0,0.25,0,0,0,1,1,0,0,0,0,0,0,0,5518
0.6851851851851851,0.0043859649122807015,0.6666666666666667,0.03232533889468196,1.0,0.42857142857142855,0.5,0,0,1,0,0,0,0,0,0,0,0,1,30040
0.8703703703703705,0.0043859649122807015,1.0,0.10218978102189781,0.5,0.8571428571428571,0.0,0,0,0,1,0,0,0,1,0,0,0,1,25272
0.16666666666666669,0.0043859649122807015,0.3333333333333333,0.021897810218978103,0.5,0.0,0.625,0,0,1,0,0,0,1,0,1,0,0,0,19433
0.22222222222222227,0.0043859649122807015,0.0,0.006256517205422314,0.0,0.42857142857142855,0.25,1,0,0,1,0,0,0,0,0,1,1,0,14154
0.7777777777777779,0.006578947368421052,0.3333333333333333,0.021897810218978103,1.0,0.42857142857142855,0.0,0,0,1,0,0,0,0,0,0,0,0,1,26467
0.18518518518518517,0.006578947368421052,0.3333333333333333,0.01251303441084463,0.5,0.35714285714285715,0.625,1,0,0,1,0,0,0,1,0,0,0,1,18830
0.7592592592592593,0.006578947368421052,0.0,0.0031282586027111575,0.5,0.42857142857142855,0.125,0,0,1,0,0,0,0,0,0,0,0,1,19860
0.25925925925925924,0.0043859649122807015,0.0,0.0010427528675703858,0.0,0.42857142857142855,0.625,0,1,0,0,0,0,0,0,1,0,1,0,14309
0.5185185185185186,0.008771929824561403,0.6666666666666667,0.029197080291970805,0.5,0.42857142857142855,0.625,1,1,0,0,0,1,0,0,0,1,0,1,28628
0.24074074074074076,0.006578947368421052,0.0,0.004171011470281543,0.0,0.42857142857142855,0.125,0,0,0,1,0,1,0,0,1,0,1,0,14834
0.25925925925925924,0.006578947368421052,0.0,0.00521376433785193,0.5,0.42857142857142855,1.0,0,0,1,0,0,0,0,0,0,1,1,0,23841
0.037037037037037035,0.0,1.0,0.0886339937434828,0.5,0.7857142857142857,0.625,1,0,0,1,1,0,1,0,0,0,0,0,16603
0.44444444444444436,0.0043859649122807015,0.0,0.0,0.5,0.42857142857142855,0.625,0,0,0,1,0,1,0,0,0,1,0,0,26930
0.09259259259259262,0.0021929824561403508,0.6666666666666667,0.027111574556830033,0.0,0.0,0.625,0,1,0,0,1,0,0,1,1,0,0,0,8773
0.1296296296296296,0.0,1.0,0.049009384775808136,0.5,0.0,1.0,1,0,1,0,1,0,1,0,0,0,0,1,14021
0.07407407407407407,0.0,0.6666666666666667,0.03649635036496351,0.0,0.0,1.0,1,0,0,1,1,0,0,0,0,0,0,0,8924
0.8518518518518519,0.0043859649122807015,0.6666666666666667,0.03545359749739312,1.0,0.35714285714285715,0.625,0,0,1,0,1,0,0,1,0,0,0,1,36648
0.1111111111111111,0.0,0.3333333333333333,0.023983315954118876,0.0,0.0,1.0,0,0,0,1,1,0,0,0,0,0,0,0,8864
0.055555555555555525,0.0021929824561403508,0.6666666666666667,0.03649635036496351,0.0,0.0,0.5,1,0,0,1,1,0,0,0,0,0,0,0,7247
0.2962962962962962,0.008771929824561403,0.6666666666666667,0.03753910323253389,0.0,0.35714285714285715,0.25,1,1,0,0,0,0,1,0,0,1,1,0,16203
0.14814814814814814,1.0,0.0,0.008342022940563087,0.0,0.0,0.125,0,0,0,0,1,0,0,1,0,0,1,0,8739
0.055555555555555525,0.0,0.3333333333333333,0.010427528675703858,0.5,0.0,0.25,0,1,0,0,1,0,0,1,0,0,0,0,9462
0.09259259259259262,0.0,0.3333333333333333,0.01564129301355579,0.5,0.0,0.5,1,0,1,0,1,0,0,1,1,0,0,0,11002
0.7407407407407407,0.0,0.6666666666666667,0.02502606882168926,1.0,0.42857142857142855,0.625,1,0,0,1,1,0,1,0,0,1,0,1,36158
0.2962962962962962,0.008771929824561403,1.0,0.10010427528675704,1.0,0.0,0.25,0,0,1,0,0,0,1,0,1,0,0,0,24902
0.6111111111111112,0.008771929824561403,0.3333333333333333,0.014598540145985403,1.0,0.42857142857142855,0.5,1,0,0,0,0,0,1,0,0,1,0,1,33671
0.6296296296296295,0.0043859649122807015,0.6666666666666667,0.03753910323253389,1.0,0.5714285714285714,0.25,1,0,1,0,0,1,0,0,0,0,0,1,35791
0.537037037037037,0.006578947368421052,0.3333333333333333,0.016684045881126174,1.0,0.42857142857142855,0.625,1,1,0,0,0,1,0,0,0,1,0,1,36334
0.7777777777777779,0.010964912280701754,0.0,0.0072992700729927005,0.5,0.42857142857142855,0.125,0,0,0,0,0,0,0,1,0,0,1,0,19285
0.49999999999999994,0.0043859649122807015,0.6666666666666667,0.02502606882168926,0.5,0.5714285714285714,0.25,0,1,0,0,1,0,0,0,0,0,0,0,21605
0.6296296296296295,0.0043859649122807015,1.0,0.07299270072992702,1.0,0.5714285714285714,0.5,0,0,1,0,0,0,0,0,1,0,0,1,34734
0.46296296296296297,0.008771929824561403,0.0,0.0031282586027111575,0.0,0.42857142857142855,0.625,0,0,1,0,0,0,1,0,0,0,0,0,15083
0.018518518518518545,0.0,0.6666666666666667,0.027111574556830033,0.0,0.0,0.125,1,0,0,0,1,1,0,0,0,0,0,0,8434
0.3333333333333333,0.006578947368421052,0.3333333333333333,0.009384775808133473,0.5,0.42857142857142855,0.125,1,0,1,0,0,0,0,0,0,1,1,0,18939
0.49999999999999994,0.006578947368421052,1.0,0.0740354535974974,1.0,0.42857142857142855,0.625,1,1,0,0,0,1,0,0,0,0,0,1,29017
0.7592592592592593,0.0043859649122807015,0.3333333333333333,0.013555787278415015,1.0,0.42857142857142855,0.625,0,0,0,0,0,0,1,0,0,0,0,0,31916
0.20370370370370366,0.0043859649122807015,0.3333333333333333,0.01772679874869656,1.0,0.0,0.125,1,0,1,0,0,1,0,0,0,1,0,1,29068
0.574074074074074,0.0,0.0,0.0031282586027111575,0.5,0.35714285714285715,0.125,0,0,1,0,1,0,1,0,0,0,0,1,21594
0.7037037037037037,0.17105263157894735,0.0,0.0072992700729927005,0.5,0.42857142857142855,0.25,0,0,0,1,0,0,0,0,0,0,1,0,19666
0.7037037037037037,0.0,0.3333333333333333,0.018769551616266946,1.0,0.42857142857142855,0.625,1,1,0,0,1,0,1,0,0,1,0,1,34231
0.6296296296296295,0.010964912280701754,0.6666666666666667,0.03545359749739312,1.0,0.35714285714285715,0.125,0,0,0,0,0,1,0,0,0,0,0,0,32409
0.055555555555555525,0.0,1.0,0.08133472367049009,0.5,0.0,0.25,1,0,1,0,1,0,0,0,0,0,1,0,8979
0.6481481481481481,0.006578947368421052,0.3333333333333333,0.016684045881126174,1.0,0.35714285714285715,0.0,1,0,0,0,0,0,0,1,0,0,1,0,27062
0.07407407407407407,0.0043859649122807015,0.6666666666666667,0.029197080291970805,1.0,0.8571428571428571,0.25,0,0,0,1,1,0,0,0,1,0,1,0,17026
0.6851851851851851,0.006578947368421052,0.6666666666666667,0.03753910323253389,0.5,0.0,0.5,0,0,0,1,0,1,0,0,0,0,0,1,23595
0.037037037037037035,0.0,0.3333333333333333,0.01772679874869656,0.0,0.0,0.25,1,0,0,1,1,0,0,1,0,1,0,0,9567
0.49999999999999994,0.0,0.3333333333333333,0.02085505735140772,0.5,0.42857142857142855,0.125,1,0,0,1,1,0,0,0,0,1,0,1,19483
